timestamp,packV,packI,cell1,cell2,cell3,cell4,cell5,cell6,cell7,cell8,cell9,cell10,cell11,cell12,cell13,cell14,cell15,cell16,cell17,cell18,cell19,cell20,cell21,cell22,cell23,cell24,cell25,cell26,cell27,cell28,cell29,cell30,cell31,cell32,cell33,cell34,cell35,cell36,cell37,cell38,cell39,cell40,cell41,cell42,cell43,cell44,cell45,cell46,cell47,cell48,cell49,cell50,cell51,cell52,cell53,cell54,cell55,cell56,cell57,cell58,cell59,cell60,cell61,cell62,cell63,cell64,cell65,cell66,cell67,cell68,cell69,cell70,cell71,cell72,cell73,cell74,cell75,cell76,cell77,cell78,cell79,cell80,cell81,cell82,cell83,cell84,cell85,cell86,cell87,cell88,cell89,cell90,cell91,cell92,cell93,cell94,cell95,cell96,cell97,cell98,cell99,cell100,cell101,cell102,cell103,cell104,cell105,cell106,cell107,cell108,cell109,cell110,cell111,cell112,cell113,cell114,cell115,cell116,cell117,cell118,cell119,cell120,cell121,cell122,cell123,cell124,cell125,cell126,cell127,cell128,cell129,cell130,cell131,cell132,cell133,cell134,cell135,cell136,cell137,cell138,cell139,cell140,cell141,cell142,cell143,cell144,cell145,cell146,cell147,cell148,cell149,cell150,cell151,cell152,cell153,cell154,cell155,cell156,cell157,cell158,cell159,cell160,cell161,cell162,cell163,cell164,cell165,cell166,cell167,cell168,cell169,cell170,cell171,cell172,cell173,cell174,cell175,cell176,cell177,cell178,cell179,cell180,cell181,cell182,cell183,cell184,cell185,cell186,cell187,cell188,cell189,cell190,cell191,cell192
2026-08-24 17:04:05,100.9,1.3,3.879,3.885,3.881,3.882,3.881,3.882,3.880,3.880,3.883,3.877,3.883,3.883,3.913,3.883,3.879,3.884,3.886,3.881,3.879,3.882,3.879,3.882,3.882,3.883,3.885,3.829
2026-08-24 17:04:05,100.9,1.3,3.879,3.885,3.881,3.882,3.881,3.882,3.880,3.880,3.883,3.877,3.883,3.883,3.913,3.883,3.879,3.884,3.886,3.881,3.879,3.882,3.879,3.882,3.882,3.883,3.885,3.829
2026-08-24 17:04:05,100.9,1.3,3.879,3.885,3.881,3.882,3.881,3.882,3.880,3.880,3.883,3.877,3.883,3.883,3.913,3.883,3.879,3.884,3.886,3.881,3.879,3.882,3.879,3.882,3.882,3.883,3.885,3.829
2026-08-24 17:04:05,100.9,1.3,3.879,3.885,3.881,3.882,3.881,3.882,3.880,3.880,3.883,3.877,3.883,3.883,3.913,3.883,3.879,3.884,3.886,3.881,3.879,3.882,3.879,3.882,3.882,3.883,3.885,3.829
2026-08-24 17:04:05,100.9,1.3,3.878,3.883,3.880,3.880,3.881,3.882,3.880,3.880,3.883,3.877,3.883,3.883,3.913,3.883,3.879,3.884,3.886,3.881,3.879,3.882,3.879,3.882,3.882,3.883,3.885,3.829
2026-08-24 17:04:05,100.9,1.3,3.878,3.883,3.880,3.880,3.880,3.880,3.879,3.880,3.883,3.877,3.883,3.883,3.913,3.883,3.879,3.884,3.886,3.881,3.879,3.882,3.879,3.882,3.882,3.883,3.885,3.829
2026-08-24 17:04:05,100.9,1.3,3.878,3.883,3.880,3.880,3.880,3.880,3.879,3.880,3.881,3.876,3.883,3.883,3.913,3.883,3.879,3.884,3.886,3.881,3.879,3.882,3.879,3.882,3.882,3.883,3.885,3.829
2026-08-24 17:04:05,100.9,1.3,3.878,3.883,3.880,3.880,3.880,3.880,3.879,3.880,3.881,3.876,3.883,3.883,3.913,3.883,3.879,3.884,3.886,3.881,3.879,3.882,3.879,3.882,3.882,3.883,3.885,3.829
2026-08-24 17:04:05,100.9,1.3,3.878,3.883,3.880,3.880,3.880,3.880,3.879,3.880,3.881,3.876,3.882,3.883,3.913,3.881,3.879,3.884,3.886,3.881,3.879,3.882,3.879,3.882,3.882,3.883,3.885,3.829
2026-08-24 17:04:05,100.9,1.3,3.878,3.883,3.880,3.880,3.880,3.880,3.879,3.880,3.881,3.876,3.882,3.883,3.913,3.881,3.879,3.884,3.886,3.881,3.879,3.882,3.879,3.882,3.882,3.883,3.885,3.829
2026-08-24 17:04:05,100.9,2.1,3.878,3.883,3.880,3.880,3.880,3.880,3.879,3.880,3.881,3.876,3.882,3.883,3.913,3.881,3.877,3.883,3.885,3.881,3.878,3.881,3.879,3.882,3.881,3.882,3.884,3.828
2026-08-24 17:04:05,100.9,2.1,3.878,3.883,3.880,3.880,3.880,3.880,3.879,3.880,3.881,3.876,3.882,3.883,3.913,3.881,3.877,3.883,3.885,3.881,3.878,3.881,3.879,3.882,3.881,3.882,3.884,3.828
2026-08-24 17:04:05,100.9,2.1,3.878,3.883,3.880,3.880,3.880,3.880,3.879,3.880,3.881,3.876,3.882,3.883,3.913,3.881,3.877,3.883,3.885,3.881,3.878,3.881,3.879,3.882,3.881,3.882,3.884,3.828
2026-08-24 17:04:05,100.9,2.1,3.878,3.883,3.880,3.880,3.880,3.880,3.879,3.880,3.881,3.876,3.882,3.883,3.913,3.881,3.877,3.883,3.885,3.881,3.878,3.881,3.879,3.882,3.881,3.882,3.884,3.828
2026-08-24 17:04:05,100.9,2.1,3.878,3.882,3.880,3.880,3.880,3.880,3.879,3.880,3.881,3.876,3.882,3.883,3.913,3.881,3.877,3.883,3.885,3.881,3.878,3.881,3.879,3.882,3.881,3.882,3.884,3.828
2026-08-24 17:04:05,100.9,2.1,3.878,3.882,3.880,3.880,3.880,3.880,3.878,3.880,3.881,3.876,3.882,3.883,3.913,3.881,3.877,3.883,3.885,3.881,3.878,3.881,3.879,3.882,3.881,3.882,3.884,3.828
2026-08-24 17:04:05,100.9,2.1,3.878,3.882,3.880,3.880,3.880,3.880,3.878,3.880,3.880,3.875,3.882,3.883,3.913,3.881,3.877,3.883,3.885,3.881,3.878,3.881,3.879,3.882,3.881,3.882,3.884,3.828
2026-08-24 17:04:05,100.9,2.1,3.878,3.882,3.880,3.880,3.880,3.880,3.878,3.880,3.880,3.875,3.882,3.883,3.913,3.881,3.877,3.883,3.885,3.881,3.878,3.881,3.879,3.882,3.881,3.882,3.884,3.828
2026-08-24 17:04:05,100.8,2.1,3.878,3.882,3.880,3.880,3.880,3.880,3.878,3.880,3.880,3.875,3.882,3.882,3.913,3.881,3.877,3.883,3.885,3.881,3.878,3.881,3.879,3.882,3.881,3.882,3.884,3.828
2026-08-24 17:04:05,100.8,2.1,3.878,3.882,3.880,3.880,3.880,3.880,3.878,3.880,3.880,3.875,3.882,3.882,3.913,3.881,3.877,3.883,3.885,3.881,3.878,3.881,3.879,3.882,3.881,3.882,3.884,3.828
2026-08-24 17:04:05,100.8,2.1,3.878,3.882,3.880,3.880,3.880,3.880,3.878,3.880,3.880,3.875,3.882,3.882,3.913,3.881,3.876,3.882,3.884,3.880,3.877,3.880,3.878,3.882,3.880,3.882,3.883,3.827
2026-08-24 17:04:05,100.8,2.1,3.878,3.882,3.880,3.880,3.880,3.880,3.878,3.880,3.880,3.875,3.882,3.882,3.913,3.881,3.876,3.882,3.884,3.880,3.877,3.880,3.878,3.882,3.880,3.882,3.883,3.827
2026-08-24 17:04:05,100.8,2.1,3.878,3.882,3.880,3.880,3.880,3.880,3.878,3.880,3.880,3.875,3.882,3.882,3.913,3.881,3.876,3.882,3.884,3.880,3.877,3.880,3.878,3.882,3.880,3.882,3.883,3.827
2026-08-24 17:04:05,100.8,2.1,3.878,3.882,3.880,3.880,3.880,3.880,3.878,3.880,3.880,3.875,3.882,3.882,3.913,3.881,3.876,3.882,3.884,3.880,3.877,3.880,3.878,3.882,3.880,3.882,3.883,3.827
2026-08-24 17:04:05,100.8,2.1,3.878,3.882,3.880,3.880,3.880,3.880,3.878,3.880,3.880,3.875,3.882,3.882,3.913,3.881,3.876,3.882,3.884,3.880,3.877,3.880,3.878,3.882,3.880,3.882,3.883,3.827
2026-08-24 17:04:05,100.8,2.1,3.878,3.882,3.880,3.880,3.880,3.880,3.878,3.880,3.880,3.875,3.882,3.882,3.913,3.881,3.876,3.882,3.884,3.880,3.877,3.880,3.878,3.882,3.880,3.882,3.883,3.827
2026-08-24 17:04:06,100.8,4.4,3.875,3.881,3.879,3.879,3.880,3.880,3.878,3.880,3.880,3.875,3.880,3.880,3.912,3.879,3.876,3.882,3.884,3.880,3.877,3.880,3.878,3.882,3.880,3.882,3.883,3.827
2026-08-24 17:04:06,100.8,4.4,3.875,3.881,3.879,3.879,3.879,3.879,3.876,3.879,3.880,3.875,3.880,3.880,3.912,3.879,3.876,3.882,3.884,3.880,3.877,3.880,3.878,3.882,3.880,3.882,3.883,3.827
2026-08-24 17:04:06,100.8,4.4,3.875,3.881,3.879,3.879,3.879,3.879,3.876,3.879,3.880,3.874,3.880,3.880,3.912,3.879,3.876,3.882,3.884,3.880,3.877,3.880,3.878,3.882,3.880,3.882,3.883,3.827
2026-08-24 17:04:06,100.8,4.4,3.875,3.881,3.879,3.879,3.879,3.879,3.876,3.879,3.880,3.874,3.880,3.880,3.912,3.879,3.876,3.882,3.884,3.880,3.877,3.880,3.878,3.882,3.880,3.882,3.883,3.827
2026-08-24 17:04:06,100.8,4.4,3.875,3.881,3.879,3.879,3.879,3.879,3.876,3.879,3.880,3.874,3.880,3.880,3.912,3.879,3.876,3.882,3.884,3.880,3.877,3.880,3.878,3.882,3.880,3.882,3.883,3.827
2026-08-24 17:04:06,100.8,4.4,3.875,3.881,3.879,3.879,3.879,3.879,3.876,3.879,3.880,3.874,3.880,3.880,3.912,3.879,3.876,3.882,3.884,3.880,3.877,3.880,3.878,3.882,3.880,3.882,3.883,3.827
2026-08-24 17:04:06,100.8,4.4,3.875,3.881,3.879,3.879,3.879,3.879,3.876,3.879,3.880,3.874,3.880,3.880,3.912,3.879,3.876,3.882,3.884,3.880,3.877,3.880,3.878,3.882,3.880,3.882,3.883,3.827
2026-08-24 17:04:06,100.8,4.4,3.875,3.881,3.879,3.879,3.879,3.879,3.876,3.879,3.880,3.874,3.880,3.880,3.912,3.879,3.876,3.882,3.884,3.880,3.877,3.880,3.878,3.882,3.880,3.882,3.883,3.827
2026-08-24 17:04:06,100.8,4.4,3.875,3.881,3.879,3.879,3.879,3.879,3.876,3.879,3.880,3.874,3.880,3.880,3.912,3.879,3.876,3.882,3.884,3.880,3.877,3.880,3.878,3.882,3.880,3.882,3.883,3.827
2026-08-24 17:04:06,100.8,7.0,3.872,3.879,3.877,3.877,3.879,3.879,3.876,3.879,3.880,3.874,3.879,3.877,3.909,3.877,3.874,3.880,3.881,3.876,3.875,3.876,3.875,3.877,3.876,3.877,3.879,3.820
2026-08-24 17:04:06,100.8,7.0,3.872,3.879,3.877,3.877,3.876,3.877,3.874,3.876,3.880,3.874,3.879,3.877,3.909,3.877,3.874,3.880,3.881,3.876,3.875,3.876,3.875,3.877,3.876,3.877,3.879,3.820
2026-08-24 17:04:06,100.8,7.0,3.872,3.879,3.877,3.877,3.876,3.877,3.874,3.876,3.877,3.873,3.879,3.877,3.909,3.877,3.874,3.880,3.881,3.876,3.875,3.876,3.875,3.877,3.876,3.877,3.879,3.820
2026-08-24 17:04:06,100.8,7.0,3.872,3.879,3.877,3.877,3.876,3.877,3.874,3.876,3.877,3.873,3.879,3.877,3.909,3.877,3.874,3.880,3.881,3.876,3.875,3.876,3.875,3.877,3.876,3.877,3.879,3.820
2026-08-24 17:04:06,100.8,7.0,3.872,3.879,3.877,3.877,3.876,3.877,3.874,3.876,3.877,3.873,3.879,3.877,3.909,3.877,3.874,3.880,3.881,3.876,3.875,3.876,3.875,3.877,3.876,3.877,3.879,3.820
2026-08-24 17:04:06,100.8,7.0,3.872,3.879,3.877,3.877,3.876,3.877,3.874,3.876,3.877,3.873,3.879,3.877,3.909,3.877,3.874,3.880,3.881,3.876,3.875,3.876,3.875,3.877,3.876,3.877,3.879,3.820
2026-08-24 17:04:06,100.8,7.0,3.872,3.879,3.877,3.877,3.876,3.877,3.874,3.876,3.877,3.873,3.879,3.877,3.909,3.877,3.874,3.880,3.881,3.876,3.875,3.876,3.875,3.877,3.876,3.877,3.879,3.820
2026-08-24 17:04:06,100.8,7.0,3.872,3.879,3.877,3.877,3.876,3.877,3.874,3.876,3.877,3.873,3.879,3.877,3.909,3.877,3.874,3.880,3.881,3.876,3.875,3.876,3.875,3.877,3.876,3.877,3.879,3.820
2026-08-24 17:04:06,100.7,7.0,3.872,3.879,3.877,3.877,3.876,3.877,3.874,3.876,3.877,3.873,3.879,3.877,3.909,3.877,3.874,3.880,3.881,3.876,3.875,3.876,3.875,3.877,3.876,3.877,3.879,3.820
2026-08-24 17:04:06,100.7,7.0,3.872,3.879,3.877,3.877,3.876,3.877,3.874,3.876,3.877,3.873,3.879,3.877,3.909,3.877,3.874,3.880,3.881,3.876,3.875,3.876,3.875,3.877,3.876,3.877,3.879,3.820
2026-08-24 17:04:06,100.7,7.0,3.872,3.879,3.877,3.877,3.876,3.877,3.874,3.876,3.877,3.873,3.879,3.877,3.909,3.877,3.874,3.880,3.881,3.876,3.875,3.876,3.875,3.877,3.876,3.877,3.879,3.820
2026-08-24 17:04:06,100.7,7.9,3.872,3.878,3.875,3.875,3.876,3.877,3.874,3.876,3.877,3.873,3.877,3.877,3.908,3.876,3.873,3.879,3.881,3.875,3.874,3.876,3.874,3.877,3.876,3.876,3.879,3.819
2026-08-24 17:04:06,100.7,7.9,3.872,3.878,3.875,3.875,3.875,3.875,3.874,3.874,3.877,3.873,3.877,3.877,3.908,3.876,3.873,3.879,3.881,3.875,3.874,3.876,3.874,3.877,3.876,3.876,3.879,3.819
2026-08-24 17:04:06,100.7,7.9,3.872,3.878,3.875,3.875,3.875,3.875,3.874,3.874,3.876,3.871,3.877,3.877,3.908,3.876,3.873,3.879,3.881,3.875,3.874,3.876,3.874,3.877,3.876,3.876,3.879,3.819
2026-08-24 17:04:06,100.7,7.9,3.872,3.878,3.875,3.875,3.875,3.875,3.874,3.874,3.876,3.871,3.877,3.877,3.908,3.876,3.873,3.879,3.881,3.875,3.874,3.876,3.874,3.877,3.876,3.876,3.879,3.819
2026-08-24 17:04:06,100.7,7.9,3.872,3.878,3.875,3.875,3.875,3.875,3.874,3.874,3.876,3.871,3.877,3.877,3.908,3.876,3.873,3.879,3.881,3.875,3.874,3.876,3.874,3.877,3.876,3.876,3.879,3.819
2026-08-24 17:04:06,100.7,7.9,3.872,3.878,3.875,3.875,3.875,3.875,3.874,3.874,3.876,3.871,3.877,3.877,3.908,3.876,3.873,3.879,3.881,3.875,3.874,3.876,3.874,3.877,3.876,3.876,3.879,3.819
2026-08-24 17:04:06,100.7,8.4,3.872,3.878,3.875,3.875,3.875,3.875,3.874,3.874,3.876,3.871,3.877,3.877,3.908,3.876,3.873,3.879,3.881,3.875,3.874,3.876,3.874,3.877,3.876,3.876,3.879,3.819
2026-08-24 17:04:06,100.7,8.4,3.872,3.878,3.875,3.875,3.875,3.875,3.874,3.874,3.876,3.871,3.877,3.877,3.908,3.876,3.873,3.879,3.881,3.875,3.874,3.876,3.874,3.877,3.876,3.876,3.879,3.819
2026-08-24 17:04:06,100.7,8.4,3.872,3.878,3.875,3.875,3.875,3.875,3.874,3.874,3.876,3.871,3.877,3.877,3.908,3.876,3.873,3.879,3.881,3.875,3.874,3.876,3.874,3.877,3.876,3.876,3.879,3.819
2026-08-24 17:04:06,100.7,8.4,3.872,3.878,3.875,3.875,3.875,3.875,3.874,3.874,3.876,3.871,3.877,3.877,3.908,3.876,3.873,3.879,3.881,3.875,3.874,3.876,3.874,3.877,3.876,3.876,3.879,3.819
2026-08-24 17:04:06,100.7,8.4,3.871,3.878,3.875,3.875,3.875,3.875,3.874,3.874,3.876,3.871,3.877,3.876,3.907,3.874,3.873,3.878,3.880,3.875,3.873,3.875,3.874,3.876,3.875,3.875,3.879,3.818
2026-08-24 17:04:06,100.7,8.4,3.871,3.878,3.875,3.875,3.874,3.874,3.874,3.874,3.876,3.871,3.877,3.876,3.907,3.874,3.873,3.878,3.880,3.875,3.873,3.875,3.874,3.876,3.875,3.875,3.879,3.818
2026-08-24 17:04:06,100.7,8.4,3.871,3.878,3.875,3.875,3.874,3.874,3.874,3.874,3.875,3.871,3.877,3.876,3.907,3.874,3.873,3.878,3.880,3.875,3.873,3.875,3.874,3.876,3.875,3.875,3.879,3.818
2026-08-24 17:04:06,100.7,8.4,3.871,3.878,3.875,3.875,3.874,3.874,3.874,3.874,3.875,3.871,3.877,3.876,3.907,3.874,3.873,3.878,3.880,3.875,3.873,3.875,3.874,3.876,3.875,3.875,3.879,3.818
2026-08-24 17:04:06,100.7,8.4,3.871,3.878,3.875,3.875,3.874,3.874,3.874,3.874,3.875,3.871,3.877,3.876,3.907,3.874,3.873,3.878,3.880,3.875,3.873,3.875,3.874,3.876,3.875,3.875,3.879,3.818
2026-08-24 17:04:06,100.7,8.4,3.871,3.878,3.875,3.875,3.874,3.874,3.874,3.874,3.875,3.871,3.877,3.876,3.907,3.874,3.873,3.878,3.880,3.875,3.873,3.875,3.874,3.876,3.875,3.875,3.879,3.818
2026-08-24 17:04:07,100.7,11.4,3.871,3.878,3.875,3.875,3.874,3.874,3.874,3.874,3.875,3.871,3.877,3.876,3.907,3.874,3.873,3.878,3.880,3.875,3.873,3.875,3.874,3.876,3.875,3.875,3.879,3.818
2026-08-24 17:04:07,100.7,11.4,3.871,3.878,3.875,3.875,3.874,3.874,3.874,3.874,3.875,3.871,3.877,3.876,3.907,3.874,3.873,3.878,3.880,3.875,3.873,3.875,3.874,3.876,3.875,3.875,3.879,3.818
2026-08-24 17:04:07,100.7,11.4,3.871,3.878,3.875,3.875,3.874,3.874,3.874,3.874,3.875,3.871,3.877,3.876,3.907,3.874,3.873,3.878,3.880,3.875,3.873,3.875,3.874,3.876,3.875,3.875,3.879,3.818
2026-08-24 17:04:07,100.7,11.4,3.871,3.878,3.875,3.875,3.874,3.874,3.874,3.874,3.875,3.871,3.877,3.876,3.907,3.874,3.873,3.878,3.880,3.875,3.873,3.875,3.874,3.876,3.875,3.875,3.879,3.818
2026-08-24 17:04:07,100.7,11.4,3.867,3.874,3.872,3.872,3.874,3.874,3.874,3.874,3.875,3.871,3.873,3.873,3.905,3.870,3.873,3.878,3.880,3.875,3.873,3.875,3.874,3.876,3.875,3.875,3.879,3.818
2026-08-24 17:04:07,100.7,11.4,3.867,3.874,3.872,3.872,3.872,3.872,3.870,3.871,3.875,3.871,3.873,3.873,3.905,3.870,3.873,3.878,3.880,3.875,3.873,3.875,3.874,3.876,3.875,3.875,3.879,3.818
2026-08-24 17:04:07,100.7,11.4,3.867,3.874,3.872,3.872,3.872,3.872,3.870,3.871,3.871,3.866,3.873,3.873,3.905,3.870,3.873,3.878,3.880,3.875,3.873,3.875,3.874,3.876,3.875,3.875,3.879,3.818
2026-08-24 17:04:07,100.7,11.4,3.867,3.874,3.872,3.872,3.872,3.872,3.870,3.871,3.871,3.866,3.873,3.873,3.905,3.870,3.873,3.878,3.880,3.875,3.873,3.875,3.874,3.876,3.875,3.875,3.879,3.818
2026-08-24 17:04:07,100.6,11.4,3.867,3.874,3.872,3.872,3.872,3.872,3.870,3.871,3.871,3.866,3.873,3.873,3.905,3.870,3.868,3.875,3.876,3.871,3.873,3.875,3.874,3.876,3.875,3.875,3.879,3.818
2026-08-24 17:04:07,100.6,11.4,3.867,3.874,3.872,3.872,3.872,3.872,3.870,3.871,3.871,3.866,3.873,3.873,3.905,3.870,3.863,3.869,3.870,3.864,3.865,3.865,3.864,3.868,3.865,3.865,3.869,3.803
2026-08-24 17:04:07,100.6,11.4,3.867,3.874,3.872,3.872,3.872,3.872,3.870,3.871,3.871,3.866,3.873,3.873,3.905,3.870,3.863,3.869,3.870,3.864,3.865,3.865,3.864,3.868,3.865,3.865,3.869,3.803
2026-08-24 17:04:07,100.6,11.4,3.867,3.874,3.872,3.872,3.872,3.872,3.870,3.871,3.871,3.866,3.873,3.873,3.905,3.870,3.863,3.869,3.870,3.864,3.865,3.865,3.864,3.868,3.865,3.865,3.869,3.803
2026-08-24 17:04:07,100.6,11.4,3.867,3.874,3.872,3.872,3.872,3.872,3.870,3.871,3.871,3.866,3.873,3.873,3.905,3.870,3.863,3.869,3.870,3.864,3.865,3.865,3.864,3.868,3.865,3.865,3.869,3.803
2026-08-24 17:04:07,100.6,11.4,3.859,3.868,3.865,3.865,3.872,3.872,3.870,3.871,3.871,3.866,3.867,3.865,3.897,3.863,3.863,3.869,3.870,3.864,3.865,3.865,3.864,3.868,3.865,3.865,3.869,3.803
2026-08-24 17:04:07,100.6,11.4,3.859,3.868,3.865,3.865,3.865,3.864,3.863,3.864,3.871,3.866,3.867,3.865,3.897,3.863,3.863,3.869,3.870,3.864,3.865,3.865,3.864,3.868,3.865,3.865,3.869,3.803
2026-08-24 17:04:07,100.6,11.4,3.859,3.868,3.865,3.865,3.865,3.864,3.863,3.864,3.865,3.860,3.867,3.865,3.897,3.863,3.863,3.869,3.870,3.864,3.865,3.865,3.864,3.868,3.865,3.865,3.869,3.803
2026-08-24 17:04:07,100.6,11.4,3.859,3.868,3.865,3.865,3.865,3.864,3.863,3.864,3.865,3.860,3.867,3.865,3.897,3.863,3.863,3.869,3.870,3.864,3.865,3.865,3.864,3.868,3.865,3.865,3.869,3.803
2026-08-24 17:04:07,100.4,11.4,3.859,3.868,3.865,3.865,3.865,3.864,3.863,3.864,3.865,3.860,3.867,3.865,3.897,3.863,3.863,3.869,3.870,3.864,3.865,3.865,3.864,3.868,3.865,3.865,3.869,3.803
2026-08-24 17:04:07,100.4,11.4,3.859,3.868,3.865,3.865,3.865,3.864,3.863,3.864,3.865,3.860,3.867,3.865,3.897,3.863,3.863,3.869,3.870,3.864,3.865,3.865,3.864,3.868,3.865,3.865,3.869,3.803
2026-08-24 17:04:07,100.4,11.4,3.859,3.868,3.865,3.865,3.865,3.864,3.863,3.864,3.865,3.860,3.867,3.865,3.897,3.863,3.863,3.869,3.870,3.864,3.865,3.865,3.864,3.868,3.865,3.865,3.869,3.803
2026-08-24 17:04:07,100.4,11.4,3.859,3.868,3.865,3.865,3.865,3.864,3.863,3.864,3.865,3.860,3.867,3.865,3.897,3.863,3.863,3.869,3.870,3.864,3.865,3.865,3.864,3.868,3.865,3.865,3.869,3.803
2026-08-24 17:04:07,100.4,11.4,3.859,3.868,3.865,3.865,3.865,3.864,3.863,3.864,3.865,3.860,3.867,3.865,3.897,3.863,3.857,3.864,3.865,3.858,3.859,3.860,3.859,3.862,3.865,3.865,3.869,3.803
2026-08-24 17:04:07,100.4,11.4,3.859,3.868,3.865,3.865,3.865,3.864,3.863,3.864,3.865,3.860,3.867,3.865,3.897,3.863,3.857,3.864,3.865,3.858,3.859,3.860,3.859,3.862,3.865,3.865,3.869,3.803
2026-08-24 17:04:07,100.4,11.4,3.859,3.868,3.865,3.865,3.865,3.864,3.863,3.864,3.865,3.860,3.867,3.865,3.897,3.863,3.857,3.864,3.865,3.858,3.859,3.860,3.859,3.862,3.865,3.865,3.869,3.803
2026-08-24 17:04:07,100.4,11.4,3.859,3.868,3.865,3.865,3.865,3.864,3.863,3.864,3.865,3.860,3.867,3.865,3.897,3.863,3.857,3.864,3.865,3.858,3.859,3.860,3.859,3.862,3.865,3.865,3.869,3.803
2026-08-24 17:04:07,100.3,11.4,3.852,3.862,3.860,3.860,3.865,3.864,3.863,3.864,3.865,3.860,3.861,3.859,3.892,3.856,3.857,3.864,3.865,3.858,3.859,3.860,3.859,3.862,3.865,3.865,3.869,3.803
2026-08-24 17:04:07,100.3,11.4,3.852,3.862,3.860,3.860,3.860,3.858,3.858,3.858,3.865,3.860,3.861,3.859,3.892,3.856,3.857,3.864,3.865,3.858,3.859,3.860,3.859,3.862,3.865,3.865,3.869,3.803
2026-08-24 17:04:07,100.3,11.4,3.852,3.862,3.860,3.860,3.860,3.858,3.858,3.858,3.859,3.854,3.861,3.859,3.892,3.856,3.857,3.864,3.865,3.858,3.859,3.860,3.859,3.862,3.865,3.865,3.869,3.803
2026-08-24 17:04:07,100.3,11.4,3.852,3.862,3.860,3.860,3.860,3.858,3.858,3.858,3.859,3.854,3.861,3.859,3.892,3.856,3.857,3.864,3.865,3.858,3.859,3.860,3.859,3.862,3.865,3.865,3.869,3.803
2026-08-24 17:04:07,100.3,30.5,3.852,3.862,3.860,3.860,3.860,3.858,3.858,3.858,3.859,3.854,3.861,3.859,3.892,3.856,3.857,3.864,3.865,3.858,3.859,3.860,3.859,3.862,3.860,3.858,3.863,3.792
2026-08-24 17:04:07,100.3,30.5,3.852,3.862,3.860,3.860,3.860,3.858,3.858,3.858,3.859,3.854,3.861,3.859,3.892,3.856,3.857,3.864,3.865,3.858,3.859,3.860,3.859,3.862,3.860,3.858,3.863,3.792
2026-08-24 17:04:07,100.3,30.5,3.852,3.862,3.860,3.860,3.860,3.858,3.858,3.858,3.859,3.854,3.861,3.859,3.892,3.856,3.857,3.864,3.865,3.858,3.859,3.860,3.859,3.862,3.860,3.858,3.863,3.792
2026-08-24 17:04:07,100.3,30.5,3.852,3.862,3.860,3.860,3.860,3.858,3.858,3.858,3.859,3.854,3.861,3.859,3.892,3.856,3.857,3.864,3.865,3.858,3.859,3.860,3.859,3.862,3.860,3.858,3.863,3.792
2026-08-24 17:04:07,100.3,30.5,3.852,3.862,3.860,3.860,3.860,3.858,3.858,3.858,3.859,3.854,3.861,3.859,3.892,3.856,3.854,3.860,3.860,3.854,3.855,3.855,3.856,3.858,3.855,3.852,3.859,3.784
2026-08-24 17:04:07,100.3,30.5,3.852,3.862,3.860,3.860,3.860,3.858,3.858,3.858,3.859,3.854,3.861,3.859,3.892,3.856,3.854,3.860,3.860,3.854,3.855,3.855,3.856,3.858,3.855,3.852,3.859,3.784
2026-08-24 17:04:07,100.3,30.5,3.852,3.862,3.860,3.860,3.860,3.858,3.858,3.858,3.859,3.854,3.861,3.859,3.892,3.856,3.854,3.860,3.860,3.854,3.855,3.855,3.856,3.858,3.855,3.852,3.859,3.784
2026-08-24 17:04:07,100.3,30.5,3.852,3.862,3.860,3.860,3.860,3.858,3.858,3.858,3.859,3.854,3.861,3.859,3.892,3.856,3.854,3.860,3.860,3.854,3.855,3.855,3.856,3.858,3.855,3.852,3.859,3.784
2026-08-24 17:04:07,100.2,30.5,3.849,3.859,3.856,3.856,3.860,3.858,3.858,3.858,3.859,3.854,3.858,3.856,3.888,3.850,3.854,3.860,3.860,3.854,3.855,3.855,3.856,3.858,3.855,3.852,3.859,3.784
2026-08-24 17:04:08,100.2,30.5,3.849,3.859,3.856,3.856,3.856,3.855,3.854,3.855,3.859,3.854,3.858,3.856,3.888,3.850,3.854,3.860,3.860,3.854,3.855,3.855,3.856,3.858,3.855,3.852,3.859,3.784
2026-08-24 17:04:08,100.2,30.5,3.849,3.859,3.856,3.856,3.856,3.855,3.854,3.855,3.856,3.850,3.858,3.856,3.888,3.850,3.854,3.860,3.860,3.854,3.855,3.855,3.856,3.858,3.855,3.852,3.859,3.784
2026-08-24 17:04:08,100.2,30.5,3.849,3.859,3.856,3.856,3.856,3.855,3.854,3.855,3.856,3.850,3.858,3.856,3.888,3.850,3.854,3.860,3.860,3.854,3.855,3.855,3.856,3.858,3.855,3.852,3.859,3.784
2026-08-24 17:04:08,100.2,30.5,3.849,3.859,3.856,3.856,3.856,3.855,3.854,3.855,3.856,3.850,3.858,3.856,3.888,3.850,3.854,3.860,3.860,3.854,3.855,3.855,3.856,3.858,3.855,3.852,3.859,3.784
2026-08-24 17:04:08,100.2,30.5,3.849,3.859,3.856,3.856,3.856,3.855,3.854,3.855,3.856,3.850,3.858,3.856,3.888,3.850,3.854,3.860,3.860,3.854,3.855,3.855,3.856,3.858,3.855,3.852,3.859,3.784
2026-08-24 17:04:08,100.2,30.5,3.849,3.859,3.856,3.856,3.856,3.855,3.854,3.855,3.856,3.850,3.858,3.856,3.888,3.850,3.854,3.860,3.860,3.854,3.855,3.855,3.856,3.858,3.855,3.852,3.859,3.784
2026-08-24 17:04:08,100.2,30.5,3.849,3.859,3.856,3.856,3.856,3.855,3.854,3.855,3.856,3.850,3.858,3.856,3.888,3.850,3.854,3.860,3.860,3.854,3.855,3.855,3.856,3.858,3.855,3.852,3.859,3.784
2026-08-24 17:04:08,100.2,30.5,3.849,3.859,3.856,3.856,3.856,3.855,3.854,3.855,3.856,3.850,3.858,3.856,3.888,3.850,3.854,3.860,3.860,3.854,3.855,3.855,3.856,3.858,3.855,3.852,3.859,3.784
2026-08-24 17:04:08,100.2,30.5,3.849,3.859,3.856,3.856,3.856,3.855,3.854,3.855,3.856,3.850,3.858,3.856,3.888,3.850,3.854,3.860,3.860,3.854,3.855,3.855,3.856,3.858,3.855,3.852,3.859,3.784
2026-08-24 17:04:08,100.2,30.5,3.849,3.859,3.856,3.856,3.856,3.855,3.854,3.855,3.856,3.850,3.858,3.856,3.888,3.850,3.854,3.860,3.860,3.854,3.855,3.855,3.856,3.858,3.855,3.852,3.859,3.784
2026-08-24 17:04:08,100.1,30.5,3.849,3.859,3.856,3.856,3.856,3.855,3.854,3.855,3.856,3.850,3.858,3.856,3.888,3.850,3.854,3.860,3.860,3.854,3.855,3.855,3.856,3.858,3.855,3.852,3.859,3.784
2026-08-24 17:04:08,100.1,40.5,3.843,3.854,3.852,3.851,3.851,3.849,3.849,3.849,3.850,3.844,3.854,3.851,3.884,3.845,3.850,3.857,3.857,3.851,3.855,3.855,3.856,3.858,3.855,3.852,3.859,3.784
2026-08-24 17:04:08,100.1,40.5,3.843,3.854,3.852,3.851,3.851,3.849,3.849,3.849,3.850,3.844,3.854,3.851,3.884,3.845,3.842,3.849,3.849,3.842,3.844,3.844,3.844,3.846,3.843,3.838,3.847,3.763
2026-08-24 17:04:08,100.1,40.5,3.843,3.854,3.852,3.851,3.851,3.849,3.849,3.849,3.850,3.844,3.854,3.851,3.884,3.845,3.842,3.849,3.849,3.842,3.844,3.844,3.844,3.846,3.843,3.838,3.847,3.763
2026-08-24 17:04:08,100.1,40.5,3.843,3.854,3.852,3.851,3.851,3.849,3.849,3.849,3.850,3.844,3.854,3.851,3.884,3.845,3.842,3.849,3.849,3.842,3.844,3.844,3.844,3.846,3.843,3.838,3.847,3.763
2026-08-24 17:04:08,100.1,40.5,3.843,3.854,3.852,3.851,3.851,3.849,3.849,3.849,3.850,3.844,3.854,3.851,3.884,3.845,3.842,3.849,3.849,3.842,3.844,3.844,3.844,3.846,3.843,3.838,3.847,3.763
2026-08-24 17:04:08,100.1,40.5,3.843,3.854,3.852,3.851,3.851,3.849,3.849,3.849,3.850,3.844,3.854,3.851,3.884,3.845,3.842,3.849,3.849,3.842,3.844,3.844,3.844,3.846,3.843,3.838,3.847,3.763
2026-08-24 17:04:08,100.1,54.7,3.827,3.840,3.838,3.838,3.851,3.849,3.849,3.849,3.850,3.844,3.854,3.851,3.884,3.845,3.842,3.849,3.849,3.842,3.844,3.844,3.844,3.846,3.843,3.838,3.847,3.763
2026-08-24 17:04:08,100.1,54.7,3.827,3.840,3.838,3.838,3.838,3.836,3.836,3.837,3.850,3.844,3.854,3.851,3.884,3.845,3.842,3.849,3.849,3.842,3.844,3.844,3.844,3.846,3.843,3.838,3.847,3.763
2026-08-24 17:04:08,100.1,54.7,3.827,3.840,3.838,3.838,3.838,3.836,3.836,3.837,3.837,3.832,3.854,3.851,3.884,3.845,3.842,3.849,3.849,3.842,3.844,3.844,3.844,3.846,3.843,3.838,3.847,3.763
2026-08-24 17:04:08,100.1,54.7,3.827,3.840,3.838,3.838,3.838,3.836,3.836,3.837,3.837,3.832,3.854,3.851,3.884,3.845,3.842,3.849,3.849,3.842,3.844,3.844,3.844,3.846,3.843,3.838,3.847,3.763
2026-08-24 17:04:08,100.1,54.7,3.827,3.840,3.838,3.838,3.838,3.836,3.836,3.837,3.837,3.832,3.841,3.836,3.870,3.830,3.832,3.838,3.839,3.831,3.844,3.844,3.844,3.846,3.843,3.838,3.847,3.763
2026-08-24 17:04:08,100.1,54.7,3.827,3.840,3.838,3.838,3.838,3.836,3.836,3.837,3.837,3.832,3.841,3.836,3.870,3.830,3.832,3.838,3.839,3.831,3.844,3.844,3.844,3.846,3.843,3.838,3.847,3.763
2026-08-24 17:04:08,100.1,54.7,3.827,3.840,3.838,3.838,3.838,3.836,3.836,3.837,3.837,3.832,3.841,3.836,3.870,3.830,3.832,3.838,3.839,3.831,3.844,3.844,3.844,3.846,3.843,3.838,3.847,3.763
2026-08-24 17:04:08,100.1,54.7,3.827,3.840,3.838,3.838,3.838,3.836,3.836,3.837,3.837,3.832,3.841,3.836,3.870,3.830,3.832,3.838,3.839,3.831,3.844,3.844,3.844,3.846,3.843,3.838,3.847,3.763
2026-08-24 17:04:08,100.1,54.7,3.827,3.840,3.838,3.838,3.838,3.836,3.836,3.837,3.837,3.832,3.841,3.836,3.870,3.830,3.832,3.838,3.839,3.831,3.844,3.844,3.844,3.846,3.843,3.838,3.847,3.763
2026-08-24 17:04:08,100.1,58.7,3.822,3.837,3.833,3.833,3.838,3.836,3.836,3.837,3.837,3.832,3.841,3.836,3.870,3.830,3.832,3.838,3.839,3.831,3.835,3.833,3.834,3.837,3.832,3.825,3.837,3.743
2026-08-24 17:04:08,100.1,58.7,3.822,3.837,3.833,3.833,3.834,3.831,3.831,3.831,3.837,3.832,3.841,3.836,3.870,3.830,3.832,3.838,3.839,3.831,3.835,3.833,3.834,3.837,3.832,3.825,3.837,3.743
2026-08-24 17:04:08,100.1,58.7,3.822,3.837,3.833,3.833,3.834,3.831,3.831,3.831,3.833,3.826,3.841,3.836,3.870,3.830,3.832,3.838,3.839,3.831,3.835,3.833,3.834,3.837,3.832,3.825,3.837,3.743
2026-08-24 17:04:08,100.1,58.7,3.822,3.837,3.833,3.833,3.834,3.831,3.831,3.831,3.833,3.826,3.841,3.836,3.870,3.830,3.832,3.838,3.839,3.831,3.835,3.833,3.834,3.837,3.832,3.825,3.837,3.743
2026-08-24 17:04:08,100.1,58.7,3.822,3.837,3.833,3.833,3.834,3.831,3.831,3.831,3.833,3.826,3.836,3.832,3.866,3.823,3.828,3.836,3.836,3.828,3.835,3.833,3.834,3.837,3.829,3.823,3.835,3.738
2026-08-24 17:04:08,100.1,58.7,3.822,3.837,3.833,3.833,3.834,3.831,3.831,3.831,3.833,3.826,3.836,3.832,3.866,3.823,3.828,3.836,3.836,3.828,3.835,3.833,3.834,3.837,3.829,3.823,3.835,3.738
2026-08-24 17:04:09,100.1,58.7,3.822,3.837,3.833,3.833,3.834,3.831,3.831,3.831,3.833,3.826,3.836,3.832,3.866,3.823,3.828,3.836,3.836,3.828,3.835,3.833,3.834,3.837,3.829,3.823,3.835,3.738
2026-08-24 17:04:09,99.5,58.7,3.822,3.837,3.833,3.833,3.834,3.831,3.831,3.831,3.833,3.826,3.836,3.832,3.866,3.823,3.828,3.836,3.836,3.828,3.835,3.833,3.834,3.837,3.829,3.823,3.835,3.738
2026-08-24 17:04:09,99.5,58.7,3.822,3.837,3.833,3.833,3.834,3.831,3.831,3.831,3.833,3.826,3.836,3.832,3.866,3.823,3.828,3.836,3.836,3.828,3.835,3.833,3.834,3.837,3.829,3.823,3.835,3.738
2026-08-24 17:04:09,99.5,58.7,3.822,3.837,3.833,3.833,3.834,3.831,3.831,3.831,3.833,3.826,3.836,3.832,3.866,3.823,3.828,3.836,3.836,3.828,3.835,3.833,3.834,3.837,3.829,3.823,3.835,3.738
2026-08-24 17:04:09,99.5,58.7,3.819,3.835,3.832,3.831,3.834,3.831,3.831,3.831,3.833,3.826,3.836,3.832,3.866,3.823,3.828,3.836,3.836,3.828,3.832,3.830,3.832,3.835,3.829,3.823,3.835,3.738
2026-08-24 17:04:09,99.5,58.7,3.819,3.835,3.832,3.831,3.833,3.829,3.830,3.830,3.833,3.826,3.836,3.832,3.866,3.823,3.828,3.836,3.836,3.828,3.832,3.830,3.832,3.835,3.829,3.823,3.835,3.738
2026-08-24 17:04:09,99.5,58.7,3.819,3.835,3.832,3.831,3.833,3.829,3.830,3.830,3.830,3.825,3.836,3.832,3.866,3.823,3.828,3.836,3.836,3.828,3.832,3.830,3.832,3.835,3.829,3.823,3.835,3.738
2026-08-24 17:04:09,99.5,58.7,3.819,3.835,3.832,3.831,3.833,3.829,3.830,3.830,3.830,3.825,3.836,3.832,3.866,3.823,3.828,3.836,3.836,3.828,3.832,3.830,3.832,3.835,3.829,3.823,3.835,3.738
2026-08-24 17:04:09,99.5,65.2,3.819,3.835,3.832,3.831,3.833,3.829,3.830,3.830,3.830,3.825,3.833,3.829,3.864,3.820,3.828,3.836,3.836,3.828,3.832,3.830,3.832,3.835,3.829,3.823,3.835,3.738
2026-08-24 17:04:09,99.5,65.2,3.819,3.835,3.832,3.831,3.833,3.829,3.830,3.830,3.830,3.825,3.833,3.829,3.864,3.820,3.828,3.836,3.836,3.828,3.832,3.830,3.832,3.835,3.829,3.823,3.835,3.738
2026-08-24 17:04:09,99.5,65.2,3.819,3.835,3.832,3.831,3.833,3.829,3.830,3.830,3.830,3.825,3.833,3.829,3.864,3.820,3.828,3.836,3.836,3.828,3.832,3.830,3.832,3.835,3.829,3.823,3.835,3.738
2026-08-24 17:04:09,99.5,65.2,3.819,3.835,3.832,3.831,3.833,3.829,3.830,3.830,3.830,3.825,3.833,3.829,3.864,3.820,3.828,3.836,3.836,3.828,3.832,3.830,3.832,3.835,3.829,3.823,3.835,3.738
2026-08-24 17:04:09,99.5,65.2,3.819,3.835,3.832,3.831,3.833,3.829,3.830,3.830,3.830,3.825,3.833,3.829,3.864,3.820,3.827,3.834,3.834,3.824,3.832,3.830,3.832,3.835,3.829,3.823,3.835,3.738
2026-08-24 17:04:09,99.5,65.2,3.819,3.835,3.832,3.831,3.833,3.829,3.830,3.830,3.830,3.825,3.833,3.829,3.864,3.820,3.827,3.834,3.834,3.824,3.832,3.830,3.832,3.835,3.829,3.823,3.835,3.738
2026-08-24 17:04:09,99.5,65.2,3.814,3.831,3.828,3.827,3.833,3.829,3.830,3.830,3.830,3.825,3.833,3.829,3.864,3.820,3.823,3.831,3.831,3.822,3.827,3.826,3.826,3.829,3.823,3.814,3.828,3.730
2026-08-24 17:04:09,99.5,65.2,3.814,3.831,3.828,3.827,3.828,3.825,3.826,3.825,3.830,3.825,3.833,3.829,3.864,3.820,3.823,3.831,3.831,3.822,3.827,3.826,3.826,3.829,3.823,3.814,3.828,3.730
2026-08-24 17:04:09,99.5,65.2,3.814,3.831,3.828,3.827,3.828,3.825,3.826,3.825,3.826,3.821,3.833,3.829,3.864,3.820,3.823,3.831,3.831,3.822,3.827,3.826,3.826,3.829,3.823,3.814,3.828,3.730
2026-08-24 17:04:09,99.5,65.2,3.814,3.831,3.828,3.827,3.828,3.825,3.826,3.825,3.826,3.821,3.833,3.829,3.864,3.820,3.823,3.831,3.831,3.822,3.827,3.826,3.826,3.829,3.823,3.814,3.828,3.730
2026-08-24 17:04:09,99.5,62.0,3.814,3.831,3.828,3.827,3.828,3.825,3.826,3.825,3.826,3.821,3.830,3.826,3.862,3.816,3.823,3.831,3.831,3.822,3.827,3.826,3.826,3.829,3.823,3.814,3.828,3.730
2026-08-24 17:04:09,99.5,62.0,3.814,3.831,3.828,3.827,3.828,3.825,3.826,3.825,3.826,3.821,3.830,3.826,3.862,3.816,3.823,3.831,3.831,3.822,3.827,3.826,3.826,3.829,3.823,3.814,3.828,3.730
2026-08-24 17:04:09,99.5,62.0,3.814,3.831,3.828,3.827,3.828,3.825,3.826,3.825,3.826,3.821,3.830,3.826,3.862,3.816,3.823,3.831,3.831,3.822,3.827,3.826,3.826,3.829,3.823,3.814,3.828,3.730
2026-08-24 17:04:09,99.5,62.0,3.814,3.831,3.828,3.827,3.828,3.825,3.826,3.825,3.826,3.821,3.830,3.826,3.862,3.816,3.823,3.831,3.831,3.822,3.827,3.826,3.826,3.829,3.823,3.814,3.828,3.730
2026-08-24 17:04:09,99.5,62.0,3.814,3.831,3.828,3.827,3.828,3.825,3.826,3.825,3.826,3.821,3.830,3.826,3.862,3.816,3.823,3.831,3.831,3.822,3.827,3.826,3.826,3.829,3.823,3.814,3.828,3.730
2026-08-24 17:04:09,99.5,62.0,3.814,3.831,3.828,3.827,3.828,3.825,3.826,3.825,3.826,3.821,3.830,3.826,3.862,3.816,3.823,3.831,3.831,3.822,3.827,3.826,3.826,3.829,3.823,3.814,3.828,3.730
2026-08-24 17:04:09,99.5,62.0,3.821,3.835,3.833,3.833,3.828,3.825,3.826,3.825,3.826,3.821,3.830,3.826,3.862,3.816,3.828,3.836,3.834,3.827,3.827,3.826,3.826,3.829,3.823,3.814,3.828,3.730
2026-08-24 17:04:09,99.5,62.0,3.821,3.835,3.833,3.833,3.833,3.830,3.831,3.830,3.826,3.821,3.830,3.826,3.862,3.816,3.828,3.836,3.834,3.827,3.827,3.826,3.826,3.829,3.823,3.814,3.828,3.730
2026-08-24 17:04:09,99.5,62.0,3.821,3.835,3.833,3.833,3.833,3.830,3.831,3.830,3.831,3.826,3.830,3.826,3.862,3.816,3.828,3.836,3.834,3.827,3.827,3.826,3.826,3.829,3.823,3.814,3.828,3.730
2026-08-24 17:04:09,99.4,62.0,3.821,3.835,3.833,3.833,3.833,3.830,3.831,3.830,3.831,3.826,3.830,3.826,3.862,3.816,3.828,3.836,3.834,3.827,3.827,3.826,3.826,3.829,3.823,3.814,3.828,3.730
2026-08-24 17:04:09,99.4,61.5,3.821,3.835,3.833,3.833,3.833,3.830,3.831,3.830,3.831,3.826,3.830,3.826,3.862,3.816,3.828,3.836,3.834,3.827,3.827,3.826,3.826,3.829,3.823,3.814,3.828,3.730
2026-08-24 17:04:09,99.4,61.5,3.821,3.835,3.833,3.833,3.833,3.830,3.831,3.830,3.831,3.826,3.836,3.830,3.866,3.823,3.828,3.836,3.834,3.827,3.832,3.830,3.831,3.834,3.828,3.822,3.834,3.738
2026-08-24 17:04:09,99.4,61.5,3.821,3.835,3.833,3.833,3.833,3.830,3.831,3.830,3.831,3.826,3.836,3.830,3.866,3.823,3.828,3.836,3.834,3.827,3.832,3.830,3.831,3.834,3.828,3.822,3.834,3.738
2026-08-24 17:04:09,99.4,61.5,3.821,3.835,3.833,3.833,3.833,3.830,3.831,3.830,3.831,3.826,3.836,3.830,3.866,3.823,3.828,3.836,3.834,3.827,3.832,3.830,3.831,3.834,3.828,3.822,3.834,3.738
2026-08-24 17:04:09,99.4,61.5,3.821,3.835,3.833,3.833,3.833,3.830,3.831,3.830,3.831,3.826,3.836,3.830,3.866,3.823,3.828,3.836,3.834,3.827,3.832,3.830,3.831,3.834,3.828,3.822,3.834,3.738
2026-08-24 17:04:10,99.5,55.9,3.823,3.836,3.834,3.834,3.833,3.830,3.831,3.830,3.831,3.826,3.836,3.830,3.866,3.823,3.828,3.836,3.837,3.827,3.834,3.831,3.831,3.835,3.829,3.823,3.835,3.740
2026-08-24 17:04:10,99.5,55.9,3.823,3.836,3.834,3.834,3.834,3.832,3.832,3.831,3.831,3.826,3.836,3.830,3.866,3.823,3.828,3.836,3.837,3.827,3.834,3.831,3.831,3.835,3.829,3.823,3.835,3.740
2026-08-24 17:04:10,99.5,55.9,3.823,3.836,3.834,3.834,3.834,3.832,3.832,3.831,3.833,3.827,3.836,3.830,3.866,3.823,3.828,3.836,3.837,3.827,3.834,3.831,3.831,3.835,3.829,3.823,3.835,3.740
2026-08-24 17:04:10,99.5,55.9,3.823,3.836,3.834,3.834,3.834,3.832,3.832,3.831,3.833,3.827,3.836,3.830,3.866,3.823,3.828,3.836,3.837,3.827,3.834,3.831,3.831,3.835,3.829,3.823,3.835,3.740
2026-08-24 17:04:10,99.5,55.9,3.823,3.836,3.834,3.834,3.834,3.832,3.832,3.831,3.833,3.827,3.837,3.832,3.866,3.825,3.828,3.836,3.837,3.827,3.834,3.831,3.831,3.835,3.829,3.823,3.835,3.740
2026-08-24 17:04:10,99.5,55.9,3.823,3.836,3.834,3.834,3.834,3.832,3.832,3.831,3.833,3.827,3.837,3.832,3.866,3.825,3.834,3.840,3.840,3.833,3.836,3.836,3.837,3.839,3.834,3.827,3.838,3.748
2026-08-24 17:04:10,99.5,55.9,3.823,3.836,3.834,3.834,3.834,3.832,3.832,3.831,3.833,3.827,3.837,3.832,3.866,3.825,3.834,3.840,3.840,3.833,3.836,3.836,3.837,3.839,3.834,3.827,3.838,3.748
2026-08-24 17:04:10,99.5,55.9,3.823,3.836,3.834,3.834,3.834,3.832,3.832,3.831,3.833,3.827,3.837,3.832,3.866,3.825,3.834,3.840,3.840,3.833,3.836,3.836,3.837,3.839,3.834,3.827,3.838,3.748
2026-08-24 17:04:10,99.5,55.9,3.823,3.836,3.834,3.834,3.834,3.832,3.832,3.831,3.833,3.827,3.837,3.832,3.866,3.825,3.834,3.840,3.840,3.833,3.836,3.836,3.837,3.839,3.834,3.827,3.838,3.748
2026-08-24 17:04:10,99.5,49.3,3.830,3.842,3.839,3.839,3.834,3.832,3.832,3.831,3.833,3.827,3.837,3.832,3.866,3.825,3.834,3.840,3.840,3.833,3.836,3.836,3.837,3.839,3.834,3.827,3.838,3.748
2026-08-24 17:04:10,99.5,49.3,3.830,3.842,3.839,3.839,3.839,3.838,3.838,3.837,3.833,3.827,3.837,3.832,3.866,3.825,3.834,3.840,3.840,3.833,3.836,3.836,3.837,3.839,3.834,3.827,3.838,3.748
2026-08-24 17:04:10,99.5,49.3,3.830,3.842,3.839,3.839,3.839,3.838,3.838,3.837,3.839,3.833,3.837,3.832,3.866,3.825,3.834,3.840,3.840,3.833,3.836,3.836,3.837,3.839,3.834,3.827,3.838,3.748
2026-08-24 17:04:10,99.5,49.3,3.830,3.842,3.839,3.839,3.839,3.838,3.838,3.837,3.839,3.833,3.837,3.832,3.866,3.825,3.834,3.840,3.840,3.833,3.836,3.836,3.837,3.839,3.834,3.827,3.838,3.748
2026-08-24 17:04:10,99.5,49.3,3.830,3.842,3.839,3.839,3.839,3.838,3.838,3.837,3.839,3.833,3.841,3.837,3.871,3.832,3.834,3.840,3.840,3.833,3.836,3.836,3.837,3.839,3.834,3.827,3.838,3.748
2026-08-24 17:04:10,99.5,49.3,3.830,3.842,3.839,3.839,3.839,3.838,3.838,3.837,3.839,3.833,3.841,3.837,3.871,3.832,3.834,3.840,3.840,3.833,3.836,3.836,3.837,3.839,3.834,3.827,3.838,3.748
2026-08-24 17:04:10,99.5,49.3,3.830,3.842,3.839,3.839,3.839,3.838,3.838,3.837,3.839,3.833,3.841,3.837,3.871,3.832,3.834,3.840,3.840,3.833,3.836,3.836,3.837,3.839,3.834,3.827,3.838,3.748
2026-08-24 17:04:10,99.5,49.3,3.830,3.842,3.839,3.839,3.839,3.838,3.838,3.837,3.839,3.833,3.841,3.837,3.871,3.832,3.834,3.840,3.840,3.833,3.836,3.836,3.837,3.839,3.834,3.827,3.838,3.748
2026-08-24 17:04:10,99.5,49.3,3.830,3.842,3.839,3.839,3.839,3.838,3.838,3.837,3.839,3.833,3.841,3.837,3.871,3.832,3.842,3.850,3.850,3.843,3.836,3.836,3.837,3.839,3.834,3.827,3.838,3.748
2026-08-24 17:04:10,99.5,49.3,3.830,3.842,3.839,3.839,3.839,3.838,3.838,3.837,3.839,3.833,3.841,3.837,3.871,3.832,3.842,3.850,3.850,3.843,3.836,3.836,3.837,3.839,3.834,3.827,3.838,3.748
2026-08-24 17:04:10,99.5,49.3,3.830,3.842,3.839,3.839,3.839,3.838,3.838,3.837,3.839,3.833,3.841,3.837,3.871,3.832,3.842,3.850,3.850,3.843,3.836,3.836,3.837,3.839,3.834,3.827,3.838,3.748
2026-08-24 17:04:10,99.5,49.3,3.830,3.842,3.839,3.839,3.839,3.838,3.838,3.837,3.839,3.833,3.841,3.837,3.871,3.832,3.842,3.850,3.850,3.843,3.836,3.836,3.837,3.839,3.834,3.827,3.838,3.748
2026-08-24 17:04:10,99.8,36.5,3.841,3.852,3.849,3.850,3.850,3.849,3.848,3.849,3.849,3.844,3.852,3.848,3.882,3.844,3.842,3.850,3.850,3.843,3.836,3.836,3.837,3.839,3.845,3.842,3.849,3.770
2026-08-24 17:04:10,99.8,36.5,3.841,3.852,3.849,3.850,3.850,3.849,3.848,3.849,3.849,3.844,3.852,3.848,3.882,3.844,3.842,3.850,3.850,3.843,3.845,3.846,3.846,3.848,3.845,3.842,3.849,3.770
2026-08-24 17:04:10,99.8,36.5,3.841,3.852,3.849,3.850,3.850,3.849,3.848,3.849,3.849,3.844,3.852,3.848,3.882,3.844,3.842,3.850,3.850,3.843,3.845,3.846,3.846,3.848,3.845,3.842,3.849,3.770
2026-08-24 17:04:10,99.8,36.5,3.841,3.852,3.849,3.850,3.850,3.849,3.848,3.849,3.849,3.844,3.852,3.848,3.882,3.844,3.842,3.850,3.850,3.843,3.845,3.846,3.846,3.848,3.845,3.842,3.849,3.770
2026-08-24 17:04:10,99.8,36.5,3.841,3.852,3.849,3.850,3.850,3.849,3.848,3.849,3.849,3.844,3.852,3.848,3.882,3.844,3.842,3.850,3.850,3.843,3.845,3.846,3.846,3.848,3.845,3.842,3.849,3.770
2026-08-24 17:04:10,100.0,35.4,3.841,3.852,3.849,3.850,3.850,3.849,3.848,3.849,3.849,3.844,3.852,3.848,3.882,3.844,3.845,3.852,3.852,3.846,3.845,3.846,3.846,3.848,3.845,3.842,3.849,3.770
2026-08-24 17:04:10,100.0,35.4,3.841,3.852,3.849,3.850,3.850,3.849,3.848,3.849,3.849,3.844,3.852,3.848,3.882,3.844,3.845,3.852,3.852,3.846,3.845,3.846,3.846,3.848,3.845,3.842,3.849,3.770
2026-08-24 17:04:10,100.0,35.4,3.841,3.852,3.849,3.850,3.850,3.849,3.848,3.849,3.849,3.844,3.852,3.848,3.882,3.844,3.845,3.852,3.852,3.846,3.845,3.846,3.846,3.848,3.845,3.842,3.849,3.770
2026-08-24 17:04:10,100.0,35.4,3.841,3.852,3.849,3.850,3.850,3.849,3.848,3.849,3.849,3.844,3.852,3.848,3.882,3.844,3.845,3.852,3.852,3.846,3.845,3.846,3.846,3.848,3.845,3.842,3.849,3.770
2026-08-24 17:04:10,100.0,35.4,3.842,3.853,3.850,3.850,3.850,3.849,3.848,3.849,3.849,3.844,3.852,3.848,3.882,3.844,3.845,3.852,3.852,3.846,3.845,3.846,3.846,3.848,3.845,3.842,3.849,3.770
2026-08-24 17:04:10,100.0,35.4,3.842,3.853,3.850,3.850,3.850,3.849,3.849,3.849,3.849,3.844,3.852,3.848,3.882,3.844,3.845,3.852,3.852,3.846,3.845,3.846,3.846,3.848,3.845,3.842,3.849,3.770
2026-08-24 17:04:10,100.0,35.4,3.842,3.853,3.850,3.850,3.850,3.849,3.849,3.849,3.850,3.845,3.852,3.848,3.882,3.844,3.845,3.852,3.852,3.846,3.845,3.846,3.846,3.848,3.845,3.842,3.849,3.770
2026-08-24 17:04:10,100.0,35.4,3.842,3.853,3.850,3.850,3.850,3.849,3.849,3.849,3.850,3.845,3.852,3.848,3.882,3.844,3.845,3.852,3.852,3.846,3.845,3.846,3.846,3.848,3.845,3.842,3.849,3.770
2026-08-24 17:04:10,100.0,35.4,3.842,3.853,3.850,3.850,3.850,3.849,3.849,3.849,3.850,3.845,3.852,3.850,3.883,3.844,3.845,3.852,3.852,3.846,3.848,3.848,3.848,3.851,3.847,3.844,3.852,3.774
2026-08-24 17:04:10,100.0,35.4,3.842,3.853,3.850,3.850,3.850,3.849,3.849,3.849,3.850,3.845,3.852,3.850,3.883,3.844,3.845,3.852,3.852,3.846,3.848,3.848,3.848,3.851,3.847,3.844,3.852,3.774
2026-08-24 17:04:10,100.0,35.4,3.842,3.853,3.850,3.850,3.850,3.849,3.849,3.849,3.850,3.845,3.852,3.850,3.883,3.844,3.845,3.852,3.852,3.846,3.848,3.848,3.848,3.851,3.847,3.844,3.852,3.774
2026-08-24 17:04:11,100.0,35.4,3.842,3.853,3.850,3.850,3.850,3.849,3.849,3.849,3.850,3.845,3.852,3.850,3.883,3.844,3.845,3.852,3.852,3.846,3.848,3.848,3.848,3.851,3.847,3.844,3.852,3.774
2026-08-24 17:04:11,100.0,29.1,3.842,3.853,3.850,3.850,3.850,3.849,3.849,3.849,3.850,3.845,3.852,3.850,3.883,3.844,3.845,3.852,3.852,3.846,3.848,3.848,3.848,3.851,3.847,3.844,3.852,3.774
2026-08-24 17:04:11,100.0,29.1,3.842,3.853,3.850,3.850,3.850,3.849,3.849,3.849,3.850,3.845,3.852,3.850,3.883,3.844,3.845,3.852,3.852,3.846,3.848,3.848,3.848,3.851,3.847,3.844,3.852,3.774
2026-08-24 17:04:11,100.0,29.1,3.842,3.853,3.850,3.850,3.850,3.849,3.849,3.849,3.850,3.845,3.852,3.850,3.883,3.844,3.845,3.852,3.852,3.846,3.848,3.848,3.848,3.851,3.847,3.844,3.852,3.774
2026-08-24 17:04:11,100.0,29.1,3.842,3.853,3.850,3.850,3.850,3.849,3.849,3.849,3.850,3.845,3.852,3.850,3.883,3.844,3.845,3.852,3.852,3.846,3.848,3.848,3.848,3.851,3.847,3.844,3.852,3.774
2026-08-24 17:04:11,100.0,29.1,3.852,3.860,3.859,3.859,3.850,3.849,3.849,3.849,3.850,3.845,3.852,3.850,3.883,3.844,3.848,3.854,3.855,3.848,3.848,3.848,3.848,3.851,3.847,3.844,3.852,3.774
2026-08-24 17:04:11,100.0,29.1,3.852,3.860,3.859,3.859,3.858,3.858,3.856,3.857,3.850,3.845,3.852,3.850,3.883,3.844,3.848,3.854,3.855,3.848,3.848,3.848,3.848,3.851,3.847,3.844,3.852,3.774
2026-08-24 17:04:11,100.0,29.1,3.852,3.860,3.859,3.859,3.858,3.858,3.856,3.857,3.859,3.853,3.852,3.850,3.883,3.844,3.848,3.854,3.855,3.848,3.848,3.848,3.848,3.851,3.847,3.844,3.852,3.774
2026-08-24 17:04:11,100.0,29.1,3.852,3.860,3.859,3.859,3.858,3.858,3.856,3.857,3.859,3.853,3.852,3.850,3.883,3.844,3.848,3.854,3.855,3.848,3.848,3.848,3.848,3.851,3.847,3.844,3.852,3.774
2026-08-24 17:04:11,100.1,14.5,3.852,3.860,3.859,3.859,3.858,3.858,3.856,3.857,3.859,3.853,3.860,3.858,3.891,3.855,3.858,3.865,3.865,3.860,3.860,3.861,3.860,3.864,3.861,3.860,3.865,3.800
2026-08-24 17:04:11,100.1,14.5,3.852,3.860,3.859,3.859,3.858,3.858,3.856,3.857,3.859,3.853,3.860,3.858,3.891,3.855,3.858,3.865,3.865,3.860,3.860,3.861,3.860,3.864,3.861,3.860,3.865,3.800
2026-08-24 17:04:11,100.1,14.5,3.852,3.860,3.859,3.859,3.858,3.858,3.856,3.857,3.859,3.853,3.860,3.858,3.891,3.855,3.858,3.865,3.865,3.860,3.860,3.861,3.860,3.864,3.861,3.860,3.865,3.800
2026-08-24 17:04:11,100.1,14.5,3.852,3.860,3.859,3.859,3.858,3.858,3.856,3.857,3.859,3.853,3.860,3.858,3.891,3.855,3.858,3.865,3.865,3.860,3.860,3.861,3.860,3.864,3.861,3.860,3.865,3.800
2026-08-24 17:04:11,100.1,14.5,3.869,3.875,3.872,3.872,3.858,3.858,3.856,3.857,3.859,3.853,3.860,3.858,3.891,3.855,3.858,3.865,3.865,3.860,3.860,3.861,3.860,3.864,3.861,3.860,3.865,3.800
2026-08-24 17:04:11,100.1,14.5,3.869,3.875,3.872,3.872,3.872,3.872,3.871,3.872,3.859,3.853,3.860,3.858,3.891,3.855,3.858,3.865,3.865,3.860,3.860,3.861,3.860,3.864,3.861,3.860,3.865,3.800
2026-08-24 17:04:11,100.1,14.5,3.869,3.875,3.872,3.872,3.872,3.872,3.871,3.872,3.873,3.869,3.860,3.858,3.891,3.855,3.858,3.865,3.865,3.860,3.860,3.861,3.860,3.864,3.861,3.860,3.865,3.800
2026-08-24 17:04:11,100.1,14.5,3.869,3.875,3.872,3.872,3.872,3.872,3.871,3.872,3.873,3.869,3.860,3.858,3.891,3.855,3.858,3.865,3.865,3.860,3.860,3.861,3.860,3.864,3.861,3.860,3.865,3.800
2026-08-24 17:04:11,100.7,0.7,3.869,3.875,3.872,3.872,3.872,3.872,3.871,3.872,3.873,3.869,3.874,3.874,3.905,3.872,3.873,3.878,3.881,3.875,3.860,3.861,3.860,3.864,3.861,3.860,3.865,3.800
2026-08-24 17:04:11,100.7,0.7,3.869,3.875,3.872,3.872,3.872,3.872,3.871,3.872,3.873,3.869,3.874,3.874,3.905,3.872,3.873,3.878,3.881,3.875,3.860,3.861,3.860,3.864,3.861,3.860,3.865,3.800
2026-08-24 17:04:11,100.7,0.7,3.869,3.875,3.872,3.872,3.872,3.872,3.871,3.872,3.873,3.869,3.874,3.874,3.905,3.872,3.873,3.878,3.881,3.875,3.860,3.861,3.860,3.864,3.861,3.860,3.865,3.800
2026-08-24 17:04:11,100.7,0.7,3.869,3.875,3.872,3.872,3.872,3.872,3.871,3.872,3.873,3.869,3.874,3.874,3.905,3.872,3.873,3.878,3.881,3.875,3.860,3.861,3.860,3.864,3.861,3.860,3.865,3.800
2026-08-24 17:04:11,100.7,0.7,3.869,3.875,3.872,3.872,3.872,3.872,3.871,3.872,3.873,3.869,3.874,3.874,3.905,3.872,3.873,3.878,3.881,3.875,3.860,3.861,3.860,3.864,3.861,3.860,3.865,3.800
2026-08-24 17:04:11,100.7,0.7,3.869,3.875,3.872,3.872,3.872,3.872,3.871,3.872,3.873,3.869,3.874,3.874,3.905,3.872,3.873,3.878,3.881,3.875,3.860,3.861,3.860,3.864,3.861,3.860,3.865,3.800
2026-08-24 17:04:11,100.7,0.7,3.873,3.879,3.876,3.876,3.872,3.872,3.871,3.872,3.873,3.869,3.874,3.874,3.905,3.872,3.873,3.878,3.881,3.875,3.873,3.875,3.874,3.876,3.876,3.878,3.879,3.826
2026-08-24 17:04:11,100.7,0.7,3.873,3.879,3.876,3.876,3.876,3.877,3.874,3.876,3.873,3.869,3.874,3.874,3.905,3.872,3.873,3.878,3.881,3.875,3.873,3.875,3.874,3.876,3.876,3.878,3.879,3.826
2026-08-24 17:04:11,100.7,0.7,3.873,3.879,3.876,3.876,3.876,3.877,3.874,3.876,3.877,3.872,3.874,3.874,3.905,3.872,3.873,3.878,3.881,3.875,3.873,3.875,3.874,3.876,3.876,3.878,3.879,3.826
2026-08-24 17:04:11,100.7,0.7,3.873,3.879,3.876,3.876,3.876,3.877,3.874,3.876,3.877,3.872,3.874,3.874,3.905,3.872,3.873,3.878,3.881,3.875,3.873,3.875,3.874,3.876,3.876,3.878,3.879,3.826
2026-08-24 17:04:11,100.7,0.7,3.873,3.879,3.876,3.876,3.876,3.877,3.874,3.876,3.877,3.872,3.878,3.877,3.908,3.877,3.874,3.879,3.882,3.876,3.873,3.875,3.874,3.876,3.876,3.878,3.879,3.826
2026-08-24 17:04:11,100.7,0.7,3.873,3.879,3.876,3.876,3.876,3.877,3.874,3.876,3.877,3.872,3.878,3.877,3.908,3.877,3.874,3.879,3.882,3.876,3.873,3.875,3.874,3.876,3.876,3.878,3.879,3.826
2026-08-24 17:04:11,100.7,0.7,3.873,3.879,3.876,3.876,3.876,3.877,3.874,3.876,3.877,3.872,3.878,3.877,3.908,3.877,3.874,3.879,3.882,3.876,3.873,3.875,3.874,3.876,3.876,3.878,3.879,3.826
2026-08-24 17:04:11,100.7,0.7,3.873,3.879,3.876,3.876,3.876,3.877,3.874,3.876,3.877,3.872,3.878,3.877,3.908,3.877,3.874,3.879,3.882,3.876,3.873,3.875,3.874,3.876,3.876,3.878,3.879,3.826
2026-08-24 17:04:11,100.7,0.7,3.873,3.879,3.876,3.876,3.876,3.877,3.874,3.876,3.877,3.872,3.878,3.877,3.908,3.877,3.874,3.879,3.882,3.876,3.873,3.875,3.874,3.876,3.876,3.878,3.880,3.827
2026-08-24 17:04:11,100.7,0.7,3.874,3.880,3.876,3.876,3.876,3.877,3.874,3.876,3.877,3.872,3.878,3.877,3.908,3.877,3.874,3.879,3.882,3.876,3.874,3.876,3.876,3.877,3.876,3.878,3.880,3.827
2026-08-24 17:04:12,100.7,0.7,3.874,3.880,3.876,3.876,3.876,3.878,3.874,3.876,3.877,3.872,3.878,3.877,3.908,3.877,3.874,3.879,3.882,3.876,3.874,3.876,3.876,3.877,3.876,3.878,3.880,3.827
2026-08-24 17:04:12,100.7,0.7,3.874,3.880,3.876,3.876,3.876,3.878,3.874,3.876,3.877,3.873,3.878,3.877,3.908,3.877,3.874,3.879,3.882,3.876,3.874,3.876,3.876,3.877,3.876,3.878,3.880,3.827
2026-08-24 17:04:12,100.7,0.7,3.874,3.880,3.876,3.876,3.876,3.878,3.874,3.876,3.877,3.873,3.878,3.877,3.908,3.877,3.874,3.879,3.882,3.876,3.874,3.876,3.876,3.877,3.876,3.878,3.880,3.827
2026-08-24 17:04:12,100.7,0.7,3.874,3.880,3.876,3.876,3.876,3.878,3.874,3.876,3.877,3.873,3.878,3.877,3.910,3.877,3.874,3.880,3.882,3.876,3.874,3.876,3.876,3.877,3.876,3.878,3.880,3.827
2026-08-24 17:04:12,100.7,0.7,3.874,3.880,3.876,3.876,3.876,3.878,3.874,3.876,3.877,3.873,3.878,3.877,3.910,3.877,3.874,3.880,3.882,3.876,3.875,3.876,3.876,3.877,3.876,3.879,3.880,3.827
2026-08-24 17:04:12,100.7,0.7,3.874,3.880,3.876,3.876,3.876,3.878,3.874,3.876,3.877,3.873,3.878,3.877,3.910,3.877,3.874,3.880,3.882,3.876,3.875,3.876,3.876,3.877,3.876,3.879,3.880,3.827
2026-08-24 17:04:12,100.7,0.7,3.874,3.880,3.876,3.876,3.876,3.878,3.874,3.876,3.877,3.873,3.878,3.877,3.910,3.877,3.874,3.880,3.882,3.876,3.875,3.876,3.876,3.877,3.876,3.879,3.880,3.827
2026-08-24 17:04:12,100.7,0.7,3.874,3.880,3.876,3.876,3.876,3.878,3.874,3.876,3.877,3.873,3.878,3.877,3.910,3.877,3.874,3.880,3.882,3.876,3.875,3.876,3.876,3.877,3.876,3.879,3.880,3.827
2026-08-24 17:04:12,100.7,0.7,3.874,3.880,3.877,3.877,3.876,3.878,3.874,3.876,3.877,3.873,3.878,3.877,3.910,3.877,3.874,3.880,3.882,3.876,3.876,3.876,3.876,3.878,3.876,3.878,3.880,3.827
2026-08-24 17:04:12,100.7,0.7,3.874,3.880,3.877,3.877,3.876,3.878,3.874,3.876,3.877,3.873,3.878,3.877,3.910,3.877,3.874,3.880,3.882,3.876,3.876,3.876,3.876,3.878,3.876,3.878,3.880,3.827
2026-08-24 17:04:12,100.7,0.7,3.874,3.880,3.877,3.877,3.876,3.878,3.874,3.876,3.878,3.873,3.878,3.877,3.910,3.877,3.874,3.880,3.882,3.876,3.876,3.876,3.876,3.878,3.876,3.878,3.880,3.827
2026-08-24 17:04:12,100.7,0.7,3.874,3.880,3.877,3.877,3.876,3.878,3.874,3.876,3.878,3.873,3.878,3.877,3.910,3.877,3.874,3.880,3.882,3.876,3.876,3.876,3.876,3.878,3.876,3.878,3.880,3.827
2026-08-24 17:04:12,100.7,0.7,3.874,3.880,3.877,3.877,3.876,3.878,3.874,3.876,3.878,3.873,3.879,3.878,3.910,3.877,3.874,3.880,3.882,3.876,3.876,3.876,3.876,3.878,3.876,3.878,3.880,3.827
2026-08-24 17:04:12,100.7,0.7,3.874,3.880,3.877,3.877,3.876,3.878,3.874,3.876,3.878,3.873,3.879,3.878,3.910,3.877,3.874,3.880,3.882,3.876,3.876,3.876,3.876,3.878,3.876,3.878,3.880,3.827
2026-08-24 17:04:12,100.7,0.7,3.874,3.880,3.877,3.877,3.876,3.878,3.874,3.876,3.878,3.873,3.879,3.878,3.910,3.877,3.874,3.880,3.882,3.876,3.876,3.876,3.876,3.878,3.876,3.878,3.880,3.827
2026-08-24 17:04:12,100.7,0.7,3.874,3.880,3.877,3.877,3.876,3.878,3.874,3.876,3.878,3.873,3.879,3.878,3.910,3.877,3.874,3.880,3.882,3.876,3.876,3.876,3.876,3.878,3.876,3.878,3.880,3.827
2026-08-24 17:04:12,100.7,0.7,3.874,3.880,3.877,3.877,3.876,3.878,3.874,3.876,3.878,3.873,3.879,3.878,3.910,3.877,3.874,3.880,3.882,3.876,3.876,3.876,3.876,3.878,3.876,3.878,3.880,3.827
2026-08-24 17:04:12,100.7,0.7,3.873,3.878,3.875,3.875,3.876,3.878,3.874,3.876,3.878,3.873,3.879,3.878,3.910,3.877,3.873,3.879,3.881,3.876,3.876,3.876,3.876,3.878,3.876,3.878,3.880,3.827
2026-08-24 17:04:12,100.7,0.7,3.873,3.878,3.875,3.875,3.875,3.876,3.874,3.875,3.878,3.873,3.879,3.878,3.910,3.877,3.873,3.879,3.881,3.876,3.876,3.876,3.876,3.878,3.876,3.878,3.880,3.827
2026-08-24 17:04:12,100.7,0.7,3.873,3.878,3.875,3.875,3.875,3.876,3.874,3.875,3.877,3.872,3.879,3.878,3.910,3.877,3.873,3.879,3.881,3.876,3.876,3.876,3.876,3.878,3.876,3.878,3.880,3.827
2026-08-24 17:04:12,100.7,0.7,3.873,3.878,3.875,3.875,3.875,3.876,3.874,3.875,3.877,3.872,3.879,3.878,3.910,3.877,3.873,3.879,3.881,3.876,3.876,3.876,3.876,3.878,3.876,3.878,3.880,3.827
2026-08-24 17:04:12,100.7,0.7,3.873,3.878,3.875,3.875,3.875,3.876,3.874,3.875,3.877,3.872,3.878,3.878,3.908,3.877,3.873,3.879,3.881,3.876,3.876,3.876,3.876,3.878,3.876,3.878,3.880,3.827
2026-08-24 17:04:12,100.7,0.7,3.873,3.878,3.875,3.875,3.875,3.876,3.874,3.875,3.877,3.872,3.878,3.878,3.908,3.877,3.873,3.879,3.881,3.876,3.875,3.876,3.875,3.877,3.876,3.878,3.880,3.826
2026-08-24 17:04:12,100.7,0.7,3.873,3.878,3.875,3.875,3.875,3.876,3.874,3.875,3.877,3.872,3.878,3.878,3.908,3.877,3.873,3.879,3.881,3.876,3.875,3.876,3.875,3.877,3.876,3.878,3.880,3.826
2026-08-24 17:04:12,100.7,0.7,3.873,3.878,3.875,3.875,3.875,3.876,3.874,3.875,3.877,3.872,3.878,3.878,3.908,3.877,3.873,3.879,3.881,3.876,3.875,3.876,3.875,3.877,3.876,3.878,3.880,3.826
2026-08-24 17:04:12,100.7,0.7,3.873,3.878,3.875,3.875,3.875,3.876,3.874,3.875,3.877,3.872,3.878,3.878,3.908,3.877,3.873,3.879,3.881,3.876,3.875,3.876,3.875,3.877,3.876,3.878,3.880,3.826
2026-08-24 17:04:12,100.7,10.6,3.863,3.870,3.868,3.868,3.875,3.876,3.874,3.875,3.877,3.872,3.878,3.878,3.908,3.877,3.866,3.873,3.874,3.868,3.875,3.876,3.875,3.877,3.876,3.878,3.880,3.826
2026-08-24 17:04:12,100.7,10.6,3.863,3.870,3.868,3.868,3.868,3.868,3.866,3.867,3.877,3.872,3.878,3.878,3.908,3.877,3.866,3.873,3.874,3.868,3.875,3.876,3.875,3.877,3.876,3.878,3.880,3.826
2026-08-24 17:04:12,100.7,10.6,3.863,3.870,3.868,3.868,3.868,3.868,3.866,3.867,3.868,3.863,3.878,3.878,3.908,3.877,3.866,3.873,3.874,3.868,3.875,3.876,3.875,3.877,3.876,3.878,3.880,3.826
2026-08-24 17:04:12,100.7,10.6,3.863,3.870,3.868,3.868,3.868,3.868,3.866,3.867,3.868,3.863,3.878,3.878,3.908,3.877,3.866,3.873,3.874,3.868,3.875,3.876,3.875,3.877,3.876,3.878,3.880,3.826
2026-08-24 17:04:12,100.7,10.6,3.863,3.870,3.868,3.868,3.868,3.868,3.866,3.867,3.868,3.863,3.870,3.868,3.901,3.866,3.866,3.873,3.874,3.868,3.875,3.876,3.875,3.877,3.876,3.878,3.880,3.826
2026-08-24 17:04:12,100.7,10.6,3.863,3.870,3.868,3.868,3.868,3.868,3.866,3.867,3.868,3.863,3.870,3.868,3.901,3.866,3.866,3.873,3.874,3.868,3.875,3.876,3.875,3.877,3.876,3.878,3.880,3.826
2026-08-24 17:04:13,100.5,17.3,3.863,3.870,3.868,3.868,3.868,3.868,3.866,3.867,3.868,3.863,3.870,3.868,3.901,3.866,3.866,3.873,3.874,3.868,3.867,3.869,3.867,3.871,3.869,3.869,3.873,3.811
2026-08-24 17:04:13,100.5,17.3,3.863,3.870,3.868,3.868,3.868,3.868,3.866,3.867,3.868,3.863,3.870,3.868,3.901,3.866,3.866,3.873,3.874,3.868,3.867,3.869,3.867,3.871,3.869,3.869,3.873,3.811
2026-08-24 17:04:13,100.5,17.3,3.863,3.870,3.868,3.868,3.868,3.868,3.866,3.867,3.868,3.863,3.870,3.868,3.901,3.866,3.866,3.873,3.874,3.868,3.867,3.869,3.867,3.871,3.869,3.869,3.873,3.811
2026-08-24 17:04:13,100.5,17.3,3.863,3.870,3.868,3.868,3.868,3.868,3.866,3.867,3.868,3.863,3.870,3.868,3.901,3.866,3.866,3.873,3.874,3.868,3.867,3.869,3.867,3.871,3.869,3.869,3.873,3.811
2026-08-24 17:04:13,100.5,17.3,3.863,3.870,3.868,3.868,3.868,3.868,3.866,3.867,3.868,3.863,3.866,3.865,3.897,3.862,3.866,3.873,3.874,3.868,3.867,3.869,3.867,3.871,3.869,3.869,3.873,3.811
2026-08-24 17:04:13,100.5,17.3,3.859,3.867,3.864,3.864,3.868,3.868,3.866,3.867,3.868,3.863,3.866,3.865,3.897,3.862,3.861,3.867,3.869,3.863,3.863,3.864,3.863,3.865,3.864,3.863,3.867,3.803
2026-08-24 17:04:13,100.5,17.3,3.859,3.867,3.864,3.864,3.863,3.863,3.862,3.862,3.868,3.863,3.866,3.865,3.897,3.862,3.861,3.867,3.869,3.863,3.863,3.864,3.863,3.865,3.864,3.863,3.867,3.803
2026-08-24 17:04:13,100.5,17.3,3.859,3.867,3.864,3.864,3.863,3.863,3.862,3.862,3.864,3.860,3.866,3.865,3.897,3.862,3.861,3.867,3.869,3.863,3.863,3.864,3.863,3.865,3.864,3.863,3.867,3.803
2026-08-24 17:04:13,100.5,17.3,3.859,3.867,3.864,3.864,3.863,3.863,3.862,3.862,3.864,3.860,3.866,3.865,3.897,3.862,3.861,3.867,3.869,3.863,3.863,3.864,3.863,3.865,3.864,3.863,3.867,3.803
2026-08-24 17:04:13,100.4,16.9,3.860,3.868,3.864,3.865,3.863,3.863,3.862,3.862,3.864,3.860,3.867,3.865,3.897,3.863,3.861,3.867,3.869,3.863,3.863,3.864,3.863,3.865,3.864,3.863,3.867,3.803
2026-08-24 17:04:13,100.4,16.9,3.860,3.868,3.864,3.865,3.864,3.864,3.862,3.863,3.864,3.860,3.867,3.865,3.897,3.863,3.861,3.867,3.869,3.863,3.863,3.864,3.863,3.865,3.864,3.863,3.867,3.803
2026-08-24 17:04:13,100.4,16.9,3.860,3.868,3.864,3.865,3.864,3.864,3.862,3.863,3.865,3.861,3.867,3.865,3.897,3.863,3.861,3.867,3.869,3.863,3.863,3.864,3.863,3.865,3.864,3.863,3.867,3.803
2026-08-24 17:04:13,100.4,16.9,3.860,3.868,3.864,3.865,3.864,3.864,3.862,3.863,3.865,3.861,3.867,3.865,3.897,3.863,3.861,3.867,3.869,3.863,3.863,3.864,3.863,3.865,3.864,3.863,3.867,3.803
2026-08-24 17:04:13,100.4,16.9,3.860,3.868,3.864,3.865,3.864,3.864,3.862,3.863,3.865,3.861,3.867,3.865,3.897,3.863,3.861,3.867,3.869,3.863,3.863,3.864,3.863,3.865,3.864,3.863,3.867,3.803
2026-08-24 17:04:13,100.4,16.9,3.860,3.868,3.864,3.865,3.864,3.864,3.862,3.863,3.865,3.861,3.867,3.865,3.897,3.863,3.861,3.867,3.869,3.863,3.863,3.864,3.863,3.865,3.864,3.863,3.867,3.803
2026-08-24 17:04:13,100.4,16.9,3.860,3.868,3.864,3.865,3.864,3.864,3.862,3.863,3.865,3.861,3.867,3.865,3.897,3.863,3.861,3.867,3.869,3.863,3.863,3.864,3.863,3.865,3.864,3.863,3.867,3.803
2026-08-24 17:04:13,100.4,16.9,3.860,3.868,3.864,3.865,3.864,3.864,3.862,3.863,3.865,3.861,3.867,3.865,3.897,3.863,3.861,3.867,3.869,3.863,3.863,3.864,3.863,3.865,3.864,3.863,3.867,3.803
2026-08-24 17:04:13,100.4,16.9,3.860,3.868,3.864,3.865,3.864,3.864,3.862,3.863,3.865,3.861,3.867,3.865,3.897,3.863,3.861,3.867,3.869,3.863,3.863,3.864,3.863,3.865,3.864,3.863,3.867,3.803
2026-08-24 17:04:14,100.4,17.2,3.860,3.868,3.864,3.865,3.864,3.864,3.862,3.863,3.865,3.861,3.867,3.865,3.897,3.863,3.861,3.867,3.869,3.863,3.863,3.864,3.863,3.865,3.864,3.864,3.867,3.804
2026-08-24 17:04:14,100.4,17.2,3.860,3.868,3.864,3.865,3.864,3.864,3.862,3.863,3.865,3.861,3.867,3.865,3.897,3.863,3.861,3.867,3.869,3.863,3.863,3.864,3.863,3.865,3.864,3.864,3.867,3.804
2026-08-24 17:04:14,100.4,17.2,3.860,3.868,3.864,3.865,3.864,3.864,3.862,3.863,3.865,3.860,3.867,3.865,3.897,3.863,3.861,3.867,3.869,3.863,3.863,3.864,3.863,3.865,3.864,3.864,3.867,3.804
2026-08-24 17:04:14,100.4,17.2,3.860,3.868,3.864,3.865,3.864,3.864,3.862,3.863,3.865,3.860,3.867,3.865,3.897,3.863,3.861,3.867,3.869,3.863,3.863,3.864,3.863,3.865,3.864,3.864,3.867,3.804
2026-08-24 17:04:14,100.4,17.2,3.860,3.868,3.864,3.865,3.864,3.864,3.862,3.863,3.865,3.860,3.867,3.865,3.897,3.863,3.861,3.866,3.868,3.863,3.863,3.864,3.863,3.865,3.864,3.864,3.867,3.804
2026-08-24 17:04:14,100.4,17.2,3.860,3.868,3.864,3.865,3.864,3.864,3.862,3.863,3.865,3.860,3.867,3.865,3.897,3.863,3.861,3.866,3.868,3.863,3.863,3.863,3.863,3.864,3.863,3.863,3.866,3.802
2026-08-24 17:04:14,100.4,17.2,3.860,3.868,3.864,3.865,3.864,3.864,3.862,3.863,3.865,3.860,3.867,3.865,3.897,3.863,3.861,3.866,3.868,3.863,3.863,3.863,3.863,3.864,3.863,3.863,3.866,3.802
2026-08-24 17:04:14,100.4,17.2,3.860,3.868,3.864,3.865,3.864,3.864,3.862,3.863,3.865,3.860,3.867,3.865,3.897,3.863,3.861,3.866,3.868,3.863,3.863,3.863,3.863,3.864,3.863,3.863,3.866,3.802
2026-08-24 17:04:14,100.4,17.2,3.860,3.868,3.864,3.865,3.864,3.864,3.862,3.863,3.865,3.860,3.867,3.865,3.897,3.863,3.861,3.866,3.868,3.863,3.863,3.863,3.863,3.864,3.863,3.863,3.866,3.802
2026-08-24 17:04:14,100.4,21.0,3.855,3.864,3.861,3.861,3.864,3.864,3.862,3.863,3.865,3.860,3.864,3.862,3.894,3.858,3.861,3.866,3.868,3.863,3.863,3.863,3.863,3.864,3.863,3.863,3.866,3.802
2026-08-24 17:04:14,100.4,21.0,3.855,3.864,3.861,3.861,3.861,3.861,3.860,3.860,3.865,3.860,3.864,3.862,3.894,3.858,3.861,3.866,3.868,3.863,3.863,3.863,3.863,3.864,3.863,3.863,3.866,3.802
2026-08-24 17:04:14,100.4,21.0,3.855,3.864,3.861,3.861,3.861,3.861,3.860,3.860,3.861,3.856,3.864,3.862,3.894,3.858,3.861,3.866,3.868,3.863,3.863,3.863,3.863,3.864,3.863,3.863,3.866,3.802
2026-08-24 17:04:14,100.4,21.0,3.855,3.864,3.861,3.861,3.861,3.861,3.860,3.860,3.861,3.856,3.864,3.862,3.894,3.858,3.861,3.866,3.868,3.863,3.863,3.863,3.863,3.864,3.863,3.863,3.866,3.802
2026-08-24 17:04:14,100.4,21.0,3.855,3.864,3.861,3.861,3.861,3.861,3.860,3.860,3.861,3.856,3.864,3.862,3.894,3.858,3.857,3.863,3.865,3.858,3.858,3.859,3.859,3.861,3.863,3.863,3.866,3.802
2026-08-24 17:04:14,100.4,21.0,3.855,3.864,3.861,3.861,3.861,3.861,3.860,3.860,3.861,3.856,3.864,3.862,3.894,3.858,3.857,3.863,3.865,3.858,3.858,3.859,3.859,3.861,3.863,3.863,3.866,3.802
2026-08-24 17:04:14,100.4,21.0,3.855,3.864,3.861,3.861,3.861,3.861,3.860,3.860,3.861,3.856,3.864,3.862,3.894,3.858,3.857,3.863,3.865,3.858,3.858,3.859,3.859,3.861,3.863,3.863,3.866,3.802
2026-08-24 17:04:14,100.4,21.0,3.855,3.864,3.861,3.861,3.861,3.861,3.860,3.860,3.861,3.856,3.864,3.862,3.894,3.858,3.857,3.863,3.865,3.858,3.858,3.859,3.859,3.861,3.863,3.863,3.866,3.802
2026-08-24 17:04:14,100.4,26.0,3.855,3.864,3.861,3.861,3.861,3.861,3.860,3.860,3.861,3.856,3.864,3.862,3.894,3.858,3.857,3.863,3.865,3.858,3.858,3.859,3.859,3.861,3.863,3.863,3.866,3.802
2026-08-24 17:04:14,100.4,26.0,3.855,3.864,3.861,3.861,3.861,3.861,3.860,3.860,3.861,3.856,3.864,3.862,3.894,3.858,3.857,3.863,3.865,3.858,3.858,3.859,3.859,3.861,3.863,3.863,3.866,3.802
2026-08-24 17:04:14,100.4,26.0,3.855,3.864,3.861,3.861,3.861,3.861,3.860,3.860,3.861,3.856,3.864,3.862,3.894,3.858,3.857,3.863,3.865,3.858,3.858,3.859,3.859,3.861,3.863,3.863,3.866,3.802
2026-08-24 17:04:14,100.4,26.0,3.855,3.864,3.861,3.861,3.861,3.861,3.860,3.860,3.861,3.856,3.864,3.862,3.894,3.858,3.857,3.863,3.865,3.858,3.858,3.859,3.859,3.861,3.863,3.863,3.866,3.802
2026-08-24 17:04:14,100.4,26.0,3.851,3.861,3.857,3.857,3.861,3.861,3.860,3.860,3.861,3.856,3.860,3.858,3.890,3.853,3.854,3.859,3.861,3.855,3.858,3.859,3.859,3.861,3.863,3.863,3.866,3.802
2026-08-24 17:04:14,100.4,26.0,3.851,3.861,3.857,3.857,3.857,3.856,3.855,3.856,3.861,3.856,3.860,3.858,3.890,3.853,3.854,3.859,3.861,3.855,3.858,3.859,3.859,3.861,3.863,3.863,3.866,3.802
2026-08-24 17:04:14,100.4,26.0,3.851,3.861,3.857,3.857,3.857,3.856,3.855,3.856,3.856,3.853,3.860,3.858,3.890,3.853,3.854,3.859,3.861,3.855,3.858,3.859,3.859,3.861,3.863,3.863,3.866,3.802
2026-08-24 17:04:14,100.4,26.0,3.851,3.861,3.857,3.857,3.857,3.856,3.855,3.856,3.856,3.853,3.860,3.858,3.890,3.853,3.854,3.859,3.861,3.855,3.858,3.859,3.859,3.861,3.863,3.863,3.866,3.802
2026-08-24 17:04:14,100.2,28.7,3.851,3.861,3.857,3.857,3.857,3.856,3.855,3.856,3.856,3.853,3.860,3.858,3.890,3.853,3.854,3.859,3.861,3.855,3.856,3.857,3.856,3.858,3.856,3.853,3.859,3.789
2026-08-24 17:04:14,100.2,28.7,3.851,3.861,3.857,3.857,3.857,3.856,3.855,3.856,3.856,3.853,3.860,3.858,3.890,3.853,3.854,3.859,3.861,3.855,3.856,3.857,3.856,3.858,3.856,3.853,3.859,3.789
2026-08-24 17:04:14,100.2,28.7,3.851,3.861,3.857,3.857,3.857,3.856,3.855,3.856,3.856,3.853,3.860,3.858,3.890,3.853,3.854,3.859,3.861,3.855,3.856,3.857,3.856,3.858,3.856,3.853,3.859,3.789
2026-08-24 17:04:14,100.2,28.7,3.851,3.861,3.857,3.857,3.857,3.856,3.855,3.856,3.856,3.853,3.860,3.858,3.890,3.853,3.854,3.859,3.861,3.855,3.856,3.857,3.856,3.858,3.856,3.853,3.859,3.789
2026-08-24 17:04:14,100.2,28.7,3.848,3.857,3.855,3.855,3.857,3.856,3.855,3.856,3.856,3.853,3.857,3.854,3.888,3.851,3.851,3.857,3.858,3.852,3.856,3.857,3.856,3.858,3.856,3.853,3.859,3.789
2026-08-24 17:04:14,100.2,28.7,3.848,3.857,3.855,3.855,3.855,3.854,3.853,3.854,3.856,3.853,3.857,3.854,3.888,3.851,3.851,3.857,3.858,3.852,3.856,3.857,3.856,3.858,3.856,3.853,3.859,3.789
2026-08-24 17:04:14,100.2,28.7,3.848,3.857,3.855,3.855,3.855,3.854,3.853,3.854,3.855,3.849,3.857,3.854,3.888,3.851,3.851,3.857,3.858,3.852,3.856,3.857,3.856,3.858,3.856,3.853,3.859,3.789
2026-08-24 17:04:14,100.2,28.7,3.848,3.857,3.855,3.855,3.855,3.854,3.853,3.854,3.855,3.849,3.857,3.854,3.888,3.851,3.851,3.857,3.858,3.852,3.856,3.857,3.856,3.858,3.856,3.853,3.859,3.789
2026-08-24 17:04:15,100.2,28.7,3.848,3.857,3.855,3.855,3.855,3.854,3.853,3.854,3.855,3.849,3.857,3.854,3.888,3.851,3.851,3.857,3.858,3.852,3.852,3.853,3.852,3.856,3.852,3.851,3.857,3.785
2026-08-24 17:04:15,100.2,28.7,3.848,3.857,3.855,3.855,3.855,3.854,3.853,3.854,3.855,3.849,3.857,3.854,3.888,3.851,3.851,3.857,3.858,3.852,3.852,3.853,3.852,3.856,3.852,3.851,3.857,3.785
2026-08-24 17:04:15,100.2,28.7,3.848,3.857,3.855,3.855,3.855,3.854,3.853,3.854,3.855,3.849,3.857,3.854,3.888,3.851,3.851,3.857,3.858,3.852,3.852,3.853,3.852,3.856,3.852,3.851,3.857,3.785
2026-08-24 17:04:15,100.2,28.7,3.848,3.857,3.855,3.855,3.855,3.854,3.853,3.854,3.855,3.849,3.857,3.854,3.888,3.851,3.851,3.857,3.858,3.852,3.852,3.853,3.852,3.856,3.852,3.851,3.857,3.785
2026-08-24 17:04:15,100.1,30.1,3.848,3.857,3.855,3.855,3.855,3.854,3.853,3.854,3.855,3.849,3.857,3.854,3.888,3.851,3.851,3.857,3.858,3.852,3.852,3.853,3.852,3.856,3.852,3.851,3.857,3.785
2026-08-24 17:04:15,100.1,30.1,3.848,3.857,3.855,3.855,3.855,3.854,3.853,3.854,3.855,3.849,3.857,3.854,3.888,3.851,3.851,3.857,3.858,3.852,3.852,3.853,3.852,3.856,3.852,3.851,3.857,3.785
2026-08-24 17:04:15,100.1,30.1,3.848,3.857,3.855,3.855,3.855,3.854,3.853,3.854,3.855,3.849,3.857,3.854,3.888,3.851,3.851,3.857,3.858,3.852,3.852,3.853,3.852,3.856,3.852,3.851,3.857,3.785
2026-08-24 17:04:15,100.1,30.1,3.848,3.857,3.855,3.855,3.855,3.854,3.853,3.854,3.855,3.849,3.857,3.854,3.888,3.851,3.851,3.857,3.858,3.852,3.852,3.853,3.852,3.856,3.852,3.851,3.857,3.785
2026-08-24 17:04:15,100.1,30.1,3.846,3.856,3.853,3.853,3.855,3.854,3.853,3.854,3.855,3.849,3.855,3.853,3.886,3.849,3.849,3.857,3.857,3.851,3.852,3.853,3.852,3.856,3.852,3.851,3.857,3.785
2026-08-24 17:04:15,100.1,30.1,3.846,3.856,3.853,3.853,3.853,3.852,3.851,3.852,3.855,3.849,3.855,3.853,3.886,3.849,3.849,3.857,3.857,3.851,3.852,3.853,3.852,3.856,3.852,3.851,3.857,3.785
2026-08-24 17:04:15,100.1,30.1,3.846,3.856,3.853,3.853,3.853,3.852,3.851,3.852,3.854,3.848,3.855,3.853,3.886,3.849,3.849,3.857,3.857,3.851,3.852,3.853,3.852,3.856,3.852,3.851,3.857,3.785
2026-08-24 17:04:15,100.1,30.1,3.846,3.856,3.853,3.853,3.853,3.852,3.851,3.852,3.854,3.848,3.855,3.853,3.886,3.849,3.849,3.857,3.857,3.851,3.852,3.853,3.852,3.856,3.852,3.851,3.857,3.785
2026-08-24 17:04:15,100.1,33.0,3.846,3.856,3.853,3.853,3.853,3.852,3.851,3.852,3.854,3.848,3.855,3.853,3.886,3.849,3.849,3.857,3.857,3.851,3.852,3.852,3.852,3.854,3.851,3.849,3.856,3.781
2026-08-24 17:04:15,100.1,33.0,3.846,3.856,3.853,3.853,3.853,3.852,3.851,3.852,3.854,3.848,3.855,3.853,3.886,3.849,3.849,3.857,3.857,3.851,3.852,3.852,3.852,3.854,3.851,3.849,3.856,3.781
2026-08-24 17:04:15,100.1,33.0,3.846,3.856,3.853,3.853,3.853,3.852,3.851,3.852,3.854,3.848,3.855,3.853,3.886,3.849,3.849,3.857,3.857,3.851,3.852,3.852,3.852,3.854,3.851,3.849,3.856,3.781
2026-08-24 17:04:15,100.1,33.0,3.846,3.856,3.853,3.853,3.853,3.852,3.851,3.852,3.854,3.848,3.855,3.853,3.886,3.849,3.849,3.857,3.857,3.851,3.852,3.852,3.852,3.854,3.851,3.849,3.856,3.781
2026-08-24 17:04:15,100.1,33.0,3.846,3.856,3.853,3.853,3.853,3.852,3.851,3.852,3.854,3.848,3.855,3.853,3.886,3.849,3.848,3.854,3.856,3.848,3.851,3.851,3.851,3.852,3.850,3.847,3.853,3.779
2026-08-24 17:04:15,100.1,33.0,3.846,3.856,3.853,3.853,3.853,3.852,3.851,3.852,3.854,3.848,3.855,3.853,3.886,3.849,3.848,3.854,3.856,3.848,3.851,3.851,3.851,3.852,3.850,3.847,3.853,3.779
2026-08-24 17:04:15,100.1,33.0,3.846,3.856,3.853,3.853,3.853,3.852,3.851,3.852,3.854,3.848,3.855,3.853,3.886,3.849,3.848,3.854,3.856,3.848,3.851,3.851,3.851,3.852,3.850,3.847,3.853,3.779
2026-08-24 17:04:15,100.1,33.0,3.846,3.856,3.853,3.853,3.853,3.852,3.851,3.852,3.854,3.848,3.855,3.853,3.886,3.849,3.848,3.854,3.856,3.848,3.851,3.851,3.851,3.852,3.850,3.847,3.853,3.779
2026-08-24 17:04:15,100.1,33.0,3.844,3.855,3.852,3.851,3.853,3.852,3.851,3.852,3.854,3.848,3.855,3.852,3.884,3.846,3.848,3.854,3.856,3.848,3.851,3.851,3.851,3.852,3.850,3.847,3.853,3.779
2026-08-24 17:04:15,100.1,33.0,3.844,3.855,3.852,3.851,3.851,3.850,3.849,3.850,3.854,3.848,3.855,3.852,3.884,3.846,3.848,3.854,3.856,3.848,3.851,3.851,3.851,3.852,3.850,3.847,3.853,3.779
2026-08-24 17:04:15,100.1,33.0,3.844,3.855,3.852,3.851,3.851,3.850,3.849,3.850,3.851,3.846,3.855,3.852,3.884,3.846,3.848,3.854,3.856,3.848,3.851,3.851,3.851,3.852,3.850,3.847,3.853,3.779
2026-08-24 17:04:15,100.1,33.0,3.844,3.855,3.852,3.851,3.851,3.850,3.849,3.850,3.851,3.846,3.855,3.852,3.884,3.846,3.848,3.854,3.856,3.848,3.851,3.851,3.851,3.852,3.850,3.847,3.853,3.779
2026-08-24 17:04:15,100.1,33.3,3.844,3.855,3.852,3.851,3.851,3.850,3.849,3.850,3.851,3.846,3.855,3.852,3.884,3.846,3.848,3.854,3.856,3.848,3.851,3.851,3.851,3.852,3.850,3.847,3.853,3.779
2026-08-24 17:04:15,100.1,33.3,3.844,3.855,3.852,3.851,3.851,3.850,3.849,3.850,3.851,3.846,3.855,3.852,3.884,3.846,3.848,3.854,3.856,3.848,3.851,3.851,3.851,3.852,3.850,3.847,3.853,3.779
2026-08-24 17:04:15,100.1,33.3,3.844,3.855,3.852,3.851,3.851,3.850,3.849,3.850,3.851,3.846,3.855,3.852,3.884,3.846,3.848,3.854,3.856,3.848,3.851,3.851,3.851,3.852,3.850,3.847,3.853,3.779
2026-08-24 17:04:15,100.1,33.3,3.844,3.855,3.852,3.851,3.851,3.850,3.849,3.850,3.851,3.846,3.855,3.852,3.884,3.846,3.848,3.854,3.856,3.848,3.851,3.851,3.851,3.852,3.850,3.847,3.853,3.779
2026-08-24 17:04:15,100.1,33.3,3.844,3.855,3.852,3.851,3.851,3.850,3.849,3.850,3.851,3.846,3.855,3.852,3.884,3.846,3.848,3.854,3.856,3.848,3.851,3.851,3.851,3.852,3.850,3.847,3.853,3.779
2026-08-24 17:04:15,100.1,33.3,3.844,3.855,3.852,3.851,3.851,3.850,3.849,3.850,3.851,3.846,3.855,3.852,3.884,3.846,3.848,3.854,3.856,3.848,3.851,3.851,3.851,3.852,3.850,3.847,3.853,3.779
2026-08-24 17:04:15,100.1,33.3,3.844,3.855,3.852,3.851,3.851,3.850,3.849,3.850,3.851,3.846,3.855,3.852,3.884,3.846,3.848,3.854,3.856,3.848,3.851,3.851,3.851,3.852,3.850,3.847,3.853,3.779
2026-08-24 17:04:15,100.1,33.3,3.844,3.855,3.852,3.851,3.851,3.850,3.849,3.850,3.851,3.846,3.855,3.852,3.884,3.846,3.848,3.854,3.856,3.848,3.851,3.851,3.851,3.852,3.850,3.847,3.853,3.779
2026-08-24 17:04:15,100.1,33.3,3.844,3.855,3.852,3.851,3.851,3.850,3.850,3.850,3.851,3.846,3.853,3.851,3.883,3.846,3.848,3.854,3.856,3.848,3.851,3.851,3.851,3.852,3.850,3.847,3.853,3.779
2026-08-24 17:04:15,100.1,33.3,3.844,3.855,3.852,3.851,3.851,3.850,3.850,3.850,3.850,3.846,3.853,3.851,3.883,3.846,3.848,3.854,3.856,3.848,3.851,3.851,3.851,3.852,3.850,3.847,3.853,3.779
2026-08-24 17:04:15,100.1,33.3,3.844,3.855,3.852,3.851,3.851,3.850,3.850,3.850,3.850,3.846,3.853,3.851,3.883,3.846,3.848,3.854,3.856,3.848,3.851,3.851,3.851,3.852,3.850,3.847,3.853,3.779
2026-08-24 17:04:15,100.0,34.0,3.844,3.854,3.851,3.851,3.851,3.850,3.850,3.850,3.850,3.846,3.853,3.851,3.883,3.846,3.847,3.853,3.854,3.847,3.850,3.850,3.850,3.852,3.849,3.846,3.853,3.778
2026-08-24 17:04:15,100.0,34.0,3.844,3.854,3.851,3.851,3.851,3.850,3.850,3.850,3.850,3.846,3.853,3.851,3.883,3.846,3.847,3.853,3.854,3.847,3.850,3.850,3.850,3.852,3.849,3.846,3.853,3.778
2026-08-24 17:04:15,100.0,34.0,3.844,3.854,3.851,3.851,3.851,3.850,3.850,3.850,3.850,3.846,3.853,3.851,3.883,3.846,3.847,3.853,3.854,3.847,3.850,3.850,3.850,3.852,3.849,3.846,3.853,3.778
2026-08-24 17:04:15,100.0,34.0,3.844,3.854,3.851,3.851,3.851,3.850,3.850,3.850,3.850,3.846,3.853,3.851,3.883,3.846,3.847,3.853,3.854,3.847,3.850,3.850,3.850,3.852,3.849,3.846,3.853,3.778
2026-08-24 17:04:15,100.0,34.0,3.844,3.854,3.851,3.851,3.851,3.850,3.850,3.850,3.850,3.846,3.853,3.851,3.883,3.846,3.846,3.853,3.853,3.847,3.850,3.850,3.850,3.852,3.849,3.846,3.853,3.778
2026-08-24 17:04:16,100.0,34.0,3.844,3.854,3.851,3.851,3.851,3.850,3.850,3.850,3.850,3.846,3.853,3.851,3.883,3.846,3.846,3.853,3.853,3.847,3.850,3.850,3.850,3.852,3.849,3.846,3.853,3.778
2026-08-24 17:04:16,100.0,34.0,3.844,3.854,3.851,3.851,3.851,3.850,3.850,3.850,3.850,3.846,3.853,3.851,3.883,3.846,3.846,3.853,3.853,3.847,3.850,3.850,3.850,3.852,3.849,3.846,3.853,3.778
2026-08-24 17:04:16,100.0,34.0,3.844,3.854,3.851,3.851,3.851,3.850,3.850,3.850,3.850,3.846,3.853,3.851,3.883,3.846,3.846,3.853,3.853,3.847,3.850,3.850,3.850,3.852,3.849,3.846,3.853,3.778
2026-08-24 17:04:16,100.0,34.0,3.844,3.854,3.851,3.851,3.850,3.850,3.849,3.850,3.850,3.846,3.853,3.850,3.883,3.845,3.846,3.853,3.853,3.847,3.850,3.850,3.850,3.852,3.849,3.846,3.853,3.778
2026-08-24 17:04:16,100.0,34.0,3.844,3.854,3.851,3.851,3.850,3.850,3.849,3.850,3.850,3.845,3.853,3.850,3.883,3.845,3.846,3.853,3.853,3.847,3.850,3.850,3.850,3.852,3.849,3.846,3.853,3.778
2026-08-24 17:04:16,100.0,34.0,3.844,3.854,3.851,3.851,3.850,3.850,3.849,3.850,3.850,3.845,3.853,3.850,3.883,3.845,3.846,3.853,3.853,3.847,3.850,3.850,3.850,3.852,3.849,3.846,3.853,3.778
2026-08-24 17:04:16,100.0,34.0,3.843,3.853,3.850,3.850,3.850,3.850,3.849,3.850,3.850,3.845,3.853,3.850,3.883,3.845,3.846,3.853,3.853,3.847,3.849,3.850,3.849,3.852,3.848,3.845,3.852,3.777
2026-08-24 17:04:16,100.0,34.0,3.843,3.853,3.850,3.850,3.850,3.850,3.849,3.850,3.850,3.845,3.853,3.850,3.883,3.845,3.846,3.853,3.853,3.847,3.849,3.850,3.849,3.852,3.848,3.845,3.852,3.777
2026-08-24 17:04:16,100.0,34.0,3.843,3.853,3.850,3.850,3.850,3.850,3.849,3.850,3.850,3.845,3.853,3.850,3.883,3.845,3.846,3.853,3.853,3.847,3.849,3.850,3.849,3.852,3.848,3.845,3.852,3.777
2026-08-24 17:04:16,100.0,34.0,3.843,3.853,3.850,3.850,3.850,3.850,3.849,3.850,3.850,3.845,3.853,3.850,3.883,3.845,3.846,3.853,3.853,3.847,3.849,3.850,3.849,3.852,3.848,3.845,3.852,3.777
2026-08-24 17:04:16,100.0,34.0,3.843,3.853,3.850,3.850,3.850,3.850,3.849,3.850,3.850,3.845,3.853,3.850,3.883,3.845,3.849,3.855,3.856,3.849,3.849,3.850,3.849,3.852,3.848,3.845,3.852,3.777
2026-08-24 17:04:16,100.0,27.3,3.848,3.857,3.856,3.856,3.850,3.850,3.849,3.850,3.850,3.845,3.853,3.850,3.883,3.845,3.849,3.855,3.856,3.849,3.852,3.852,3.851,3.854,3.851,3.849,3.855,3.783
2026-08-24 17:04:16,100.0,27.3,3.848,3.857,3.856,3.856,3.856,3.855,3.854,3.854,3.850,3.845,3.853,3.850,3.883,3.845,3.849,3.855,3.856,3.849,3.852,3.852,3.851,3.854,3.851,3.849,3.855,3.783
2026-08-24 17:04:16,100.0,27.3,3.848,3.857,3.856,3.856,3.856,3.855,3.854,3.854,3.855,3.850,3.853,3.850,3.883,3.845,3.849,3.855,3.856,3.849,3.852,3.852,3.851,3.854,3.851,3.849,3.855,3.783
2026-08-24 17:04:16,100.0,27.3,3.848,3.857,3.856,3.856,3.856,3.855,3.854,3.854,3.855,3.850,3.853,3.850,3.883,3.845,3.849,3.855,3.856,3.849,3.852,3.852,3.851,3.854,3.851,3.849,3.855,3.783
2026-08-24 17:04:16,100.0,27.3,3.848,3.857,3.856,3.856,3.856,3.855,3.854,3.854,3.855,3.850,3.857,3.855,3.889,3.851,3.851,3.858,3.858,3.852,3.853,3.854,3.853,3.857,3.852,3.852,3.858,3.786
2026-08-24 17:04:16,100.0,27.3,3.848,3.857,3.856,3.856,3.856,3.855,3.854,3.854,3.855,3.850,3.857,3.855,3.889,3.851,3.851,3.858,3.858,3.852,3.853,3.854,3.853,3.857,3.852,3.852,3.858,3.786
2026-08-24 17:04:16,100.0,27.3,3.848,3.857,3.856,3.856,3.856,3.855,3.854,3.854,3.855,3.850,3.857,3.855,3.889,3.851,3.851,3.858,3.858,3.852,3.853,3.854,3.853,3.857,3.852,3.852,3.858,3.786
2026-08-24 17:04:16,100.0,27.3,3.848,3.857,3.856,3.856,3.856,3.855,3.854,3.854,3.855,3.850,3.857,3.855,3.889,3.851,3.851,3.858,3.858,3.852,3.853,3.854,3.853,3.857,3.852,3.852,3.858,3.786
2026-08-24 17:04:16,100.1,27.7,3.848,3.857,3.855,3.856,3.856,3.855,3.854,3.854,3.855,3.850,3.857,3.855,3.889,3.851,3.851,3.858,3.858,3.852,3.853,3.854,3.853,3.857,3.852,3.852,3.858,3.786
2026-08-24 17:04:16,100.1,27.7,3.848,3.857,3.855,3.856,3.856,3.855,3.853,3.854,3.855,3.850,3.857,3.855,3.889,3.851,3.851,3.858,3.858,3.852,3.853,3.854,3.853,3.857,3.852,3.852,3.858,3.786
2026-08-24 17:04:16,100.1,27.7,3.848,3.857,3.855,3.856,3.856,3.855,3.853,3.854,3.855,3.850,3.857,3.855,3.889,3.851,3.851,3.858,3.858,3.852,3.853,3.854,3.853,3.857,3.852,3.852,3.858,3.786
2026-08-24 17:04:16,100.1,27.7,3.848,3.857,3.855,3.856,3.856,3.855,3.853,3.854,3.855,3.850,3.857,3.855,3.889,3.851,3.851,3.858,3.858,3.852,3.853,3.854,3.853,3.857,3.852,3.852,3.858,3.786
2026-08-24 17:04:16,100.1,27.7,3.848,3.857,3.855,3.856,3.856,3.855,3.853,3.854,3.855,3.850,3.856,3.855,3.888,3.852,3.850,3.858,3.858,3.852,3.853,3.854,3.853,3.857,3.852,3.852,3.858,3.786
2026-08-24 17:04:16,100.1,27.7,3.848,3.857,3.855,3.856,3.856,3.855,3.853,3.854,3.855,3.850,3.856,3.855,3.888,3.852,3.850,3.858,3.858,3.852,3.853,3.854,3.853,3.857,3.852,3.852,3.858,3.786
2026-08-24 17:04:16,100.1,27.7,3.848,3.857,3.855,3.856,3.856,3.855,3.853,3.854,3.855,3.850,3.856,3.855,3.888,3.852,3.850,3.858,3.858,3.852,3.853,3.854,3.853,3.857,3.852,3.852,3.858,3.786
2026-08-24 17:04:16,100.1,27.7,3.848,3.857,3.855,3.856,3.856,3.855,3.853,3.854,3.855,3.850,3.856,3.855,3.888,3.852,3.850,3.858,3.858,3.852,3.853,3.854,3.853,3.857,3.852,3.852,3.858,3.786
2026-08-24 17:04:16,100.1,26.0,3.848,3.857,3.855,3.856,3.856,3.855,3.853,3.854,3.855,3.850,3.856,3.855,3.888,3.852,3.850,3.858,3.858,3.852,3.853,3.854,3.853,3.857,3.852,3.852,3.858,3.786
2026-08-24 17:04:16,100.1,26.0,3.852,3.860,3.858,3.858,3.856,3.855,3.853,3.854,3.855,3.850,3.856,3.855,3.888,3.852,3.850,3.858,3.858,3.852,3.853,3.853,3.852,3.856,3.852,3.852,3.857,3.785
2026-08-24 17:04:16,100.1,26.0,3.852,3.860,3.858,3.858,3.858,3.857,3.856,3.856,3.855,3.850,3.856,3.855,3.888,3.852,3.850,3.858,3.858,3.852,3.853,3.853,3.852,3.856,3.852,3.852,3.857,3.785
2026-08-24 17:04:16,100.1,26.0,3.852,3.860,3.858,3.858,3.858,3.857,3.856,3.856,3.858,3.853,3.856,3.855,3.888,3.852,3.850,3.858,3.858,3.852,3.853,3.853,3.852,3.856,3.852,3.852,3.857,3.785
2026-08-24 17:04:16,100.1,26.0,3.852,3.860,3.858,3.858,3.858,3.857,3.856,3.856,3.858,3.853,3.856,3.855,3.888,3.852,3.850,3.858,3.858,3.852,3.853,3.853,3.852,3.856,3.852,3.852,3.857,3.785
2026-08-24 17:04:17,100.3,7.9,3.852,3.860,3.858,3.858,3.858,3.857,3.856,3.856,3.858,3.853,3.860,3.858,3.891,3.855,3.858,3.864,3.866,3.860,3.860,3.861,3.861,3.863,3.861,3.861,3.865,3.801
2026-08-24 17:04:17,100.3,7.9,3.852,3.860,3.858,3.858,3.858,3.857,3.856,3.856,3.858,3.853,3.860,3.858,3.891,3.855,3.858,3.864,3.866,3.860,3.860,3.861,3.861,3.863,3.861,3.861,3.865,3.801
2026-08-24 17:04:17,100.3,7.9,3.852,3.860,3.858,3.858,3.858,3.857,3.856,3.856,3.858,3.853,3.860,3.858,3.891,3.855,3.858,3.864,3.866,3.860,3.860,3.861,3.861,3.863,3.861,3.861,3.865,3.801
2026-08-24 17:04:17,100.3,7.9,3.852,3.860,3.858,3.858,3.858,3.857,3.856,3.856,3.858,3.853,3.860,3.858,3.891,3.855,3.858,3.864,3.866,3.860,3.860,3.861,3.861,3.863,3.861,3.861,3.865,3.801
2026-08-24 17:04:17,100.3,7.9,3.871,3.877,3.873,3.873,3.858,3.857,3.856,3.856,3.858,3.853,3.860,3.858,3.891,3.855,3.858,3.864,3.866,3.860,3.860,3.861,3.861,3.863,3.861,3.861,3.865,3.801
2026-08-24 17:04:17,100.3,7.9,3.871,3.877,3.873,3.873,3.873,3.874,3.873,3.873,3.858,3.853,3.860,3.858,3.891,3.855,3.858,3.864,3.866,3.860,3.860,3.861,3.861,3.863,3.861,3.861,3.865,3.801
2026-08-24 17:04:17,100.3,7.9,3.871,3.877,3.873,3.873,3.873,3.874,3.873,3.873,3.875,3.870,3.860,3.858,3.891,3.855,3.858,3.864,3.866,3.860,3.860,3.861,3.861,3.863,3.861,3.861,3.865,3.801
2026-08-24 17:04:17,100.3,7.9,3.871,3.877,3.873,3.873,3.873,3.874,3.873,3.873,3.875,3.870,3.860,3.858,3.891,3.855,3.858,3.864,3.866,3.860,3.860,3.861,3.861,3.863,3.861,3.861,3.865,3.801
2026-08-24 17:04:17,100.3,7.9,3.871,3.877,3.873,3.873,3.873,3.874,3.873,3.873,3.875,3.870,3.875,3.876,3.906,3.875,3.872,3.878,3.880,3.875,3.860,3.861,3.861,3.863,3.861,3.861,3.865,3.801
2026-08-24 17:04:17,100.7,0.8,3.871,3.877,3.873,3.873,3.873,3.874,3.873,3.873,3.875,3.870,3.875,3.876,3.906,3.875,3.872,3.878,3.880,3.875,3.873,3.875,3.873,3.876,3.876,3.876,3.878,3.826
2026-08-24 17:04:17,100.7,0.8,3.871,3.877,3.873,3.873,3.873,3.874,3.873,3.873,3.875,3.870,3.875,3.876,3.906,3.875,3.872,3.878,3.880,3.875,3.873,3.875,3.873,3.876,3.876,3.876,3.878,3.826
2026-08-24 17:04:17,100.7,0.8,3.871,3.877,3.873,3.873,3.873,3.874,3.873,3.873,3.875,3.870,3.875,3.876,3.906,3.875,3.872,3.878,3.880,3.875,3.873,3.875,3.873,3.876,3.876,3.876,3.878,3.826
2026-08-24 17:04:17,100.7,0.8,3.871,3.877,3.873,3.873,3.873,3.874,3.873,3.873,3.875,3.870,3.875,3.876,3.906,3.875,3.872,3.878,3.880,3.875,3.873,3.875,3.873,3.876,3.876,3.876,3.878,3.826
2026-08-24 17:04:17,100.7,0.8,3.872,3.878,3.874,3.875,3.873,3.874,3.873,3.873,3.875,3.870,3.875,3.876,3.906,3.875,3.872,3.878,3.880,3.875,3.874,3.876,3.874,3.876,3.876,3.876,3.878,3.826
2026-08-24 17:04:17,100.7,0.8,3.872,3.878,3.874,3.875,3.874,3.875,3.874,3.874,3.875,3.870,3.875,3.876,3.906,3.875,3.872,3.878,3.880,3.875,3.874,3.876,3.874,3.876,3.876,3.876,3.878,3.826
2026-08-24 17:04:17,100.7,0.8,3.872,3.878,3.874,3.875,3.874,3.875,3.874,3.874,3.875,3.871,3.875,3.876,3.906,3.875,3.872,3.878,3.880,3.875,3.874,3.876,3.874,3.876,3.876,3.876,3.878,3.826
2026-08-24 17:04:17,100.7,0.8,3.872,3.878,3.874,3.875,3.874,3.875,3.874,3.874,3.875,3.871,3.875,3.876,3.906,3.875,3.872,3.878,3.880,3.875,3.874,3.876,3.874,3.876,3.876,3.876,3.878,3.826
2026-08-24 17:04:17,100.7,0.8,3.872,3.878,3.874,3.875,3.874,3.875,3.874,3.874,3.875,3.871,3.875,3.876,3.906,3.875,3.872,3.878,3.880,3.875,3.874,3.876,3.874,3.876,3.876,3.876,3.878,3.826
2026-08-24 17:04:17,100.7,0.8,3.872,3.878,3.874,3.875,3.874,3.875,3.874,3.874,3.875,3.871,3.877,3.877,3.907,3.877,3.872,3.878,3.880,3.875,3.874,3.876,3.874,3.876,3.876,3.876,3.878,3.826
2026-08-24 17:04:17,100.7,0.8,3.872,3.878,3.874,3.875,3.874,3.875,3.874,3.874,3.875,3.871,3.877,3.877,3.907,3.877,3.872,3.878,3.880,3.875,3.874,3.876,3.874,3.876,3.876,3.876,3.878,3.826
2026-08-24 17:04:17,100.7,0.8,3.872,3.878,3.874,3.875,3.874,3.875,3.874,3.874,3.875,3.871,3.877,3.877,3.907,3.877,3.872,3.878,3.880,3.875,3.874,3.876,3.874,3.876,3.876,3.876,3.878,3.826
2026-08-24 17:04:17,100.7,0.8,3.872,3.878,3.874,3.875,3.874,3.875,3.874,3.874,3.875,3.871,3.877,3.877,3.907,3.877,3.872,3.878,3.880,3.875,3.874,3.876,3.874,3.876,3.876,3.876,3.878,3.826
2026-08-24 17:04:17,100.7,0.8,3.872,3.878,3.874,3.876,3.874,3.875,3.874,3.874,3.875,3.871,3.877,3.877,3.907,3.877,3.872,3.878,3.880,3.875,3.874,3.876,3.874,3.876,3.876,3.876,3.878,3.826
2026-08-24 17:04:17,100.7,0.8,3.872,3.878,3.874,3.876,3.874,3.876,3.874,3.874,3.875,3.871,3.877,3.877,3.907,3.877,3.872,3.878,3.880,3.875,3.874,3.876,3.874,3.876,3.876,3.876,3.878,3.826
2026-08-24 17:04:17,100.7,0.8,3.872,3.878,3.874,3.876,3.874,3.876,3.874,3.874,3.876,3.872,3.877,3.877,3.907,3.877,3.872,3.878,3.880,3.875,3.874,3.876,3.874,3.876,3.876,3.876,3.878,3.826
2026-08-24 17:04:17,100.7,0.8,3.872,3.878,3.874,3.876,3.874,3.876,3.874,3.874,3.876,3.872,3.877,3.877,3.907,3.877,3.872,3.878,3.880,3.875,3.874,3.876,3.874,3.876,3.876,3.876,3.878,3.826
2026-08-24 17:04:17,100.7,0.8,3.872,3.878,3.874,3.876,3.874,3.876,3.874,3.874,3.876,3.872,3.877,3.877,3.907,3.877,3.872,3.878,3.880,3.875,3.874,3.876,3.874,3.876,3.876,3.876,3.878,3.826
2026-08-24 17:04:17,100.7,0.8,3.872,3.878,3.874,3.876,3.874,3.876,3.874,3.874,3.876,3.872,3.877,3.877,3.907,3.877,3.872,3.878,3.880,3.875,3.874,3.876,3.874,3.876,3.876,3.876,3.878,3.826
2026-08-24 17:04:17,100.7,0.8,3.872,3.878,3.874,3.876,3.874,3.876,3.874,3.874,3.876,3.872,3.877,3.877,3.907,3.877,3.872,3.878,3.880,3.875,3.874,3.876,3.874,3.876,3.876,3.876,3.878,3.826
2026-08-24 17:04:17,100.7,0.8,3.872,3.878,3.874,3.876,3.874,3.876,3.874,3.874,3.876,3.872,3.877,3.877,3.907,3.877,3.872,3.878,3.880,3.875,3.874,3.876,3.874,3.876,3.876,3.876,3.878,3.826
2026-08-24 17:04:17,100.7,0.8,3.872,3.878,3.874,3.876,3.874,3.876,3.874,3.874,3.876,3.872,3.877,3.877,3.907,3.877,3.873,3.878,3.881,3.876,3.874,3.876,3.874,3.876,3.876,3.876,3.878,3.826
2026-08-24 17:04:17,100.7,0.8,3.872,3.878,3.874,3.876,3.874,3.876,3.874,3.874,3.876,3.872,3.877,3.877,3.907,3.877,3.873,3.878,3.881,3.876,3.874,3.876,3.874,3.876,3.876,3.876,3.878,3.826
2026-08-24 17:04:18,100.7,0.8,3.872,3.878,3.874,3.876,3.874,3.876,3.874,3.874,3.876,3.872,3.877,3.877,3.907,3.877,3.873,3.878,3.881,3.876,3.874,3.876,3.874,3.876,3.876,3.876,3.878,3.826
2026-08-24 17:04:18,100.7,0.8,3.872,3.878,3.874,3.876,3.874,3.876,3.874,3.874,3.876,3.872,3.877,3.877,3.907,3.877,3.873,3.878,3.881,3.876,3.874,3.876,3.874,3.876,3.876,3.876,3.878,3.826
2026-08-24 17:04:18,100.7,0.8,3.872,3.878,3.874,3.876,3.874,3.876,3.874,3.875,3.876,3.872,3.877,3.877,3.907,3.877,3.873,3.879,3.881,3.876,3.874,3.876,3.874,3.876,3.876,3.876,3.878,3.826
2026-08-24 17:04:18,100.7,0.8,3.872,3.878,3.874,3.876,3.874,3.876,3.874,3.875,3.876,3.872,3.877,3.877,3.907,3.877,3.873,3.879,3.881,3.876,3.874,3.876,3.874,3.876,3.876,3.876,3.878,3.826
2026-08-24 17:04:18,100.7,0.8,3.872,3.878,3.874,3.876,3.874,3.876,3.874,3.875,3.876,3.872,3.877,3.877,3.907,3.877,3.873,3.879,3.881,3.876,3.874,3.876,3.874,3.876,3.876,3.876,3.878,3.826
2026-08-24 17:04:18,100.7,0.8,3.872,3.878,3.875,3.875,3.874,3.876,3.874,3.875,3.876,3.872,3.878,3.877,3.908,3.877,3.873,3.879,3.881,3.876,3.874,3.876,3.874,3.876,3.876,3.878,3.879,3.826
2026-08-24 17:04:18,100.7,0.8,3.872,3.878,3.875,3.875,3.874,3.876,3.874,3.875,3.876,3.872,3.878,3.877,3.908,3.877,3.873,3.879,3.881,3.876,3.874,3.876,3.874,3.876,3.876,3.878,3.879,3.826
2026-08-24 17:04:18,100.7,0.8,3.872,3.878,3.875,3.875,3.874,3.876,3.874,3.875,3.876,3.872,3.878,3.877,3.908,3.877,3.873,3.879,3.881,3.876,3.874,3.876,3.874,3.876,3.876,3.878,3.879,3.826
2026-08-24 17:04:18,100.7,0.8,3.872,3.878,3.875,3.875,3.874,3.876,3.874,3.875,3.876,3.872,3.878,3.877,3.908,3.877,3.873,3.879,3.881,3.876,3.874,3.876,3.874,3.876,3.876,3.878,3.879,3.826
2026-08-24 17:04:18,100.7,0.8,3.872,3.878,3.875,3.875,3.874,3.876,3.874,3.875,3.876,3.872,3.878,3.877,3.908,3.877,3.873,3.879,3.881,3.876,3.874,3.876,3.874,3.876,3.876,3.878,3.879,3.826
2026-08-24 17:04:18,100.7,0.8,3.872,3.878,3.875,3.875,3.874,3.876,3.874,3.875,3.876,3.872,3.878,3.877,3.908,3.877,3.873,3.879,3.881,3.876,3.874,3.876,3.874,3.876,3.876,3.878,3.879,3.826
2026-08-24 17:04:18,100.7,0.8,3.872,3.878,3.875,3.875,3.874,3.876,3.874,3.875,3.876,3.872,3.878,3.877,3.908,3.877,3.873,3.879,3.881,3.876,3.874,3.876,3.874,3.876,3.876,3.878,3.879,3.826
2026-08-24 17:04:18,100.7,0.8,3.872,3.878,3.875,3.875,3.874,3.876,3.874,3.875,3.876,3.872,3.878,3.877,3.908,3.877,3.873,3.879,3.881,3.876,3.874,3.876,3.874,3.876,3.876,3.878,3.879,3.826
2026-08-24 17:04:18,100.7,0.7,3.872,3.878,3.875,3.876,3.874,3.876,3.874,3.875,3.876,3.872,3.878,3.877,3.908,3.877,3.873,3.878,3.881,3.876,3.874,3.876,3.874,3.876,3.876,3.878,3.879,3.826
2026-08-24 17:04:18,100.7,0.7,3.872,3.878,3.875,3.876,3.875,3.877,3.874,3.875,3.876,3.872,3.878,3.877,3.908,3.877,3.873,3.878,3.881,3.876,3.874,3.876,3.874,3.876,3.876,3.878,3.879,3.826
2026-08-24 17:04:18,100.7,0.7,3.872,3.878,3.875,3.876,3.875,3.877,3.874,3.875,3.876,3.872,3.878,3.877,3.908,3.877,3.873,3.878,3.881,3.876,3.874,3.876,3.874,3.876,3.876,3.878,3.879,3.826
2026-08-24 17:04:18,100.7,0.7,3.872,3.878,3.875,3.876,3.875,3.877,3.874,3.875,3.876,3.872,3.878,3.877,3.908,3.877,3.873,3.878,3.881,3.876,3.874,3.876,3.874,3.876,3.876,3.878,3.879,3.826
2026-08-24 17:04:18,100.7,0.7,3.872,3.878,3.875,3.876,3.875,3.877,3.874,3.875,3.876,3.872,3.878,3.877,3.909,3.877,3.873,3.878,3.881,3.876,3.874,3.876,3.874,3.876,3.876,3.878,3.880,3.826
2026-08-24 17:04:18,100.7,0.7,3.872,3.878,3.875,3.876,3.875,3.877,3.874,3.875,3.876,3.872,3.878,3.877,3.909,3.877,3.873,3.878,3.881,3.876,3.874,3.876,3.874,3.876,3.876,3.878,3.880,3.826
2026-08-24 17:04:18,100.7,0.7,3.872,3.878,3.875,3.876,3.875,3.877,3.874,3.875,3.876,3.872,3.878,3.877,3.909,3.877,3.873,3.878,3.881,3.876,3.874,3.876,3.874,3.876,3.876,3.878,3.880,3.826
2026-08-24 17:04:18,100.7,0.7,3.872,3.878,3.875,3.876,3.875,3.877,3.874,3.875,3.876,3.872,3.878,3.877,3.909,3.877,3.873,3.878,3.881,3.876,3.874,3.876,3.874,3.876,3.876,3.878,3.880,3.826
2026-08-24 17:04:18,100.7,0.7,3.872,3.878,3.875,3.876,3.875,3.877,3.874,3.875,3.876,3.872,3.878,3.877,3.909,3.877,3.873,3.878,3.881,3.876,3.874,3.876,3.874,3.876,3.876,3.878,3.880,3.826
2026-08-24 17:04:18,100.7,0.7,3.872,3.878,3.875,3.876,3.875,3.877,3.874,3.875,3.876,3.872,3.878,3.877,3.909,3.877,3.873,3.878,3.881,3.876,3.874,3.876,3.874,3.876,3.876,3.878,3.880,3.826
2026-08-24 17:04:18,100.7,0.7,3.872,3.878,3.875,3.876,3.875,3.877,3.874,3.875,3.876,3.872,3.878,3.877,3.909,3.877,3.873,3.878,3.881,3.876,3.874,3.876,3.874,3.876,3.876,3.878,3.880,3.826
2026-08-24 17:04:18,100.7,0.7,3.872,3.878,3.875,3.876,3.875,3.877,3.874,3.875,3.876,3.872,3.878,3.877,3.909,3.877,3.873,3.878,3.881,3.876,3.874,3.876,3.874,3.876,3.876,3.878,3.880,3.826
2026-08-24 17:04:18,100.7,0.7,3.872,3.878,3.876,3.876,3.875,3.877,3.874,3.875,3.876,3.872,3.878,3.877,3.909,3.877,3.873,3.878,3.881,3.876,3.874,3.876,3.874,3.876,3.876,3.878,3.880,3.826
2026-08-24 17:04:18,100.7,0.7,3.872,3.878,3.876,3.876,3.875,3.876,3.874,3.875,3.876,3.872,3.878,3.877,3.909,3.877,3.873,3.878,3.881,3.876,3.874,3.876,3.874,3.876,3.876,3.878,3.880,3.826
2026-08-24 17:04:18,100.7,0.7,3.872,3.878,3.876,3.876,3.875,3.876,3.874,3.875,3.876,3.872,3.878,3.877,3.909,3.877,3.873,3.878,3.881,3.876,3.874,3.876,3.874,3.876,3.876,3.878,3.880,3.826
2026-08-24 17:04:18,100.7,0.7,3.872,3.878,3.876,3.876,3.875,3.876,3.874,3.875,3.876,3.872,3.878,3.877,3.909,3.877,3.873,3.878,3.881,3.876,3.874,3.876,3.874,3.876,3.876,3.878,3.880,3.826
2026-08-24 17:04:18,100.7,0.7,3.872,3.878,3.876,3.876,3.875,3.876,3.874,3.875,3.876,3.872,3.878,3.877,3.908,3.877,3.873,3.878,3.881,3.876,3.874,3.876,3.874,3.876,3.876,3.878,3.880,3.826
2026-08-24 17:04:18,100.7,0.7,3.872,3.878,3.876,3.876,3.875,3.876,3.874,3.875,3.876,3.872,3.878,3.877,3.908,3.877,3.873,3.878,3.881,3.876,3.874,3.876,3.874,3.876,3.876,3.878,3.880,3.826
2026-08-24 17:04:18,100.7,0.7,3.872,3.878,3.876,3.876,3.875,3.876,3.874,3.875,3.876,3.872,3.878,3.877,3.908,3.877,3.873,3.878,3.881,3.876,3.874,3.876,3.874,3.876,3.876,3.878,3.880,3.826
2026-08-24 17:04:18,100.7,0.7,3.872,3.878,3.876,3.876,3.875,3.876,3.874,3.875,3.876,3.872,3.878,3.877,3.908,3.877,3.873,3.878,3.881,3.876,3.874,3.876,3.874,3.876,3.876,3.878,3.880,3.826
2026-08-24 17:04:18,100.7,1.7,3.872,3.877,3.874,3.875,3.875,3.876,3.874,3.875,3.876,3.872,3.878,3.877,3.908,3.877,3.873,3.878,3.881,3.876,3.874,3.876,3.874,3.876,3.876,3.876,3.879,3.825
2026-08-24 17:04:18,100.7,1.7,3.872,3.877,3.874,3.875,3.874,3.875,3.873,3.874,3.876,3.872,3.878,3.877,3.908,3.877,3.873,3.878,3.881,3.876,3.874,3.876,3.874,3.876,3.876,3.876,3.879,3.825
2026-08-24 17:04:18,100.7,1.7,3.872,3.877,3.874,3.875,3.874,3.875,3.873,3.874,3.875,3.871,3.878,3.877,3.908,3.877,3.873,3.878,3.881,3.876,3.874,3.876,3.874,3.876,3.876,3.876,3.879,3.825
2026-08-24 17:04:18,100.7,1.7,3.872,3.877,3.874,3.875,3.874,3.875,3.873,3.874,3.875,3.871,3.878,3.877,3.908,3.877,3.873,3.878,3.881,3.876,3.874,3.876,3.874,3.876,3.876,3.876,3.879,3.825
2026-08-24 17:04:19,100.7,1.7,3.872,3.877,3.874,3.875,3.874,3.875,3.873,3.874,3.875,3.871,3.877,3.877,3.907,3.876,3.873,3.878,3.881,3.876,3.874,3.876,3.874,3.876,3.876,3.876,3.879,3.825
2026-08-24 17:04:19,100.7,1.7,3.872,3.877,3.874,3.875,3.874,3.875,3.873,3.874,3.875,3.871,3.877,3.877,3.907,3.876,3.873,3.878,3.881,3.876,3.874,3.876,3.874,3.876,3.876,3.876,3.879,3.825
2026-08-24 17:04:19,100.7,1.7,3.872,3.877,3.874,3.875,3.874,3.875,3.873,3.874,3.875,3.871,3.877,3.877,3.907,3.876,3.873,3.878,3.881,3.876,3.874,3.876,3.874,3.876,3.876,3.876,3.879,3.825
2026-08-24 17:04:19,100.7,1.7,3.872,3.877,3.874,3.875,3.874,3.875,3.873,3.874,3.875,3.871,3.877,3.877,3.907,3.876,3.873,3.878,3.881,3.876,3.874,3.876,3.874,3.876,3.876,3.876,3.879,3.825
2026-08-24 17:04:19,100.7,1.7,3.871,3.875,3.873,3.874,3.874,3.875,3.873,3.874,3.875,3.871,3.877,3.877,3.907,3.876,3.872,3.877,3.879,3.875,3.872,3.875,3.873,3.876,3.875,3.876,3.878,3.823
2026-08-24 17:04:19,100.7,1.7,3.871,3.875,3.873,3.874,3.874,3.874,3.871,3.873,3.875,3.871,3.877,3.877,3.907,3.876,3.872,3.877,3.879,3.875,3.872,3.875,3.873,3.876,3.875,3.876,3.878,3.823
2026-08-24 17:04:19,100.7,1.7,3.871,3.875,3.873,3.874,3.874,3.874,3.871,3.873,3.874,3.869,3.877,3.877,3.907,3.876,3.872,3.877,3.879,3.875,3.872,3.875,3.873,3.876,3.875,3.876,3.878,3.823
2026-08-24 17:04:19,100.7,1.7,3.871,3.875,3.873,3.874,3.874,3.874,3.871,3.873,3.874,3.869,3.877,3.877,3.907,3.876,3.872,3.877,3.879,3.875,3.872,3.875,3.873,3.876,3.875,3.876,3.878,3.823
2026-08-24 17:04:19,100.7,1.7,3.871,3.875,3.873,3.874,3.874,3.874,3.871,3.873,3.874,3.869,3.875,3.876,3.906,3.874,3.872,3.877,3.879,3.875,3.872,3.875,3.873,3.876,3.875,3.876,3.878,3.823
2026-08-24 17:04:19,100.7,1.7,3.871,3.875,3.873,3.874,3.874,3.874,3.871,3.873,3.874,3.869,3.875,3.876,3.906,3.874,3.872,3.877,3.879,3.875,3.872,3.875,3.873,3.876,3.875,3.876,3.878,3.823
2026-08-24 17:04:19,100.7,1.7,3.871,3.875,3.873,3.874,3.874,3.874,3.871,3.873,3.874,3.869,3.875,3.876,3.906,3.874,3.872,3.877,3.879,3.875,3.872,3.875,3.873,3.876,3.875,3.876,3.878,3.823
2026-08-24 17:04:19,100.7,1.7,3.871,3.875,3.873,3.874,3.874,3.874,3.871,3.873,3.874,3.869,3.875,3.876,3.906,3.874,3.872,3.877,3.879,3.875,3.872,3.875,3.873,3.876,3.875,3.876,3.878,3.823
2026-08-24 17:04:19,100.7,6.3,3.863,3.870,3.867,3.867,3.874,3.874,3.871,3.873,3.874,3.869,3.875,3.876,3.906,3.874,3.869,3.875,3.877,3.871,3.870,3.872,3.870,3.874,3.872,3.873,3.875,3.819
2026-08-24 17:04:19,100.7,6.3,3.863,3.870,3.867,3.867,3.867,3.867,3.865,3.866,3.874,3.869,3.875,3.876,3.906,3.874,3.869,3.875,3.877,3.871,3.870,3.872,3.870,3.874,3.872,3.873,3.875,3.819
2026-08-24 17:04:19,100.7,6.3,3.863,3.870,3.867,3.867,3.867,3.867,3.865,3.866,3.867,3.862,3.875,3.876,3.906,3.874,3.869,3.875,3.877,3.871,3.870,3.872,3.870,3.874,3.872,3.873,3.875,3.819
2026-08-24 17:04:19,100.7,6.3,3.863,3.870,3.867,3.867,3.867,3.867,3.865,3.866,3.867,3.862,3.875,3.876,3.906,3.874,3.869,3.875,3.877,3.871,3.870,3.872,3.870,3.874,3.872,3.873,3.875,3.819
2026-08-24 17:04:19,100.4,6.3,3.863,3.870,3.867,3.867,3.867,3.867,3.865,3.866,3.867,3.862,3.869,3.869,3.900,3.866,3.861,3.867,3.869,3.863,3.863,3.864,3.863,3.865,3.864,3.863,3.867,3.804
2026-08-24 17:04:19,100.4,6.3,3.863,3.870,3.867,3.867,3.867,3.867,3.865,3.866,3.867,3.862,3.869,3.869,3.900,3.866,3.861,3.867,3.869,3.863,3.863,3.864,3.863,3.865,3.864,3.863,3.867,3.804
2026-08-24 17:04:19,100.4,6.3,3.863,3.870,3.867,3.867,3.867,3.867,3.865,3.866,3.867,3.862,3.869,3.869,3.900,3.866,3.861,3.867,3.869,3.863,3.863,3.864,3.863,3.865,3.864,3.863,3.867,3.804
2026-08-24 17:04:19,100.4,6.3,3.863,3.870,3.867,3.867,3.867,3.867,3.865,3.866,3.867,3.862,3.869,3.869,3.900,3.866,3.861,3.867,3.869,3.863,3.863,3.864,3.863,3.865,3.864,3.863,3.867,3.804
2026-08-24 17:04:19,100.4,6.3,3.858,3.865,3.862,3.862,3.867,3.867,3.865,3.866,3.867,3.862,3.869,3.869,3.900,3.866,3.861,3.867,3.869,3.863,3.863,3.864,3.863,3.865,3.864,3.863,3.867,3.804
2026-08-24 17:04:19,100.4,6.3,3.858,3.865,3.862,3.862,3.862,3.862,3.861,3.862,3.867,3.862,3.869,3.869,3.900,3.866,3.861,3.867,3.869,3.863,3.863,3.864,3.863,3.865,3.864,3.863,3.867,3.804
2026-08-24 17:04:19,100.4,6.3,3.858,3.865,3.862,3.862,3.862,3.862,3.861,3.862,3.862,3.858,3.869,3.869,3.900,3.866,3.861,3.867,3.869,3.863,3.863,3.864,3.863,3.865,3.864,3.863,3.867,3.804
2026-08-24 17:04:19,100.4,6.3,3.858,3.865,3.862,3.862,3.862,3.862,3.861,3.862,3.862,3.858,3.869,3.869,3.900,3.866,3.861,3.867,3.869,3.863,3.863,3.864,3.863,3.865,3.864,3.863,3.867,3.804
2026-08-24 17:04:19,100.3,6.3,3.858,3.865,3.862,3.862,3.862,3.862,3.861,3.862,3.862,3.858,3.864,3.864,3.895,3.860,3.861,3.867,3.869,3.863,3.863,3.864,3.863,3.865,3.864,3.863,3.867,3.804
2026-08-24 17:04:19,100.3,6.3,3.858,3.865,3.862,3.862,3.862,3.862,3.861,3.862,3.862,3.858,3.864,3.864,3.895,3.860,3.858,3.864,3.866,3.860,3.860,3.862,3.860,3.863,3.862,3.860,3.864,3.799
2026-08-24 17:04:19,100.3,6.3,3.858,3.865,3.862,3.862,3.862,3.862,3.861,3.862,3.862,3.858,3.864,3.864,3.895,3.860,3.858,3.864,3.866,3.860,3.860,3.862,3.860,3.863,3.862,3.860,3.864,3.799
2026-08-24 17:04:19,100.3,6.3,3.858,3.865,3.862,3.862,3.862,3.862,3.861,3.862,3.862,3.858,3.864,3.864,3.895,3.860,3.858,3.864,3.866,3.860,3.860,3.862,3.860,3.863,3.862,3.860,3.864,3.799
2026-08-24 17:04:20,100.3,6.3,3.858,3.865,3.862,3.862,3.862,3.862,3.861,3.862,3.862,3.858,3.864,3.864,3.895,3.860,3.858,3.864,3.866,3.860,3.860,3.862,3.860,3.863,3.862,3.860,3.864,3.799
2026-08-24 17:04:20,100.3,6.3,3.860,3.867,3.865,3.865,3.862,3.862,3.861,3.862,3.862,3.858,3.864,3.864,3.895,3.860,3.858,3.864,3.866,3.860,3.860,3.862,3.860,3.863,3.862,3.860,3.864,3.799
2026-08-24 17:04:20,100.3,6.3,3.860,3.867,3.865,3.865,3.865,3.865,3.863,3.865,3.862,3.858,3.864,3.864,3.895,3.860,3.858,3.864,3.866,3.860,3.860,3.862,3.860,3.863,3.862,3.860,3.864,3.799
2026-08-24 17:04:20,100.3,6.3,3.860,3.867,3.865,3.865,3.865,3.865,3.863,3.865,3.865,3.860,3.864,3.864,3.895,3.860,3.858,3.864,3.866,3.860,3.860,3.862,3.860,3.863,3.862,3.860,3.864,3.799
2026-08-24 17:04:20,100.3,6.3,3.860,3.867,3.865,3.865,3.865,3.865,3.863,3.865,3.865,3.860,3.864,3.864,3.895,3.860,3.858,3.864,3.866,3.860,3.860,3.862,3.860,3.863,3.862,3.860,3.864,3.799
2026-08-24 17:04:20,100.4,14.4,3.860,3.867,3.865,3.865,3.865,3.865,3.863,3.865,3.865,3.860,3.864,3.864,3.895,3.860,3.858,3.864,3.866,3.860,3.860,3.862,3.860,3.863,3.862,3.860,3.864,3.799
2026-08-24 17:04:20,100.4,14.4,3.860,3.867,3.865,3.865,3.865,3.865,3.863,3.865,3.865,3.860,3.866,3.866,3.898,3.863,3.862,3.868,3.869,3.863,3.863,3.864,3.863,3.866,3.864,3.865,3.868,3.806
2026-08-24 17:04:20,100.4,14.4,3.860,3.867,3.865,3.865,3.865,3.865,3.863,3.865,3.865,3.860,3.866,3.866,3.898,3.863,3.862,3.868,3.869,3.863,3.863,3.864,3.863,3.866,3.864,3.865,3.868,3.806
2026-08-24 17:04:20,100.4,14.4,3.860,3.867,3.865,3.865,3.865,3.865,3.863,3.865,3.865,3.860,3.866,3.866,3.898,3.863,3.862,3.868,3.869,3.863,3.863,3.864,3.863,3.866,3.864,3.865,3.868,3.806
2026-08-24 17:04:20,100.4,14.4,3.860,3.867,3.865,3.865,3.865,3.865,3.863,3.865,3.865,3.860,3.866,3.866,3.898,3.863,3.862,3.868,3.869,3.863,3.863,3.864,3.863,3.866,3.864,3.865,3.868,3.806
2026-08-24 17:04:20,100.4,13.2,3.862,3.868,3.866,3.867,3.865,3.865,3.863,3.865,3.865,3.860,3.866,3.866,3.898,3.863,3.862,3.868,3.869,3.863,3.863,3.864,3.863,3.866,3.864,3.865,3.868,3.806
2026-08-24 17:04:20,100.4,13.2,3.862,3.868,3.866,3.867,3.866,3.867,3.864,3.866,3.865,3.860,3.866,3.866,3.898,3.863,3.862,3.868,3.869,3.863,3.863,3.864,3.863,3.866,3.864,3.865,3.868,3.806
2026-08-24 17:04:20,100.4,13.2,3.862,3.868,3.866,3.867,3.866,3.867,3.864,3.866,3.867,3.862,3.866,3.866,3.898,3.863,3.862,3.868,3.869,3.863,3.863,3.864,3.863,3.866,3.864,3.865,3.868,3.806
2026-08-24 17:04:20,100.4,13.2,3.862,3.868,3.866,3.867,3.866,3.867,3.864,3.866,3.867,3.862,3.866,3.866,3.898,3.863,3.862,3.868,3.869,3.863,3.863,3.864,3.863,3.866,3.864,3.865,3.868,3.806
2026-08-24 17:04:20,100.4,13.2,3.862,3.868,3.866,3.867,3.866,3.867,3.864,3.866,3.867,3.862,3.868,3.867,3.899,3.865,3.862,3.869,3.870,3.864,3.864,3.865,3.864,3.868,3.865,3.866,3.870,3.809
2026-08-24 17:04:20,100.4,13.2,3.862,3.868,3.866,3.867,3.866,3.867,3.864,3.866,3.867,3.862,3.868,3.867,3.899,3.865,3.862,3.869,3.870,3.864,3.864,3.865,3.864,3.868,3.865,3.866,3.870,3.809
2026-08-24 17:04:20,100.4,13.2,3.862,3.868,3.866,3.867,3.866,3.867,3.864,3.866,3.867,3.862,3.868,3.867,3.899,3.865,3.862,3.869,3.870,3.864,3.864,3.865,3.864,3.868,3.865,3.866,3.870,3.809
2026-08-24 17:04:20,100.4,13.2,3.862,3.868,3.866,3.867,3.866,3.867,3.864,3.866,3.867,3.862,3.868,3.867,3.899,3.865,3.862,3.869,3.870,3.864,3.864,3.865,3.864,3.868,3.865,3.866,3.870,3.809
2026-08-24 17:04:20,100.5,13.2,3.872,3.878,3.875,3.875,3.866,3.867,3.864,3.866,3.867,3.862,3.868,3.867,3.899,3.865,3.862,3.869,3.870,3.864,3.864,3.865,3.864,3.868,3.876,3.877,3.879,3.826
2026-08-24 17:04:20,100.5,13.2,3.872,3.878,3.875,3.875,3.874,3.876,3.874,3.874,3.867,3.862,3.868,3.867,3.899,3.865,3.862,3.869,3.870,3.864,3.864,3.865,3.864,3.868,3.876,3.877,3.879,3.826
2026-08-24 17:04:20,100.5,13.2,3.872,3.878,3.875,3.875,3.874,3.876,3.874,3.874,3.876,3.872,3.868,3.867,3.899,3.865,3.862,3.869,3.870,3.864,3.864,3.865,3.864,3.868,3.876,3.877,3.879,3.826
2026-08-24 17:04:20,100.5,13.2,3.872,3.878,3.875,3.875,3.874,3.876,3.874,3.874,3.876,3.872,3.868,3.867,3.899,3.865,3.862,3.869,3.870,3.864,3.864,3.865,3.864,3.868,3.876,3.877,3.879,3.826
2026-08-24 17:04:20,100.5,13.2,3.872,3.878,3.875,3.875,3.874,3.876,3.874,3.874,3.876,3.872,3.868,3.867,3.899,3.865,3.873,3.878,3.881,3.875,3.873,3.875,3.874,3.876,3.876,3.877,3.879,3.826
2026-08-24 17:04:20,100.5,13.2,3.872,3.878,3.875,3.875,3.874,3.876,3.874,3.874,3.876,3.872,3.877,3.877,3.908,3.877,3.873,3.878,3.881,3.875,3.873,3.875,3.874,3.876,3.876,3.877,3.879,3.826
2026-08-24 17:04:20,100.5,13.2,3.872,3.878,3.875,3.875,3.874,3.876,3.874,3.874,3.876,3.872,3.877,3.877,3.908,3.877,3.873,3.878,3.881,3.875,3.873,3.875,3.874,3.876,3.876,3.877,3.879,3.826
2026-08-24 17:04:20,100.5,13.2,3.872,3.878,3.875,3.875,3.874,3.876,3.874,3.874,3.876,3.872,3.877,3.877,3.908,3.877,3.873,3.878,3.881,3.875,3.873,3.875,3.874,3.876,3.876,3.877,3.879,3.826
2026-08-24 17:04:20,100.5,13.2,3.872,3.878,3.875,3.875,3.874,3.876,3.874,3.874,3.876,3.872,3.877,3.877,3.908,3.877,3.873,3.878,3.881,3.875,3.873,3.875,3.874,3.876,3.876,3.877,3.879,3.826
2026-08-24 17:04:21,100.5,0.7,3.872,3.879,3.875,3.876,3.874,3.876,3.874,3.874,3.876,3.872,3.878,3.877,3.908,3.877,3.874,3.879,3.882,3.876,3.874,3.876,3.875,3.876,3.876,3.878,3.880,3.826
2026-08-24 17:04:21,100.5,0.7,3.872,3.879,3.875,3.876,3.875,3.876,3.874,3.875,3.876,3.872,3.878,3.877,3.908,3.877,3.874,3.879,3.882,3.876,3.874,3.876,3.875,3.876,3.876,3.878,3.880,3.826
2026-08-24 17:04:21,100.5,0.7,3.872,3.879,3.875,3.876,3.875,3.876,3.874,3.875,3.876,3.872,3.878,3.877,3.908,3.877,3.874,3.879,3.882,3.876,3.874,3.876,3.875,3.876,3.876,3.878,3.880,3.826
2026-08-24 17:04:21,100.5,0.7,3.872,3.879,3.875,3.876,3.875,3.876,3.874,3.875,3.876,3.872,3.878,3.877,3.908,3.877,3.874,3.879,3.882,3.876,3.874,3.876,3.875,3.876,3.876,3.878,3.880,3.826
2026-08-24 17:04:21,100.5,0.7,3.872,3.879,3.875,3.876,3.875,3.876,3.874,3.875,3.876,3.872,3.878,3.877,3.908,3.877,3.874,3.879,3.882,3.876,3.874,3.876,3.875,3.876,3.876,3.878,3.880,3.826
2026-08-24 17:04:21,100.5,0.7,3.872,3.879,3.875,3.876,3.875,3.876,3.874,3.875,3.876,3.872,3.878,3.877,3.908,3.877,3.874,3.879,3.882,3.876,3.874,3.876,3.875,3.876,3.876,3.878,3.880,3.826
2026-08-24 17:04:21,100.5,0.7,3.872,3.879,3.875,3.876,3.875,3.876,3.874,3.875,3.876,3.872,3.878,3.877,3.908,3.877,3.874,3.879,3.882,3.876,3.874,3.876,3.875,3.876,3.876,3.878,3.880,3.826
2026-08-24 17:04:21,100.5,0.7,3.872,3.879,3.875,3.876,3.875,3.876,3.874,3.875,3.876,3.872,3.878,3.877,3.908,3.877,3.874,3.879,3.882,3.876,3.874,3.876,3.875,3.876,3.876,3.878,3.880,3.826
2026-08-24 17:04:21,100.7,0.7,3.872,3.879,3.875,3.876,3.875,3.876,3.874,3.875,3.876,3.872,3.878,3.877,3.908,3.877,3.874,3.879,3.882,3.876,3.874,3.876,3.875,3.876,3.876,3.878,3.880,3.826
2026-08-24 17:04:21,100.7,0.7,3.873,3.878,3.875,3.876,3.875,3.876,3.874,3.875,3.876,3.872,3.878,3.877,3.909,3.877,3.874,3.879,3.882,3.876,3.874,3.876,3.875,3.876,3.876,3.878,3.880,3.826
2026-08-24 17:04:21,100.7,0.7,3.873,3.878,3.875,3.876,3.875,3.876,3.874,3.875,3.876,3.872,3.878,3.877,3.909,3.877,3.874,3.879,3.882,3.876,3.874,3.876,3.875,3.876,3.876,3.878,3.880,3.826
2026-08-24 17:04:21,100.7,0.7,3.873,3.878,3.875,3.876,3.875,3.876,3.874,3.875,3.876,3.872,3.878,3.877,3.909,3.877,3.874,3.879,3.882,3.876,3.874,3.876,3.875,3.876,3.876,3.878,3.880,3.826
2026-08-24 17:04:21,100.7,0.7,3.873,3.878,3.875,3.876,3.875,3.876,3.874,3.875,3.876,3.872,3.878,3.877,3.909,3.877,3.874,3.879,3.882,3.876,3.874,3.876,3.875,3.876,3.876,3.878,3.880,3.826
2026-08-24 17:04:21,100.7,0.7,3.873,3.878,3.875,3.876,3.875,3.876,3.874,3.875,3.876,3.872,3.878,3.877,3.909,3.877,3.874,3.879,3.882,3.876,3.874,3.876,3.875,3.876,3.876,3.878,3.880,3.826
2026-08-24 17:04:21,100.7,0.7,3.873,3.878,3.875,3.876,3.875,3.876,3.874,3.875,3.876,3.872,3.878,3.877,3.909,3.877,3.874,3.879,3.882,3.876,3.874,3.876,3.875,3.876,3.876,3.878,3.880,3.826
2026-08-24 17:04:21,100.7,0.7,3.873,3.878,3.875,3.876,3.875,3.876,3.874,3.875,3.876,3.872,3.878,3.877,3.909,3.877,3.874,3.879,3.882,3.876,3.874,3.876,3.875,3.876,3.876,3.878,3.880,3.826
2026-08-24 17:04:21,100.7,0.7,3.873,3.878,3.875,3.876,3.875,3.876,3.874,3.875,3.876,3.872,3.878,3.877,3.909,3.877,3.874,3.879,3.882,3.876,3.874,3.876,3.875,3.876,3.876,3.878,3.880,3.826
2026-08-24 17:04:21,100.7,0.7,3.872,3.879,3.875,3.876,3.875,3.876,3.874,3.875,3.876,3.872,3.877,3.877,3.908,3.877,3.873,3.879,3.882,3.876,3.874,3.876,3.875,3.876,3.876,3.878,3.879,3.826
2026-08-24 17:04:21,100.7,0.7,3.872,3.879,3.875,3.876,3.875,3.876,3.874,3.875,3.876,3.872,3.877,3.877,3.908,3.877,3.873,3.879,3.882,3.876,3.874,3.876,3.875,3.876,3.876,3.878,3.879,3.826
2026-08-24 17:04:21,100.7,0.7,3.872,3.879,3.875,3.876,3.875,3.876,3.874,3.875,3.876,3.871,3.877,3.877,3.908,3.877,3.873,3.879,3.882,3.876,3.874,3.876,3.875,3.876,3.876,3.878,3.879,3.826
2026-08-24 17:04:21,100.7,0.7,3.872,3.879,3.875,3.876,3.875,3.876,3.874,3.875,3.876,3.871,3.877,3.877,3.908,3.877,3.873,3.879,3.882,3.876,3.874,3.876,3.875,3.876,3.876,3.878,3.879,3.826
2026-08-24 17:04:21,100.7,0.9,3.872,3.879,3.875,3.876,3.875,3.876,3.874,3.875,3.876,3.871,3.877,3.877,3.908,3.877,3.873,3.879,3.882,3.876,3.874,3.876,3.875,3.876,3.876,3.878,3.879,3.826
2026-08-24 17:04:21,100.7,0.9,3.872,3.879,3.875,3.876,3.875,3.876,3.874,3.875,3.876,3.871,3.877,3.877,3.908,3.877,3.873,3.879,3.882,3.876,3.874,3.876,3.875,3.876,3.876,3.878,3.879,3.826
2026-08-24 17:04:21,100.7,0.9,3.872,3.879,3.875,3.876,3.875,3.876,3.874,3.875,3.876,3.871,3.877,3.877,3.908,3.877,3.873,3.879,3.882,3.876,3.874,3.876,3.875,3.876,3.876,3.878,3.879,3.826
2026-08-24 17:04:21,100.7,0.9,3.872,3.879,3.875,3.876,3.875,3.876,3.874,3.875,3.876,3.871,3.877,3.877,3.908,3.877,3.873,3.879,3.882,3.876,3.874,3.876,3.875,3.876,3.876,3.878,3.879,3.826
2026-08-24 17:04:21,100.7,0.9,3.873,3.878,3.876,3.876,3.875,3.876,3.874,3.875,3.876,3.871,3.877,3.877,3.909,3.877,3.873,3.880,3.881,3.876,3.874,3.876,3.876,3.876,3.876,3.878,3.880,3.826
2026-08-24 17:04:21,100.7,0.9,3.873,3.878,3.876,3.876,3.876,3.876,3.874,3.875,3.876,3.871,3.877,3.877,3.909,3.877,3.873,3.880,3.881,3.876,3.874,3.876,3.876,3.876,3.876,3.878,3.880,3.826
2026-08-24 17:04:21,100.7,0.9,3.873,3.878,3.876,3.876,3.876,3.876,3.874,3.875,3.877,3.872,3.877,3.877,3.909,3.877,3.873,3.880,3.881,3.876,3.874,3.876,3.876,3.876,3.876,3.878,3.880,3.826
2026-08-24 17:04:21,100.7,0.9,3.873,3.878,3.876,3.876,3.876,3.876,3.874,3.875,3.877,3.872,3.877,3.877,3.909,3.877,3.873,3.880,3.881,3.876,3.874,3.876,3.876,3.876,3.876,3.878,3.880,3.826
2026-08-24 17:04:21,100.7,0.9,3.873,3.878,3.876,3.876,3.876,3.876,3.874,3.875,3.877,3.872,3.877,3.877,3.909,3.877,3.873,3.880,3.881,3.876,3.874,3.876,3.876,3.876,3.876,3.878,3.880,3.826
2026-08-24 17:04:21,100.7,0.9,3.873,3.878,3.876,3.876,3.876,3.876,3.874,3.875,3.877,3.872,3.877,3.877,3.909,3.877,3.873,3.880,3.881,3.876,3.874,3.876,3.876,3.876,3.876,3.878,3.880,3.826
2026-08-24 17:04:22,100.7,0.9,3.873,3.878,3.876,3.876,3.876,3.876,3.874,3.875,3.877,3.872,3.877,3.877,3.909,3.877,3.874,3.880,3.882,3.876,3.874,3.876,3.876,3.876,3.876,3.878,3.880,3.826
2026-08-24 17:04:22,100.7,0.9,3.873,3.878,3.876,3.876,3.876,3.876,3.874,3.875,3.877,3.872,3.877,3.877,3.909,3.877,3.874,3.880,3.882,3.876,3.874,3.876,3.876,3.876,3.876,3.878,3.880,3.826
2026-08-24 17:04:22,100.7,0.9,3.873,3.878,3.876,3.876,3.876,3.876,3.874,3.875,3.877,3.872,3.877,3.877,3.909,3.877,3.874,3.880,3.882,3.876,3.874,3.876,3.876,3.876,3.876,3.878,3.880,3.826
2026-08-24 17:04:22,100.7,0.9,3.873,3.878,3.876,3.876,3.876,3.876,3.874,3.875,3.877,3.872,3.877,3.877,3.909,3.877,3.874,3.880,3.882,3.876,3.874,3.876,3.876,3.876,3.876,3.878,3.880,3.826
2026-08-24 17:04:22,100.7,0.9,3.873,3.878,3.875,3.876,3.876,3.876,3.874,3.875,3.877,3.872,3.878,3.877,3.909,3.877,3.874,3.880,3.882,3.876,3.874,3.876,3.876,3.876,3.876,3.878,3.880,3.826
2026-08-24 17:04:22,100.7,0.9,3.873,3.878,3.875,3.876,3.875,3.876,3.874,3.875,3.877,3.872,3.878,3.877,3.909,3.877,3.874,3.880,3.882,3.876,3.874,3.876,3.876,3.876,3.876,3.878,3.880,3.826
2026-08-24 17:04:22,100.7,0.9,3.873,3.878,3.875,3.876,3.875,3.876,3.874,3.875,3.876,3.872,3.878,3.877,3.909,3.877,3.874,3.880,3.882,3.876,3.874,3.876,3.876,3.876,3.876,3.878,3.880,3.826
2026-08-24 17:04:22,100.7,0.9,3.873,3.878,3.875,3.876,3.875,3.876,3.874,3.875,3.876,3.872,3.878,3.877,3.909,3.877,3.874,3.880,3.882,3.876,3.874,3.876,3.876,3.876,3.876,3.878,3.880,3.826
2026-08-24 17:04:22,100.7,0.9,3.873,3.878,3.875,3.876,3.875,3.876,3.874,3.875,3.876,3.872,3.878,3.877,3.909,3.877,3.874,3.880,3.882,3.876,3.874,3.876,3.875,3.877,3.876,3.878,3.880,3.826
2026-08-24 17:04:22,100.7,0.9,3.873,3.878,3.875,3.876,3.875,3.876,3.874,3.875,3.876,3.872,3.878,3.877,3.909,3.877,3.874,3.880,3.882,3.876,3.874,3.876,3.875,3.877,3.876,3.878,3.880,3.826
2026-08-24 17:04:22,100.7,0.9,3.873,3.878,3.875,3.876,3.875,3.876,3.874,3.875,3.876,3.872,3.878,3.877,3.909,3.877,3.874,3.880,3.882,3.876,3.874,3.876,3.875,3.877,3.876,3.878,3.880,3.826
2026-08-24 17:04:22,100.7,0.9,3.873,3.878,3.875,3.876,3.875,3.876,3.874,3.875,3.876,3.872,3.878,3.877,3.909,3.877,3.874,3.880,3.882,3.876,3.874,3.876,3.875,3.877,3.876,3.878,3.880,3.826
2026-08-24 17:04:22,100.7,0.9,3.872,3.879,3.875,3.876,3.875,3.876,3.874,3.875,3.876,3.872,3.878,3.877,3.909,3.877,3.874,3.880,3.882,3.876,3.874,3.876,3.875,3.877,3.876,3.878,3.880,3.826
2026-08-24 17:04:22,100.7,0.9,3.872,3.879,3.875,3.876,3.875,3.876,3.874,3.875,3.876,3.872,3.878,3.877,3.909,3.877,3.874,3.880,3.882,3.876,3.874,3.876,3.875,3.877,3.876,3.878,3.880,3.826
2026-08-24 17:04:22,100.7,0.9,3.872,3.879,3.875,3.876,3.875,3.876,3.874,3.875,3.876,3.872,3.878,3.877,3.909,3.877,3.874,3.880,3.882,3.876,3.874,3.876,3.875,3.877,3.876,3.878,3.880,3.826
2026-08-24 17:04:22,100.7,0.9,3.872,3.879,3.875,3.876,3.875,3.876,3.874,3.875,3.876,3.872,3.878,3.877,3.909,3.877,3.874,3.880,3.882,3.876,3.874,3.876,3.875,3.877,3.876,3.878,3.880,3.826
2026-08-24 17:04:22,100.7,0.9,3.872,3.879,3.875,3.876,3.875,3.876,3.874,3.875,3.876,3.872,3.878,3.877,3.909,3.877,3.874,3.880,3.882,3.876,3.874,3.876,3.875,3.877,3.876,3.878,3.880,3.827
2026-08-24 17:04:22,100.7,0.9,3.872,3.879,3.875,3.876,3.875,3.876,3.874,3.875,3.876,3.872,3.878,3.877,3.909,3.877,3.874,3.880,3.882,3.876,3.874,3.876,3.875,3.877,3.876,3.878,3.880,3.827
2026-08-24 17:04:22,100.7,0.9,3.872,3.879,3.875,3.876,3.875,3.876,3.874,3.875,3.876,3.872,3.878,3.877,3.909,3.877,3.874,3.880,3.882,3.876,3.874,3.876,3.875,3.877,3.876,3.878,3.880,3.827
2026-08-24 17:04:22,100.7,0.9,3.872,3.879,3.875,3.876,3.875,3.876,3.874,3.875,3.876,3.872,3.878,3.877,3.909,3.877,3.874,3.880,3.882,3.876,3.874,3.876,3.875,3.877,3.876,3.878,3.880,3.827
2026-08-24 17:04:22,100.7,0.9,3.872,3.879,3.875,3.876,3.875,3.876,3.874,3.875,3.876,3.872,3.878,3.877,3.909,3.877,3.874,3.880,3.882,3.876,3.874,3.876,3.875,3.877,3.876,3.878,3.880,3.827
2026-08-24 17:04:22,100.7,0.9,3.872,3.879,3.875,3.876,3.875,3.876,3.874,3.875,3.876,3.872,3.878,3.877,3.909,3.877,3.874,3.880,3.882,3.876,3.874,3.876,3.875,3.877,3.876,3.878,3.880,3.827
2026-08-24 17:04:22,100.7,0.9,3.872,3.879,3.875,3.876,3.875,3.876,3.874,3.875,3.876,3.872,3.878,3.877,3.909,3.877,3.874,3.880,3.882,3.876,3.874,3.876,3.875,3.877,3.876,3.878,3.880,3.827
2026-08-24 17:04:22,100.7,0.9,3.872,3.879,3.875,3.876,3.875,3.876,3.874,3.875,3.876,3.872,3.878,3.877,3.909,3.877,3.874,3.880,3.882,3.876,3.874,3.876,3.875,3.877,3.876,3.878,3.880,3.827
2026-08-24 17:04:22,100.7,0.9,3.873,3.879,3.875,3.876,3.875,3.876,3.874,3.875,3.876,3.872,3.878,3.878,3.909,3.877,3.874,3.880,3.882,3.876,3.874,3.876,3.875,3.877,3.876,3.878,3.880,3.826
2026-08-24 17:04:22,100.7,0.9,3.873,3.879,3.875,3.876,3.875,3.876,3.874,3.875,3.877,3.872,3.878,3.878,3.909,3.877,3.874,3.880,3.882,3.876,3.874,3.876,3.875,3.877,3.876,3.878,3.880,3.826
2026-08-24 17:04:22,100.7,0.9,3.873,3.879,3.875,3.876,3.875,3.876,3.874,3.875,3.877,3.872,3.878,3.878,3.909,3.877,3.874,3.880,3.882,3.876,3.874,3.876,3.876,3.877,3.876,3.878,3.880,3.826
2026-08-24 17:04:22,100.7,0.9,3.873,3.879,3.875,3.876,3.875,3.876,3.874,3.875,3.877,3.872,3.878,3.878,3.909,3.877,3.874,3.880,3.882,3.876,3.874,3.876,3.876,3.877,3.876,3.878,3.880,3.826
2026-08-24 17:04:22,100.7,0.9,3.873,3.879,3.875,3.876,3.875,3.876,3.874,3.875,3.877,3.872,3.878,3.878,3.909,3.877,3.874,3.880,3.882,3.876,3.874,3.876,3.876,3.877,3.876,3.878,3.880,3.826
2026-08-24 17:04:22,100.7,0.9,3.873,3.879,3.875,3.876,3.875,3.876,3.874,3.875,3.877,3.872,3.878,3.878,3.909,3.877,3.874,3.880,3.882,3.876,3.874,3.876,3.876,3.877,3.876,3.878,3.880,3.826
2026-08-24 17:04:22,100.7,0.9,3.873,3.879,3.875,3.876,3.875,3.876,3.874,3.875,3.877,3.872,3.878,3.878,3.909,3.877,3.874,3.880,3.882,3.876,3.874,3.876,3.876,3.877,3.876,3.878,3.880,3.826
2026-08-24 17:04:22,100.7,0.9,3.873,3.879,3.875,3.876,3.875,3.876,3.874,3.875,3.877,3.872,3.878,3.878,3.909,3.877,3.874,3.880,3.882,3.876,3.874,3.876,3.876,3.877,3.876,3.878,3.880,3.826
2026-08-24 17:04:22,100.7,0.9,3.873,3.879,3.875,3.876,3.875,3.876,3.874,3.875,3.877,3.872,3.878,3.878,3.909,3.877,3.874,3.880,3.882,3.876,3.874,3.876,3.876,3.877,3.876,3.878,3.880,3.826
2026-08-24 17:04:22,100.7,0.9,3.873,3.879,3.875,3.876,3.875,3.876,3.874,3.875,3.877,3.872,3.878,3.878,3.909,3.877,3.874,3.880,3.882,3.876,3.874,3.876,3.876,3.877,3.876,3.878,3.880,3.826
2026-08-24 17:04:22,100.7,0.9,3.873,3.879,3.875,3.876,3.875,3.876,3.874,3.875,3.877,3.872,3.878,3.877,3.909,3.877,3.874,3.880,3.882,3.876,3.874,3.876,3.876,3.877,3.876,3.878,3.880,3.826
2026-08-24 17:04:23,100.7,0.9,3.873,3.879,3.875,3.876,3.875,3.876,3.874,3.875,3.877,3.872,3.878,3.877,3.909,3.877,3.874,3.880,3.882,3.876,3.874,3.876,3.876,3.877,3.876,3.878,3.880,3.826
2026-08-24 17:04:23,100.7,0.9,3.873,3.879,3.875,3.876,3.875,3.876,3.874,3.875,3.877,3.872,3.878,3.877,3.909,3.877,3.874,3.880,3.882,3.876,3.874,3.876,3.876,3.877,3.876,3.878,3.880,3.826
2026-08-24 17:04:23,100.7,0.9,3.873,3.879,3.875,3.876,3.875,3.876,3.874,3.875,3.877,3.872,3.878,3.877,3.909,3.877,3.874,3.880,3.882,3.876,3.874,3.876,3.876,3.877,3.876,3.878,3.880,3.826
2026-08-24 17:04:23,100.7,0.9,3.873,3.879,3.875,3.876,3.875,3.876,3.874,3.875,3.877,3.872,3.878,3.877,3.909,3.877,3.874,3.880,3.882,3.876,3.874,3.876,3.876,3.877,3.876,3.878,3.880,3.826
2026-08-24 17:04:23,100.7,0.9,3.873,3.879,3.875,3.876,3.875,3.876,3.874,3.875,3.877,3.872,3.878,3.877,3.909,3.877,3.874,3.880,3.882,3.876,3.874,3.876,3.876,3.877,3.876,3.878,3.880,3.826
2026-08-24 17:04:23,100.7,0.9,3.873,3.879,3.875,3.876,3.875,3.876,3.874,3.875,3.877,3.872,3.878,3.877,3.909,3.877,3.874,3.880,3.882,3.876,3.874,3.876,3.876,3.877,3.876,3.878,3.880,3.826
2026-08-24 17:04:23,100.7,0.9,3.873,3.879,3.875,3.876,3.875,3.876,3.874,3.875,3.877,3.872,3.878,3.877,3.909,3.877,3.874,3.880,3.882,3.876,3.874,3.876,3.876,3.877,3.876,3.878,3.880,3.826
2026-08-24 17:04:23,100.7,0.9,3.873,3.879,3.875,3.876,3.875,3.876,3.874,3.875,3.877,3.872,3.878,3.877,3.909,3.877,3.874,3.880,3.882,3.876,3.874,3.876,3.876,3.877,3.876,3.878,3.880,3.826
2026-08-24 17:04:23,100.7,0.9,3.873,3.879,3.875,3.876,3.875,3.876,3.874,3.875,3.877,3.872,3.878,3.877,3.909,3.877,3.874,3.880,3.882,3.876,3.874,3.876,3.876,3.877,3.876,3.878,3.880,3.826
2026-08-24 17:04:23,100.7,0.9,3.873,3.879,3.875,3.876,3.875,3.876,3.874,3.875,3.877,3.872,3.878,3.877,3.909,3.877,3.874,3.880,3.882,3.876,3.874,3.876,3.876,3.877,3.876,3.878,3.880,3.826
2026-08-24 17:04:23,100.7,0.9,3.873,3.879,3.875,3.876,3.875,3.876,3.874,3.875,3.877,3.872,3.878,3.877,3.909,3.877,3.874,3.880,3.882,3.876,3.874,3.876,3.876,3.877,3.876,3.878,3.880,3.826
2026-08-24 17:04:23,100.7,0.9,3.873,3.880,3.875,3.877,3.875,3.876,3.874,3.875,3.877,3.872,3.878,3.877,3.909,3.877,3.874,3.880,3.882,3.876,3.874,3.876,3.876,3.877,3.876,3.878,3.880,3.826
2026-08-24 17:04:23,100.7,0.9,3.873,3.880,3.875,3.877,3.875,3.876,3.874,3.876,3.877,3.872,3.878,3.877,3.909,3.877,3.874,3.880,3.882,3.876,3.874,3.876,3.876,3.877,3.876,3.878,3.880,3.826
2026-08-24 17:04:23,100.7,0.9,3.873,3.880,3.875,3.877,3.875,3.876,3.874,3.876,3.877,3.873,3.878,3.877,3.909,3.877,3.874,3.880,3.882,3.876,3.874,3.876,3.876,3.877,3.876,3.878,3.880,3.826
2026-08-24 17:04:23,100.7,0.9,3.873,3.880,3.875,3.877,3.875,3.876,3.874,3.876,3.877,3.873,3.878,3.877,3.909,3.877,3.874,3.880,3.882,3.876,3.874,3.876,3.876,3.877,3.876,3.878,3.880,3.826
2026-08-24 17:04:23,100.7,0.9,3.873,3.880,3.875,3.877,3.875,3.876,3.874,3.876,3.877,3.873,3.878,3.877,3.909,3.877,3.874,3.880,3.882,3.876,3.874,3.876,3.876,3.877,3.876,3.878,3.880,3.826
2026-08-24 17:04:23,100.7,0.9,3.873,3.880,3.875,3.877,3.875,3.876,3.874,3.876,3.877,3.873,3.878,3.877,3.909,3.877,3.874,3.880,3.882,3.876,3.874,3.876,3.876,3.877,3.876,3.878,3.880,3.826
2026-08-24 17:04:23,100.7,0.9,3.873,3.880,3.875,3.877,3.875,3.876,3.874,3.876,3.877,3.873,3.878,3.877,3.909,3.877,3.874,3.880,3.882,3.876,3.874,3.876,3.876,3.877,3.876,3.878,3.880,3.826
2026-08-24 17:04:23,100.7,0.9,3.873,3.880,3.875,3.877,3.875,3.876,3.874,3.876,3.877,3.873,3.878,3.877,3.909,3.877,3.874,3.880,3.882,3.876,3.874,3.876,3.876,3.877,3.876,3.878,3.880,3.826
2026-08-24 17:04:23,100.7,0.9,3.873,3.880,3.875,3.877,3.875,3.876,3.874,3.876,3.877,3.873,3.878,3.877,3.909,3.877,3.874,3.880,3.882,3.876,3.874,3.876,3.876,3.877,3.876,3.878,3.880,3.826
2026-08-24 17:04:23,100.7,0.9,3.873,3.880,3.875,3.877,3.875,3.876,3.874,3.876,3.877,3.873,3.878,3.877,3.909,3.877,3.874,3.880,3.882,3.876,3.874,3.876,3.876,3.877,3.876,3.878,3.880,3.826
2026-08-24 17:04:23,100.7,0.9,3.873,3.880,3.875,3.877,3.875,3.876,3.874,3.876,3.877,3.873,3.878,3.877,3.909,3.877,3.874,3.880,3.882,3.876,3.874,3.876,3.876,3.877,3.876,3.878,3.880,3.826
2026-08-24 17:04:23,100.7,0.9,3.873,3.880,3.875,3.877,3.875,3.876,3.874,3.876,3.877,3.873,3.878,3.877,3.909,3.877,3.874,3.880,3.882,3.876,3.874,3.876,3.876,3.877,3.876,3.878,3.880,3.826
2026-08-24 17:04:23,100.7,0.9,3.873,3.879,3.876,3.876,3.875,3.876,3.874,3.876,3.877,3.873,3.878,3.878,3.909,3.877,3.874,3.880,3.882,3.876,3.875,3.876,3.876,3.878,3.876,3.878,3.880,3.826
2026-08-24 17:04:23,100.7,0.9,3.873,3.879,3.876,3.876,3.875,3.877,3.874,3.876,3.877,3.873,3.878,3.878,3.909,3.877,3.874,3.880,3.882,3.876,3.875,3.876,3.876,3.878,3.876,3.878,3.880,3.826
2026-08-24 17:04:23,100.7,0.9,3.873,3.879,3.876,3.876,3.875,3.877,3.874,3.876,3.877,3.873,3.878,3.878,3.909,3.877,3.874,3.880,3.882,3.876,3.875,3.876,3.876,3.878,3.876,3.878,3.880,3.826
2026-08-24 17:04:23,100.7,0.9,3.873,3.879,3.876,3.876,3.875,3.877,3.874,3.876,3.877,3.873,3.878,3.878,3.909,3.877,3.874,3.880,3.882,3.876,3.875,3.876,3.876,3.878,3.876,3.878,3.880,3.826
2026-08-24 17:04:23,100.7,0.9,3.873,3.879,3.876,3.876,3.875,3.877,3.874,3.876,3.877,3.873,3.878,3.878,3.909,3.877,3.874,3.880,3.882,3.876,3.875,3.876,3.876,3.878,3.876,3.878,3.880,3.826
2026-08-24 17:04:23,100.7,0.9,3.873,3.879,3.876,3.876,3.875,3.877,3.874,3.876,3.877,3.873,3.878,3.878,3.909,3.877,3.874,3.880,3.882,3.876,3.875,3.876,3.876,3.878,3.876,3.878,3.880,3.826
2026-08-24 17:04:23,100.7,0.9,3.873,3.879,3.876,3.876,3.875,3.877,3.874,3.876,3.877,3.873,3.878,3.878,3.909,3.877,3.874,3.880,3.882,3.876,3.875,3.876,3.876,3.878,3.876,3.878,3.880,3.826
2026-08-24 17:04:23,100.7,0.9,3.873,3.879,3.876,3.876,3.875,3.877,3.874,3.876,3.877,3.873,3.878,3.878,3.909,3.877,3.874,3.880,3.882,3.876,3.875,3.876,3.876,3.878,3.876,3.878,3.880,3.826
2026-08-24 17:04:23,100.7,0.9,3.873,3.879,3.876,3.876,3.875,3.877,3.874,3.876,3.877,3.873,3.878,3.878,3.909,3.877,3.874,3.880,3.882,3.876,3.875,3.876,3.876,3.878,3.876,3.878,3.880,3.826
2026-08-24 17:04:23,100.7,0.9,3.874,3.880,3.876,3.876,3.875,3.877,3.874,3.876,3.877,3.873,3.878,3.878,3.909,3.877,3.874,3.880,3.882,3.876,3.874,3.876,3.876,3.878,3.876,3.878,3.880,3.826
2026-08-24 17:04:23,100.7,0.9,3.874,3.880,3.876,3.876,3.876,3.877,3.874,3.876,3.877,3.873,3.878,3.878,3.909,3.877,3.874,3.880,3.882,3.876,3.874,3.876,3.876,3.878,3.876,3.878,3.880,3.826
2026-08-24 17:04:23,100.7,0.9,3.874,3.880,3.876,3.876,3.876,3.877,3.874,3.876,3.877,3.873,3.878,3.878,3.909,3.877,3.874,3.880,3.882,3.876,3.874,3.876,3.876,3.878,3.876,3.878,3.880,3.826
2026-08-24 17:04:23,100.7,0.9,3.874,3.880,3.876,3.876,3.876,3.877,3.874,3.876,3.877,3.873,3.878,3.878,3.909,3.877,3.874,3.880,3.882,3.876,3.874,3.876,3.876,3.878,3.876,3.878,3.880,3.826
2026-08-24 17:04:23,100.7,0.9,3.874,3.880,3.876,3.876,3.876,3.877,3.874,3.876,3.877,3.873,3.878,3.878,3.909,3.877,3.874,3.880,3.882,3.876,3.874,3.876,3.876,3.878,3.876,3.878,3.880,3.826
2026-08-24 17:04:23,100.7,0.9,3.874,3.880,3.876,3.876,3.876,3.877,3.874,3.876,3.877,3.873,3.878,3.878,3.909,3.877,3.874,3.880,3.882,3.876,3.874,3.876,3.876,3.878,3.876,3.878,3.880,3.826
2026-08-24 17:04:23,100.7,0.9,3.874,3.880,3.876,3.876,3.876,3.877,3.874,3.876,3.877,3.873,3.878,3.878,3.909,3.877,3.874,3.880,3.882,3.876,3.874,3.876,3.876,3.878,3.876,3.878,3.880,3.826
2026-08-24 17:04:24,100.7,0.9,3.874,3.880,3.876,3.876,3.876,3.877,3.874,3.876,3.877,3.873,3.878,3.878,3.909,3.877,3.874,3.880,3.882,3.876,3.874,3.876,3.876,3.878,3.876,3.878,3.880,3.826
2026-08-24 17:04:24,100.7,0.9,3.874,3.880,3.876,3.876,3.876,3.877,3.874,3.876,3.877,3.873,3.878,3.878,3.909,3.877,3.874,3.880,3.882,3.876,3.874,3.876,3.876,3.878,3.876,3.878,3.880,3.826
2026-08-24 17:04:24,100.7,0.9,3.874,3.880,3.876,3.876,3.876,3.877,3.874,3.876,3.877,3.873,3.878,3.878,3.909,3.877,3.874,3.880,3.882,3.876,3.874,3.876,3.876,3.878,3.876,3.878,3.880,3.826
2026-08-24 17:04:24,100.7,0.9,3.874,3.880,3.876,3.877,3.876,3.877,3.874,3.876,3.877,3.873,3.878,3.878,3.909,3.877,3.874,3.880,3.882,3.876,3.875,3.876,3.876,3.878,3.876,3.878,3.880,3.826
2026-08-24 17:04:24,100.7,0.9,3.874,3.880,3.876,3.877,3.876,3.877,3.874,3.876,3.877,3.873,3.878,3.878,3.909,3.877,3.874,3.880,3.882,3.876,3.875,3.876,3.876,3.878,3.876,3.878,3.880,3.826
2026-08-24 17:04:24,100.7,0.9,3.874,3.880,3.876,3.877,3.876,3.877,3.874,3.876,3.878,3.873,3.878,3.878,3.909,3.877,3.874,3.880,3.882,3.876,3.875,3.876,3.876,3.878,3.876,3.878,3.880,3.826
2026-08-24 17:04:24,100.7,0.9,3.874,3.880,3.876,3.877,3.876,3.877,3.874,3.876,3.878,3.873,3.878,3.878,3.909,3.877,3.874,3.880,3.882,3.876,3.875,3.876,3.876,3.878,3.876,3.878,3.880,3.826
2026-08-24 17:04:24,100.7,0.9,3.874,3.880,3.876,3.877,3.876,3.877,3.874,3.876,3.878,3.873,3.878,3.878,3.909,3.877,3.874,3.880,3.882,3.876,3.875,3.876,3.876,3.878,3.876,3.878,3.880,3.826
2026-08-24 17:04:24,100.7,0.9,3.874,3.880,3.876,3.877,3.876,3.877,3.874,3.876,3.878,3.873,3.878,3.878,3.909,3.877,3.874,3.880,3.882,3.876,3.875,3.876,3.876,3.878,3.876,3.878,3.880,3.826
2026-08-24 17:04:24,100.7,0.9,3.874,3.880,3.876,3.877,3.876,3.877,3.874,3.876,3.878,3.873,3.878,3.878,3.909,3.877,3.874,3.880,3.882,3.876,3.875,3.876,3.876,3.878,3.876,3.878,3.880,3.826
2026-08-24 17:04:24,100.7,0.9,3.874,3.880,3.876,3.877,3.876,3.877,3.874,3.876,3.878,3.873,3.878,3.878,3.909,3.877,3.874,3.880,3.882,3.876,3.875,3.876,3.876,3.878,3.876,3.878,3.880,3.826
2026-08-24 17:04:24,100.7,0.9,3.873,3.880,3.876,3.876,3.876,3.877,3.874,3.876,3.878,3.873,3.878,3.878,3.909,3.877,3.874,3.880,3.882,3.876,3.875,3.876,3.876,3.878,3.876,3.879,3.880,3.826
2026-08-24 17:04:24,100.7,0.9,3.873,3.880,3.876,3.876,3.876,3.877,3.874,3.876,3.878,3.873,3.878,3.878,3.909,3.877,3.874,3.880,3.882,3.876,3.875,3.876,3.876,3.878,3.876,3.879,3.880,3.826
2026-08-24 17:04:24,100.7,0.9,3.873,3.880,3.876,3.876,3.876,3.877,3.874,3.876,3.878,3.872,3.878,3.878,3.909,3.877,3.874,3.880,3.882,3.876,3.875,3.876,3.876,3.878,3.876,3.879,3.880,3.826
2026-08-24 17:04:24,100.7,0.9,3.873,3.880,3.876,3.876,3.876,3.877,3.874,3.876,3.878,3.872,3.878,3.878,3.909,3.877,3.874,3.880,3.882,3.876,3.875,3.876,3.876,3.878,3.876,3.879,3.880,3.826
2026-08-24 17:04:24,100.7,0.9,3.873,3.880,3.876,3.876,3.876,3.877,3.874,3.876,3.878,3.872,3.878,3.878,3.909,3.877,3.874,3.880,3.882,3.876,3.875,3.876,3.876,3.878,3.876,3.879,3.880,3.826
2026-08-24 17:04:24,100.7,0.9,3.873,3.880,3.876,3.876,3.876,3.877,3.874,3.876,3.878,3.872,3.878,3.878,3.909,3.877,3.874,3.880,3.882,3.876,3.875,3.876,3.876,3.878,3.876,3.879,3.880,3.826
2026-08-24 17:04:24,100.7,0.9,3.873,3.880,3.876,3.876,3.876,3.877,3.874,3.876,3.878,3.872,3.878,3.878,3.909,3.877,3.874,3.880,3.882,3.876,3.875,3.876,3.876,3.878,3.876,3.879,3.880,3.826
2026-08-24 17:04:24,100.7,0.9,3.873,3.880,3.876,3.876,3.876,3.877,3.874,3.876,3.878,3.872,3.878,3.878,3.909,3.877,3.874,3.880,3.882,3.876,3.875,3.876,3.876,3.878,3.876,3.879,3.880,3.826
2026-08-24 17:04:24,100.7,0.9,3.874,3.880,3.876,3.876,3.876,3.877,3.874,3.876,3.878,3.872,3.878,3.878,3.909,3.877,3.873,3.880,3.882,3.876,3.875,3.876,3.876,3.878,3.876,3.878,3.880,3.827
2026-08-24 17:04:24,100.7,0.9,3.874,3.880,3.876,3.876,3.876,3.877,3.874,3.876,3.878,3.872,3.878,3.878,3.909,3.877,3.873,3.880,3.882,3.876,3.875,3.876,3.876,3.878,3.876,3.878,3.880,3.827
2026-08-24 17:04:24,100.7,0.9,3.874,3.880,3.876,3.876,3.876,3.877,3.874,3.876,3.877,3.873,3.878,3.878,3.909,3.877,3.873,3.880,3.882,3.876,3.875,3.876,3.876,3.878,3.876,3.878,3.880,3.827
2026-08-24 17:04:24,100.7,0.9,3.874,3.880,3.876,3.876,3.876,3.877,3.874,3.876,3.877,3.873,3.878,3.878,3.909,3.877,3.873,3.880,3.882,3.876,3.875,3.876,3.876,3.878,3.876,3.878,3.880,3.827
2026-08-24 17:04:24,100.7,0.9,3.874,3.880,3.876,3.876,3.876,3.877,3.874,3.876,3.877,3.873,3.879,3.878,3.909,3.877,3.873,3.880,3.882,3.876,3.875,3.876,3.876,3.878,3.876,3.878,3.880,3.827
2026-08-24 17:04:24,100.7,0.9,3.874,3.880,3.876,3.876,3.876,3.877,3.874,3.876,3.877,3.873,3.879,3.878,3.909,3.877,3.873,3.880,3.882,3.876,3.875,3.876,3.876,3.877,3.876,3.879,3.880,3.827
2026-08-24 17:04:24,100.7,0.9,3.874,3.880,3.876,3.876,3.876,3.877,3.874,3.876,3.877,3.873,3.879,3.878,3.909,3.877,3.873,3.880,3.882,3.876,3.875,3.876,3.876,3.877,3.876,3.879,3.880,3.827
2026-08-24 17:04:24,100.7,0.9,3.874,3.880,3.876,3.876,3.876,3.877,3.874,3.876,3.877,3.873,3.879,3.878,3.909,3.877,3.873,3.880,3.882,3.876,3.875,3.876,3.876,3.877,3.876,3.879,3.880,3.827
2026-08-24 17:04:24,100.7,0.9,3.874,3.880,3.876,3.876,3.876,3.877,3.874,3.876,3.877,3.873,3.879,3.878,3.909,3.877,3.873,3.880,3.882,3.876,3.875,3.876,3.876,3.877,3.876,3.879,3.880,3.827
2026-08-24 17:04:25,100.7,0.9,3.874,3.879,3.876,3.876,3.876,3.877,3.874,3.876,3.877,3.873,3.879,3.878,3.909,3.877,3.873,3.880,3.882,3.876,3.875,3.876,3.876,3.877,3.876,3.879,3.880,3.827
2026-08-24 17:04:25,100.7,0.9,3.874,3.879,3.876,3.876,3.876,3.877,3.874,3.876,3.877,3.873,3.879,3.878,3.909,3.877,3.873,3.880,3.882,3.876,3.875,3.876,3.876,3.877,3.876,3.879,3.880,3.827
2026-08-24 17:04:25,100.7,0.9,3.874,3.879,3.876,3.876,3.876,3.877,3.874,3.876,3.877,3.873,3.879,3.878,3.909,3.877,3.873,3.880,3.882,3.876,3.875,3.876,3.876,3.877,3.876,3.879,3.880,3.827
2026-08-24 17:04:25,100.7,0.9,3.874,3.879,3.876,3.876,3.876,3.877,3.874,3.876,3.877,3.873,3.879,3.878,3.909,3.877,3.873,3.880,3.882,3.876,3.875,3.876,3.876,3.877,3.876,3.879,3.880,3.827
2026-08-24 17:04:25,100.7,0.9,3.874,3.879,3.876,3.876,3.876,3.877,3.874,3.876,3.877,3.873,3.879,3.878,3.909,3.877,3.873,3.880,3.882,3.876,3.875,3.876,3.876,3.877,3.876,3.879,3.880,3.827
2026-08-24 17:04:25,100.7,0.9,3.874,3.879,3.876,3.876,3.876,3.877,3.874,3.876,3.877,3.873,3.879,3.878,3.909,3.877,3.874,3.880,3.882,3.876,3.876,3.876,3.876,3.878,3.876,3.878,3.881,3.827
2026-08-24 17:04:25,100.7,0.9,3.874,3.879,3.876,3.876,3.876,3.877,3.874,3.876,3.877,3.873,3.879,3.878,3.909,3.877,3.874,3.880,3.882,3.876,3.876,3.876,3.876,3.878,3.876,3.878,3.881,3.827
2026-08-24 17:04:25,100.7,0.9,3.874,3.879,3.876,3.876,3.876,3.877,3.874,3.876,3.877,3.873,3.879,3.878,3.909,3.877,3.874,3.880,3.882,3.876,3.876,3.876,3.876,3.878,3.876,3.878,3.881,3.827
2026-08-24 17:04:25,100.7,0.9,3.874,3.879,3.876,3.876,3.876,3.877,3.874,3.876,3.877,3.873,3.879,3.878,3.909,3.877,3.874,3.880,3.882,3.876,3.876,3.876,3.876,3.878,3.876,3.878,3.881,3.827
2026-08-24 17:04:25,100.7,0.9,3.873,3.879,3.876,3.877,3.876,3.877,3.874,3.876,3.877,3.873,3.879,3.878,3.909,3.877,3.874,3.880,3.882,3.876,3.876,3.876,3.876,3.878,3.876,3.878,3.881,3.827
2026-08-24 17:04:25,100.7,0.9,3.873,3.879,3.876,3.877,3.876,3.878,3.874,3.876,3.877,3.873,3.879,3.878,3.909,3.877,3.874,3.880,3.882,3.876,3.876,3.876,3.876,3.878,3.876,3.878,3.881,3.827
2026-08-24 17:04:25,100.7,0.9,3.873,3.879,3.876,3.877,3.876,3.878,3.874,3.876,3.877,3.873,3.879,3.878,3.909,3.877,3.874,3.880,3.882,3.876,3.876,3.876,3.876,3.878,3.876,3.878,3.881,3.827
2026-08-24 17:04:25,100.7,0.9,3.873,3.879,3.876,3.877,3.876,3.878,3.874,3.876,3.877,3.873,3.879,3.878,3.909,3.877,3.874,3.880,3.882,3.876,3.876,3.876,3.876,3.878,3.876,3.878,3.881,3.827
2026-08-24 17:04:25,100.7,0.9,3.873,3.879,3.876,3.877,3.876,3.878,3.874,3.876,3.877,3.873,3.879,3.878,3.909,3.877,3.874,3.880,3.882,3.876,3.876,3.876,3.876,3.878,3.876,3.878,3.880,3.827
2026-08-24 17:04:25,100.7,0.9,3.873,3.879,3.876,3.877,3.876,3.878,3.874,3.876,3.877,3.873,3.879,3.878,3.909,3.877,3.874,3.880,3.882,3.876,3.876,3.876,3.876,3.878,3.876,3.878,3.880,3.827
2026-08-24 17:04:25,100.7,0.9,3.873,3.879,3.876,3.877,3.876,3.878,3.874,3.876,3.877,3.873,3.879,3.878,3.909,3.877,3.874,3.880,3.882,3.876,3.876,3.876,3.876,3.878,3.876,3.878,3.880,3.827
2026-08-24 17:04:25,100.7,0.9,3.873,3.879,3.876,3.877,3.876,3.878,3.874,3.876,3.877,3.873,3.879,3.878,3.909,3.877,3.874,3.880,3.882,3.876,3.876,3.876,3.876,3.878,3.876,3.878,3.880,3.827
2026-08-24 17:04:25,100.7,0.9,3.873,3.879,3.876,3.877,3.876,3.878,3.874,3.876,3.877,3.873,3.879,3.878,3.909,3.877,3.874,3.880,3.882,3.876,3.876,3.876,3.876,3.878,3.876,3.878,3.880,3.827
2026-08-24 17:04:25,100.7,0.9,3.873,3.879,3.876,3.877,3.876,3.878,3.874,3.876,3.877,3.873,3.879,3.878,3.909,3.877,3.874,3.880,3.882,3.876,3.876,3.876,3.876,3.878,3.876,3.878,3.880,3.827
2026-08-24 17:04:25,100.7,0.9,3.873,3.879,3.876,3.877,3.876,3.878,3.874,3.876,3.877,3.873,3.879,3.878,3.909,3.877,3.874,3.880,3.882,3.876,3.876,3.876,3.876,3.878,3.876,3.878,3.880,3.827
2026-08-24 17:04:25,100.7,0.9,3.873,3.879,3.876,3.877,3.876,3.878,3.874,3.876,3.877,3.873,3.879,3.878,3.909,3.877,3.874,3.880,3.882,3.876,3.876,3.876,3.876,3.878,3.876,3.878,3.880,3.827
2026-08-24 17:04:25,100.7,0.9,3.873,3.879,3.876,3.877,3.876,3.878,3.874,3.876,3.877,3.873,3.879,3.878,3.909,3.877,3.874,3.880,3.882,3.876,3.876,3.876,3.876,3.878,3.876,3.878,3.880,3.827
2026-08-24 17:04:25,100.7,0.9,3.873,3.879,3.876,3.877,3.876,3.878,3.874,3.876,3.877,3.873,3.879,3.878,3.909,3.877,3.874,3.880,3.882,3.876,3.876,3.876,3.876,3.878,3.876,3.878,3.880,3.827
2026-08-24 17:04:25,100.7,0.9,3.873,3.879,3.876,3.877,3.876,3.878,3.874,3.876,3.877,3.873,3.879,3.878,3.909,3.877,3.874,3.880,3.882,3.876,3.876,3.876,3.876,3.878,3.876,3.878,3.880,3.827
2026-08-24 17:04:25,100.7,0.9,3.873,3.879,3.876,3.876,3.876,3.878,3.874,3.876,3.877,3.873,3.878,3.878,3.909,3.877,3.874,3.880,3.882,3.876,3.876,3.876,3.876,3.878,3.876,3.878,3.881,3.827
2026-08-24 17:04:25,100.7,0.9,3.873,3.879,3.876,3.876,3.876,3.878,3.874,3.876,3.877,3.873,3.878,3.878,3.909,3.877,3.874,3.880,3.882,3.876,3.876,3.876,3.876,3.878,3.876,3.878,3.881,3.827
2026-08-24 17:04:25,100.7,0.9,3.873,3.879,3.876,3.876,3.876,3.878,3.874,3.876,3.877,3.873,3.878,3.878,3.909,3.877,3.874,3.880,3.882,3.876,3.876,3.876,3.876,3.878,3.876,3.878,3.881,3.827
2026-08-24 17:04:25,100.7,0.9,3.873,3.879,3.876,3.876,3.876,3.878,3.874,3.876,3.877,3.873,3.878,3.878,3.909,3.877,3.874,3.880,3.882,3.876,3.876,3.876,3.876,3.878,3.876,3.878,3.881,3.827
2026-08-24 17:04:25,100.7,0.9,3.873,3.879,3.876,3.876,3.876,3.878,3.874,3.876,3.877,3.873,3.878,3.878,3.909,3.877,3.874,3.880,3.882,3.876,3.876,3.876,3.876,3.878,3.876,3.878,3.881,3.827
2026-08-24 17:04:25,100.7,0.9,3.873,3.879,3.876,3.876,3.876,3.878,3.874,3.876,3.877,3.873,3.878,3.878,3.909,3.877,3.874,3.880,3.882,3.876,3.876,3.876,3.876,3.878,3.876,3.878,3.881,3.827
2026-08-24 17:04:25,100.7,0.9,3.873,3.879,3.876,3.876,3.876,3.878,3.874,3.876,3.877,3.873,3.878,3.878,3.909,3.877,3.874,3.880,3.882,3.876,3.876,3.876,3.876,3.878,3.876,3.878,3.881,3.827
2026-08-24 17:04:25,100.7,0.9,3.873,3.879,3.876,3.876,3.876,3.878,3.874,3.876,3.877,3.873,3.878,3.878,3.909,3.877,3.874,3.880,3.882,3.876,3.876,3.876,3.876,3.878,3.876,3.878,3.881,3.827
2026-08-24 17:04:25,100.7,0.9,3.873,3.880,3.876,3.876,3.876,3.878,3.874,3.876,3.877,3.873,3.878,3.878,3.909,3.877,3.874,3.880,3.882,3.876,3.876,3.876,3.876,3.878,3.876,3.878,3.881,3.827
2026-08-24 17:04:25,100.7,0.9,3.873,3.880,3.876,3.876,3.876,3.877,3.874,3.876,3.877,3.873,3.878,3.878,3.909,3.877,3.874,3.880,3.882,3.876,3.876,3.876,3.876,3.878,3.876,3.878,3.881,3.827
2026-08-24 17:04:25,100.7,0.9,3.873,3.880,3.876,3.876,3.876,3.877,3.874,3.876,3.878,3.873,3.878,3.878,3.909,3.877,3.874,3.880,3.882,3.876,3.876,3.876,3.876,3.878,3.876,3.878,3.881,3.827
2026-08-24 17:04:25,100.7,0.9,3.873,3.880,3.876,3.876,3.876,3.877,3.874,3.876,3.878,3.873,3.878,3.878,3.909,3.877,3.874,3.880,3.882,3.876,3.876,3.876,3.876,3.878,3.876,3.878,3.881,3.827
2026-08-24 17:04:25,100.7,0.9,3.873,3.880,3.876,3.876,3.876,3.877,3.874,3.876,3.878,3.873,3.879,3.878,3.910,3.877,3.874,3.880,3.882,3.876,3.876,3.876,3.876,3.878,3.876,3.878,3.881,3.827
2026-08-24 17:04:25,100.7,0.9,3.873,3.880,3.876,3.876,3.876,3.877,3.874,3.876,3.878,3.873,3.879,3.878,3.910,3.877,3.874,3.880,3.882,3.876,3.876,3.876,3.876,3.878,3.876,3.878,3.881,3.827
2026-08-24 17:04:25,100.7,0.9,3.873,3.880,3.876,3.876,3.876,3.877,3.874,3.876,3.878,3.873,3.879,3.878,3.910,3.877,3.874,3.880,3.882,3.876,3.876,3.876,3.876,3.878,3.876,3.878,3.881,3.827
2026-08-24 17:04:25,100.7,0.9,3.873,3.880,3.876,3.876,3.876,3.877,3.874,3.876,3.878,3.873,3.879,3.878,3.910,3.877,3.874,3.880,3.882,3.876,3.876,3.876,3.876,3.878,3.876,3.878,3.881,3.827
2026-08-24 17:04:26,100.7,0.9,3.873,3.880,3.876,3.876,3.876,3.877,3.874,3.876,3.878,3.873,3.879,3.878,3.910,3.877,3.874,3.880,3.882,3.876,3.876,3.876,3.876,3.878,3.876,3.878,3.881,3.827
2026-08-24 17:04:26,100.7,0.9,3.873,3.880,3.876,3.876,3.876,3.877,3.874,3.876,3.878,3.873,3.879,3.878,3.910,3.877,3.874,3.880,3.882,3.876,3.876,3.876,3.876,3.878,3.876,3.878,3.881,3.827
2026-08-24 17:04:26,100.7,0.9,3.873,3.880,3.876,3.876,3.876,3.877,3.874,3.876,3.878,3.873,3.879,3.878,3.910,3.877,3.874,3.880,3.882,3.876,3.876,3.876,3.876,3.878,3.876,3.878,3.881,3.827
2026-08-24 17:04:26,100.7,0.9,3.873,3.880,3.876,3.876,3.876,3.877,3.874,3.876,3.878,3.873,3.879,3.878,3.910,3.877,3.874,3.880,3.882,3.876,3.876,3.876,3.876,3.878,3.876,3.878,3.881,3.827
2026-08-24 17:04:26,100.7,0.9,3.873,3.880,3.876,3.877,3.876,3.877,3.874,3.876,3.878,3.873,3.879,3.878,3.910,3.877,3.874,3.880,3.882,3.876,3.876,3.876,3.876,3.878,3.876,3.878,3.881,3.827
2026-08-24 17:04:26,100.7,0.9,3.873,3.880,3.876,3.877,3.876,3.877,3.874,3.876,3.878,3.873,3.879,3.879,3.909,3.877,3.874,3.880,3.882,3.876,3.875,3.876,3.876,3.877,3.877,3.878,3.881,3.828
2026-08-24 17:04:26,100.7,0.9,3.873,3.880,3.876,3.877,3.876,3.877,3.874,3.876,3.878,3.873,3.879,3.879,3.909,3.877,3.874,3.880,3.882,3.876,3.875,3.876,3.876,3.877,3.877,3.878,3.881,3.828
2026-08-24 17:04:26,100.7,0.9,3.873,3.880,3.876,3.877,3.876,3.877,3.874,3.876,3.877,3.873,3.879,3.879,3.909,3.877,3.874,3.880,3.882,3.876,3.875,3.876,3.876,3.877,3.877,3.878,3.881,3.828
2026-08-24 17:04:26,100.7,0.9,3.873,3.880,3.876,3.877,3.876,3.877,3.874,3.876,3.877,3.873,3.879,3.879,3.909,3.877,3.874,3.880,3.882,3.876,3.875,3.876,3.876,3.877,3.877,3.878,3.881,3.828
2026-08-24 17:04:26,100.7,0.9,3.873,3.880,3.876,3.877,3.876,3.877,3.874,3.876,3.877,3.873,3.879,3.879,3.909,3.877,3.874,3.880,3.882,3.876,3.875,3.876,3.876,3.877,3.877,3.878,3.881,3.828
2026-08-24 17:04:26,100.7,0.9,3.873,3.880,3.876,3.877,3.876,3.877,3.874,3.876,3.877,3.873,3.879,3.879,3.909,3.877,3.874,3.880,3.882,3.876,3.875,3.876,3.876,3.877,3.877,3.878,3.881,3.828
2026-08-24 17:04:26,100.7,0.9,3.873,3.880,3.876,3.877,3.876,3.877,3.874,3.876,3.877,3.873,3.879,3.879,3.909,3.877,3.874,3.880,3.882,3.876,3.875,3.876,3.876,3.877,3.877,3.878,3.881,3.828
2026-08-24 17:04:26,100.7,0.9,3.873,3.880,3.876,3.877,3.876,3.877,3.874,3.876,3.877,3.873,3.879,3.879,3.909,3.877,3.874,3.880,3.882,3.876,3.875,3.876,3.876,3.877,3.877,3.878,3.881,3.828
2026-08-24 17:04:26,100.7,0.9,3.873,3.880,3.876,3.876,3.876,3.877,3.874,3.876,3.877,3.873,3.879,3.879,3.909,3.877,3.874,3.880,3.882,3.876,3.875,3.876,3.876,3.877,3.877,3.878,3.881,3.828
2026-08-24 17:04:26,100.7,0.9,3.873,3.880,3.876,3.876,3.876,3.877,3.874,3.876,3.877,3.873,3.879,3.879,3.909,3.877,3.874,3.880,3.882,3.876,3.875,3.876,3.876,3.877,3.877,3.878,3.881,3.828
2026-08-24 17:04:26,100.7,0.9,3.873,3.880,3.876,3.876,3.876,3.877,3.874,3.876,3.878,3.873,3.879,3.879,3.909,3.877,3.874,3.880,3.882,3.876,3.875,3.876,3.876,3.877,3.877,3.878,3.881,3.828
2026-08-24 17:04:26,100.7,0.9,3.873,3.880,3.876,3.876,3.876,3.877,3.874,3.876,3.878,3.873,3.879,3.879,3.909,3.877,3.874,3.880,3.882,3.876,3.875,3.876,3.876,3.877,3.877,3.878,3.881,3.828
2026-08-24 17:04:26,100.7,0.9,3.873,3.880,3.876,3.876,3.876,3.877,3.874,3.876,3.878,3.873,3.879,3.878,3.909,3.877,3.874,3.880,3.882,3.876,3.875,3.876,3.876,3.877,3.877,3.878,3.881,3.828
2026-08-24 17:04:26,100.7,0.9,3.873,3.880,3.876,3.876,3.876,3.877,3.874,3.876,3.878,3.873,3.879,3.878,3.909,3.877,3.874,3.880,3.882,3.876,3.875,3.876,3.876,3.877,3.877,3.878,3.881,3.828
2026-08-24 17:04:26,100.7,0.9,3.873,3.880,3.876,3.876,3.876,3.877,3.874,3.876,3.878,3.873,3.879,3.878,3.909,3.877,3.874,3.880,3.882,3.876,3.875,3.876,3.876,3.877,3.877,3.878,3.881,3.828
2026-08-24 17:04:26,100.7,0.9,3.873,3.880,3.876,3.876,3.876,3.877,3.874,3.876,3.878,3.873,3.879,3.878,3.909,3.877,3.874,3.880,3.882,3.876,3.875,3.876,3.876,3.877,3.877,3.878,3.881,3.828
2026-08-24 17:04:26,100.7,0.9,3.873,3.880,3.876,3.876,3.876,3.877,3.874,3.876,3.878,3.873,3.879,3.878,3.909,3.877,3.874,3.880,3.882,3.876,3.875,3.876,3.876,3.877,3.877,3.878,3.881,3.828
2026-08-24 17:04:26,100.7,0.9,3.874,3.880,3.876,3.877,3.876,3.877,3.874,3.876,3.878,3.873,3.879,3.878,3.909,3.877,3.874,3.880,3.882,3.876,3.875,3.876,3.876,3.878,3.876,3.878,3.881,3.828
2026-08-24 17:04:26,100.7,0.9,3.874,3.880,3.876,3.877,3.876,3.878,3.874,3.876,3.878,3.873,3.879,3.878,3.909,3.877,3.874,3.880,3.882,3.876,3.875,3.876,3.876,3.878,3.876,3.878,3.881,3.828
2026-08-24 17:04:26,100.7,0.9,3.874,3.880,3.876,3.877,3.876,3.878,3.874,3.876,3.877,3.873,3.879,3.878,3.909,3.877,3.874,3.880,3.882,3.876,3.875,3.876,3.876,3.878,3.876,3.878,3.881,3.828
2026-08-24 17:04:26,100.7,0.9,3.874,3.880,3.876,3.877,3.876,3.878,3.874,3.876,3.877,3.873,3.879,3.878,3.909,3.877,3.874,3.880,3.882,3.876,3.875,3.876,3.876,3.878,3.876,3.878,3.881,3.828
2026-08-24 17:04:26,100.7,0.9,3.874,3.880,3.876,3.877,3.876,3.878,3.874,3.876,3.877,3.873,3.879,3.878,3.909,3.877,3.874,3.880,3.882,3.876,3.875,3.876,3.876,3.878,3.876,3.878,3.881,3.828
2026-08-24 17:04:26,100.7,0.9,3.874,3.880,3.876,3.877,3.876,3.878,3.874,3.876,3.877,3.873,3.879,3.878,3.909,3.877,3.874,3.880,3.882,3.876,3.875,3.876,3.876,3.878,3.876,3.878,3.881,3.828
2026-08-24 17:04:26,100.7,0.9,3.874,3.880,3.876,3.877,3.876,3.878,3.874,3.876,3.877,3.873,3.879,3.878,3.909,3.877,3.874,3.880,3.882,3.876,3.875,3.876,3.876,3.878,3.876,3.878,3.881,3.828
2026-08-24 17:04:26,100.7,0.9,3.874,3.880,3.876,3.877,3.876,3.878,3.874,3.876,3.877,3.873,3.879,3.878,3.909,3.877,3.874,3.880,3.882,3.876,3.875,3.876,3.876,3.878,3.876,3.878,3.881,3.828
2026-08-24 17:04:26,100.7,0.9,3.873,3.880,3.876,3.877,3.876,3.878,3.874,3.876,3.877,3.873,3.879,3.878,3.909,3.877,3.874,3.880,3.882,3.876,3.875,3.876,3.876,3.878,3.876,3.879,3.881,3.827
2026-08-24 17:04:27,100.7,0.9,3.873,3.880,3.876,3.877,3.876,3.878,3.874,3.876,3.877,3.873,3.879,3.878,3.909,3.877,3.874,3.880,3.882,3.876,3.875,3.876,3.876,3.878,3.876,3.879,3.881,3.827
2026-08-24 17:04:27,100.7,0.9,3.873,3.880,3.876,3.877,3.876,3.878,3.874,3.876,3.878,3.873,3.879,3.878,3.909,3.877,3.874,3.880,3.882,3.876,3.875,3.876,3.876,3.878,3.876,3.879,3.881,3.827
2026-08-24 17:04:27,100.7,0.9,3.873,3.880,3.876,3.877,3.876,3.878,3.874,3.876,3.878,3.873,3.879,3.878,3.909,3.877,3.874,3.880,3.882,3.876,3.875,3.876,3.876,3.878,3.876,3.879,3.881,3.827
2026-08-24 17:04:27,100.7,0.9,3.873,3.880,3.876,3.877,3.876,3.878,3.874,3.876,3.878,3.873,3.878,3.878,3.909,3.877,3.874,3.880,3.882,3.876,3.875,3.876,3.876,3.878,3.876,3.879,3.881,3.827
2026-08-24 17:04:27,100.7,0.9,3.873,3.880,3.876,3.877,3.876,3.878,3.874,3.876,3.878,3.873,3.878,3.878,3.909,3.877,3.874,3.880,3.882,3.876,3.875,3.876,3.876,3.878,3.876,3.879,3.881,3.827
2026-08-24 17:04:27,100.7,0.9,3.873,3.880,3.876,3.877,3.876,3.878,3.874,3.876,3.878,3.873,3.878,3.878,3.909,3.877,3.874,3.880,3.882,3.876,3.875,3.876,3.876,3.878,3.876,3.879,3.881,3.827
2026-08-24 17:04:27,100.7,0.9,3.873,3.880,3.876,3.877,3.876,3.878,3.874,3.876,3.878,3.873,3.878,3.878,3.909,3.877,3.874,3.880,3.882,3.876,3.875,3.876,3.876,3.878,3.876,3.879,3.881,3.827
2026-08-24 17:04:27,100.7,0.9,3.874,3.880,3.876,3.877,3.876,3.878,3.874,3.876,3.878,3.873,3.878,3.878,3.909,3.877,3.874,3.880,3.882,3.876,3.876,3.876,3.876,3.878,3.876,3.878,3.880,3.827
2026-08-24 17:04:27,100.7,0.9,3.874,3.880,3.876,3.877,3.876,3.878,3.874,3.876,3.878,3.873,3.878,3.878,3.909,3.877,3.874,3.880,3.882,3.876,3.876,3.876,3.876,3.878,3.876,3.878,3.880,3.827
2026-08-24 17:04:27,100.7,0.9,3.874,3.880,3.876,3.877,3.876,3.878,3.874,3.876,3.878,3.873,3.878,3.878,3.909,3.877,3.874,3.880,3.882,3.876,3.876,3.876,3.876,3.878,3.876,3.878,3.880,3.827
2026-08-24 17:04:27,100.7,0.9,3.874,3.880,3.876,3.877,3.876,3.878,3.874,3.876,3.878,3.873,3.878,3.878,3.909,3.877,3.874,3.880,3.882,3.876,3.876,3.876,3.876,3.878,3.876,3.878,3.880,3.827
2026-08-24 17:04:27,100.7,0.9,3.874,3.880,3.876,3.877,3.876,3.878,3.874,3.876,3.878,3.873,3.879,3.878,3.909,3.877,3.874,3.880,3.882,3.876,3.876,3.876,3.876,3.878,3.876,3.878,3.880,3.827
2026-08-24 17:04:27,100.7,0.9,3.874,3.880,3.876,3.877,3.876,3.878,3.874,3.876,3.878,3.873,3.879,3.878,3.909,3.877,3.874,3.880,3.882,3.876,3.876,3.876,3.876,3.878,3.876,3.879,3.881,3.827
2026-08-24 17:04:27,100.7,0.9,3.874,3.880,3.876,3.877,3.876,3.878,3.874,3.876,3.878,3.873,3.879,3.878,3.909,3.877,3.874,3.880,3.882,3.876,3.876,3.876,3.876,3.878,3.876,3.879,3.881,3.827
2026-08-24 17:04:27,100.7,0.9,3.874,3.880,3.876,3.877,3.876,3.878,3.874,3.876,3.878,3.873,3.879,3.878,3.909,3.877,3.874,3.880,3.882,3.876,3.876,3.876,3.876,3.878,3.876,3.879,3.881,3.827
2026-08-24 17:04:27,100.7,0.9,3.874,3.880,3.876,3.877,3.876,3.878,3.874,3.876,3.878,3.873,3.879,3.878,3.909,3.877,3.874,3.880,3.882,3.876,3.876,3.876,3.876,3.878,3.876,3.879,3.881,3.827
2026-08-24 17:04:27,100.7,0.9,3.874,3.880,3.877,3.878,3.876,3.878,3.874,3.876,3.878,3.873,3.879,3.878,3.909,3.877,3.874,3.880,3.882,3.876,3.876,3.876,3.876,3.878,3.876,3.879,3.881,3.827
2026-08-24 17:04:27,100.7,0.9,3.874,3.880,3.877,3.878,3.877,3.877,3.874,3.876,3.878,3.873,3.879,3.878,3.909,3.877,3.874,3.880,3.882,3.876,3.876,3.876,3.876,3.878,3.876,3.879,3.881,3.827
2026-08-24 17:04:27,100.7,0.9,3.874,3.880,3.877,3.878,3.877,3.877,3.874,3.876,3.877,3.873,3.879,3.878,3.909,3.877,3.874,3.880,3.882,3.876,3.876,3.876,3.876,3.878,3.876,3.879,3.881,3.827
2026-08-24 17:04:27,100.7,0.9,3.874,3.880,3.877,3.878,3.877,3.877,3.874,3.876,3.877,3.873,3.879,3.878,3.909,3.877,3.874,3.880,3.882,3.876,3.876,3.876,3.876,3.878,3.876,3.879,3.881,3.827
2026-08-24 17:04:27,100.7,0.9,3.874,3.880,3.877,3.878,3.877,3.877,3.874,3.876,3.877,3.873,3.879,3.878,3.910,3.877,3.874,3.880,3.882,3.876,3.876,3.876,3.876,3.878,3.876,3.879,3.881,3.827
2026-08-24 17:04:27,100.7,0.9,3.874,3.880,3.877,3.878,3.877,3.877,3.874,3.876,3.877,3.873,3.879,3.878,3.910,3.877,3.874,3.880,3.882,3.876,3.875,3.876,3.876,3.878,3.876,3.878,3.881,3.827
2026-08-24 17:04:27,100.7,0.9,3.874,3.880,3.877,3.878,3.877,3.877,3.874,3.876,3.877,3.873,3.879,3.878,3.910,3.877,3.874,3.880,3.882,3.876,3.875,3.876,3.876,3.878,3.876,3.878,3.881,3.827
2026-08-24 17:04:27,100.7,0.9,3.874,3.880,3.877,3.878,3.877,3.877,3.874,3.876,3.877,3.873,3.879,3.878,3.910,3.877,3.874,3.880,3.882,3.876,3.875,3.876,3.876,3.878,3.876,3.878,3.881,3.827
2026-08-24 17:04:27,100.7,0.9,3.874,3.880,3.877,3.878,3.877,3.877,3.874,3.876,3.877,3.873,3.879,3.878,3.910,3.877,3.874,3.880,3.882,3.876,3.875,3.876,3.876,3.878,3.876,3.878,3.881,3.827
2026-08-24 17:04:27,100.7,0.9,3.874,3.880,3.876,3.878,3.877,3.877,3.874,3.876,3.877,3.873,3.879,3.878,3.910,3.877,3.874,3.880,3.882,3.876,3.875,3.876,3.876,3.878,3.876,3.878,3.881,3.827
2026-08-24 17:04:27,100.7,0.9,3.874,3.880,3.876,3.878,3.876,3.878,3.874,3.876,3.877,3.873,3.879,3.878,3.910,3.877,3.874,3.880,3.882,3.876,3.875,3.876,3.876,3.878,3.876,3.878,3.881,3.827
2026-08-24 17:04:27,100.7,0.9,3.874,3.880,3.876,3.878,3.876,3.878,3.874,3.876,3.878,3.873,3.879,3.878,3.910,3.877,3.874,3.880,3.882,3.876,3.875,3.876,3.876,3.878,3.876,3.878,3.881,3.827
2026-08-24 17:04:27,100.7,0.9,3.874,3.880,3.876,3.878,3.876,3.878,3.874,3.876,3.878,3.873,3.879,3.878,3.910,3.877,3.874,3.880,3.882,3.876,3.875,3.876,3.876,3.878,3.876,3.878,3.881,3.827
2026-08-24 17:04:28,100.7,0.9,3.874,3.880,3.876,3.878,3.876,3.878,3.874,3.876,3.878,3.873,3.879,3.879,3.909,3.877,3.873,3.880,3.882,3.876,3.876,3.876,3.876,3.878,3.876,3.879,3.881,3.828
2026-08-24 17:04:28,100.7,0.9,3.874,3.880,3.876,3.878,3.876,3.878,3.874,3.876,3.878,3.873,3.879,3.879,3.909,3.877,3.873,3.880,3.882,3.876,3.876,3.876,3.876,3.878,3.876,3.879,3.881,3.828
2026-08-24 17:04:28,100.7,0.9,3.874,3.880,3.876,3.878,3.876,3.878,3.874,3.876,3.878,3.873,3.879,3.879,3.909,3.877,3.873,3.880,3.882,3.876,3.876,3.876,3.876,3.878,3.876,3.879,3.881,3.828
2026-08-24 17:04:28,100.7,0.9,3.874,3.880,3.876,3.878,3.876,3.878,3.874,3.876,3.878,3.873,3.879,3.879,3.909,3.877,3.873,3.880,3.882,3.876,3.876,3.876,3.876,3.878,3.876,3.879,3.881,3.828
2026-08-24 17:04:28,100.7,0.9,3.874,3.880,3.877,3.877,3.876,3.878,3.874,3.876,3.878,3.873,3.879,3.879,3.909,3.877,3.873,3.880,3.882,3.876,3.876,3.876,3.876,3.878,3.876,3.879,3.881,3.828
2026-08-24 17:04:28,100.7,0.9,3.874,3.880,3.877,3.877,3.876,3.877,3.874,3.876,3.878,3.873,3.879,3.879,3.909,3.877,3.873,3.880,3.882,3.876,3.876,3.876,3.876,3.878,3.876,3.879,3.881,3.828
2026-08-24 17:04:28,100.7,0.9,3.874,3.880,3.877,3.877,3.876,3.877,3.874,3.876,3.877,3.873,3.879,3.879,3.909,3.877,3.873,3.880,3.882,3.876,3.876,3.876,3.876,3.878,3.876,3.879,3.881,3.828
2026-08-24 17:04:28,100.7,0.7,3.874,3.880,3.877,3.877,3.876,3.877,3.874,3.876,3.877,3.873,3.879,3.879,3.909,3.877,3.873,3.880,3.882,3.876,3.876,3.876,3.876,3.878,3.876,3.879,3.881,3.828
2026-08-24 17:04:28,100.7,0.7,3.874,3.880,3.877,3.877,3.876,3.877,3.874,3.876,3.877,3.873,3.879,3.878,3.910,3.877,3.874,3.880,3.882,3.876,3.876,3.877,3.876,3.878,3.877,3.880,3.882,3.828
2026-08-24 17:04:28,100.7,0.7,3.874,3.880,3.877,3.877,3.876,3.877,3.874,3.876,3.877,3.873,3.879,3.878,3.910,3.877,3.874,3.880,3.882,3.876,3.876,3.877,3.876,3.878,3.877,3.880,3.882,3.828
2026-08-24 17:04:28,100.7,0.7,3.874,3.880,3.877,3.877,3.876,3.877,3.874,3.876,3.877,3.873,3.879,3.878,3.910,3.877,3.874,3.880,3.882,3.876,3.876,3.877,3.876,3.878,3.877,3.880,3.882,3.828
2026-08-24 17:04:28,100.7,0.7,3.874,3.880,3.877,3.877,3.876,3.877,3.874,3.876,3.877,3.873,3.879,3.878,3.910,3.877,3.874,3.880,3.882,3.876,3.876,3.877,3.876,3.878,3.877,3.880,3.882,3.828
2026-08-24 17:04:28,100.7,0.7,3.874,3.880,3.877,3.877,3.876,3.877,3.874,3.876,3.877,3.873,3.879,3.878,3.910,3.877,3.874,3.880,3.882,3.876,3.876,3.877,3.876,3.878,3.877,3.880,3.882,3.828
2026-08-24 17:04:28,100.7,0.7,3.874,3.880,3.877,3.877,3.876,3.877,3.874,3.876,3.877,3.873,3.879,3.878,3.910,3.877,3.874,3.880,3.882,3.876,3.876,3.877,3.876,3.878,3.877,3.880,3.882,3.828
2026-08-24 17:04:28,100.7,0.7,3.874,3.880,3.877,3.877,3.876,3.877,3.874,3.876,3.878,3.873,3.879,3.878,3.910,3.877,3.874,3.880,3.882,3.876,3.876,3.877,3.876,3.878,3.877,3.880,3.882,3.828
2026-08-24 17:04:28,100.7,0.7,3.874,3.880,3.877,3.877,3.876,3.877,3.874,3.876,3.878,3.873,3.879,3.878,3.910,3.877,3.874,3.880,3.882,3.876,3.876,3.877,3.876,3.878,3.877,3.880,3.882,3.828
2026-08-24 17:04:28,100.7,0.7,3.874,3.880,3.877,3.877,3.876,3.877,3.874,3.876,3.878,3.873,3.880,3.879,3.910,3.877,3.874,3.880,3.882,3.876,3.876,3.877,3.876,3.878,3.877,3.880,3.882,3.828
2026-08-24 17:04:28,100.7,0.7,3.874,3.880,3.877,3.877,3.876,3.877,3.874,3.876,3.878,3.873,3.880,3.879,3.910,3.877,3.874,3.880,3.882,3.876,3.876,3.877,3.876,3.878,3.877,3.880,3.882,3.828
2026-08-24 17:04:28,100.7,0.7,3.874,3.880,3.877,3.877,3.876,3.877,3.874,3.876,3.878,3.873,3.880,3.879,3.910,3.877,3.874,3.881,3.882,3.876,3.876,3.876,3.876,3.878,3.876,3.879,3.882,3.828
2026-08-24 17:04:28,100.7,0.7,3.874,3.880,3.877,3.877,3.876,3.877,3.874,3.876,3.878,3.873,3.880,3.879,3.910,3.877,3.874,3.881,3.882,3.876,3.876,3.876,3.876,3.878,3.876,3.879,3.882,3.828
2026-08-24 17:04:28,100.7,0.7,3.874,3.880,3.877,3.877,3.876,3.877,3.874,3.876,3.878,3.873,3.880,3.879,3.910,3.877,3.874,3.881,3.882,3.876,3.876,3.876,3.876,3.878,3.876,3.879,3.882,3.828
2026-08-24 17:04:28,100.7,0.7,3.874,3.880,3.877,3.877,3.876,3.877,3.874,3.876,3.878,3.873,3.880,3.879,3.910,3.877,3.874,3.881,3.882,3.876,3.876,3.876,3.876,3.878,3.876,3.879,3.882,3.828
2026-08-24 17:04:28,100.7,0.7,3.874,3.880,3.876,3.877,3.876,3.877,3.874,3.876,3.878,3.873,3.880,3.879,3.910,3.877,3.874,3.880,3.882,3.876,3.876,3.877,3.876,3.878,3.876,3.880,3.882,3.828
2026-08-24 17:04:28,100.7,0.7,3.874,3.880,3.876,3.877,3.876,3.878,3.874,3.876,3.878,3.873,3.880,3.879,3.910,3.877,3.874,3.880,3.882,3.876,3.876,3.877,3.876,3.878,3.876,3.880,3.882,3.828
2026-08-24 17:04:28,100.7,0.7,3.874,3.880,3.876,3.877,3.876,3.878,3.874,3.876,3.878,3.874,3.880,3.879,3.910,3.877,3.874,3.880,3.882,3.876,3.876,3.877,3.876,3.878,3.876,3.880,3.882,3.828
2026-08-24 17:04:28,100.7,0.7,3.874,3.880,3.876,3.877,3.876,3.878,3.874,3.876,3.878,3.874,3.880,3.879,3.910,3.877,3.874,3.880,3.882,3.876,3.876,3.877,3.876,3.878,3.876,3.880,3.882,3.828
2026-08-24 17:04:28,100.7,0.7,3.874,3.880,3.876,3.877,3.876,3.878,3.874,3.876,3.878,3.874,3.880,3.879,3.910,3.877,3.874,3.880,3.882,3.876,3.876,3.877,3.876,3.878,3.876,3.880,3.882,3.828
2026-08-24 17:04:28,100.7,0.7,3.874,3.880,3.876,3.877,3.876,3.878,3.874,3.876,3.878,3.874,3.880,3.879,3.910,3.877,3.874,3.880,3.882,3.876,3.876,3.877,3.876,3.878,3.876,3.880,3.882,3.828
2026-08-24 17:04:28,100.7,0.7,3.874,3.880,3.876,3.877,3.876,3.878,3.874,3.876,3.878,3.874,3.880,3.879,3.910,3.877,3.874,3.880,3.882,3.876,3.876,3.877,3.876,3.878,3.876,3.880,3.882,3.828
2026-08-24 17:04:28,100.7,0.7,3.874,3.880,3.876,3.877,3.876,3.878,3.874,3.876,3.878,3.874,3.880,3.879,3.910,3.877,3.874,3.880,3.882,3.876,3.876,3.877,3.876,3.878,3.876,3.880,3.882,3.828
2026-08-24 17:04:29,100.7,0.7,3.874,3.880,3.876,3.877,3.876,3.878,3.874,3.876,3.878,3.874,3.879,3.879,3.911,3.877,3.874,3.881,3.882,3.876,3.876,3.877,3.876,3.878,3.877,3.880,3.881,3.827
2026-08-24 17:04:29,100.7,0.7,3.874,3.880,3.876,3.877,3.876,3.878,3.874,3.876,3.878,3.874,3.879,3.879,3.911,3.877,3.874,3.881,3.882,3.876,3.876,3.877,3.876,3.878,3.877,3.880,3.881,3.827
2026-08-24 17:04:29,100.7,0.7,3.874,3.880,3.876,3.877,3.876,3.878,3.874,3.876,3.878,3.873,3.879,3.879,3.911,3.877,3.874,3.881,3.882,3.876,3.876,3.877,3.876,3.878,3.877,3.880,3.881,3.827
2026-08-24 17:04:29,100.7,0.7,3.874,3.880,3.876,3.877,3.876,3.878,3.874,3.876,3.878,3.873,3.879,3.879,3.911,3.877,3.874,3.881,3.882,3.876,3.876,3.877,3.876,3.878,3.877,3.880,3.881,3.827
2026-08-24 17:04:29,100.7,0.7,3.874,3.880,3.876,3.877,3.876,3.878,3.874,3.876,3.878,3.873,3.879,3.879,3.911,3.877,3.874,3.881,3.882,3.876,3.876,3.877,3.876,3.878,3.877,3.880,3.881,3.827
2026-08-24 17:04:29,100.7,0.7,3.874,3.880,3.876,3.877,3.876,3.878,3.874,3.876,3.878,3.873,3.879,3.879,3.911,3.877,3.874,3.881,3.882,3.876,3.876,3.877,3.876,3.878,3.877,3.880,3.881,3.827
2026-08-24 17:04:29,100.7,0.7,3.874,3.880,3.876,3.877,3.876,3.878,3.874,3.876,3.878,3.873,3.879,3.879,3.911,3.877,3.874,3.881,3.882,3.876,3.876,3.877,3.876,3.878,3.877,3.880,3.881,3.827
2026-08-24 17:04:29,100.7,0.7,3.874,3.880,3.876,3.877,3.876,3.878,3.874,3.876,3.878,3.873,3.879,3.879,3.911,3.877,3.874,3.881,3.882,3.876,3.876,3.877,3.876,3.878,3.877,3.880,3.881,3.827
2026-08-24 17:04:29,100.7,0.7,3.874,3.880,3.877,3.877,3.876,3.878,3.874,3.876,3.878,3.873,3.879,3.879,3.910,3.877,3.874,3.880,3.882,3.876,3.876,3.877,3.876,3.878,3.877,3.880,3.882,3.828
2026-08-24 17:04:29,100.7,0.7,3.874,3.880,3.877,3.877,3.877,3.878,3.874,3.876,3.878,3.873,3.879,3.879,3.910,3.877,3.874,3.880,3.882,3.876,3.876,3.877,3.876,3.878,3.877,3.880,3.882,3.828
2026-08-24 17:04:29,100.7,0.7,3.874,3.880,3.877,3.877,3.877,3.878,3.874,3.876,3.878,3.874,3.879,3.879,3.910,3.877,3.874,3.880,3.882,3.876,3.876,3.877,3.876,3.878,3.877,3.880,3.882,3.828
2026-08-24 17:04:29,100.7,0.7,3.874,3.880,3.877,3.877,3.877,3.878,3.874,3.876,3.878,3.874,3.879,3.879,3.910,3.877,3.874,3.880,3.882,3.876,3.876,3.877,3.876,3.878,3.877,3.880,3.882,3.828
2026-08-24 17:04:29,100.7,0.7,3.874,3.880,3.877,3.877,3.877,3.878,3.874,3.876,3.878,3.874,3.879,3.879,3.910,3.877,3.873,3.879,3.881,3.875,3.874,3.876,3.875,3.876,3.876,3.877,3.879,3.824
2026-08-24 17:04:29,100.7,0.7,3.874,3.880,3.877,3.877,3.877,3.878,3.874,3.876,3.878,3.874,3.879,3.879,3.910,3.877,3.873,3.879,3.881,3.875,3.874,3.876,3.875,3.876,3.876,3.877,3.879,3.824
2026-08-24 17:04:29,100.7,0.7,3.874,3.880,3.877,3.877,3.877,3.878,3.874,3.876,3.878,3.874,3.879,3.879,3.910,3.877,3.873,3.879,3.881,3.875,3.874,3.876,3.875,3.876,3.876,3.877,3.879,3.824
2026-08-24 17:04:29,100.7,0.7,3.874,3.880,3.877,3.877,3.877,3.878,3.874,3.876,3.878,3.874,3.879,3.879,3.910,3.877,3.873,3.879,3.881,3.875,3.874,3.876,3.875,3.876,3.876,3.877,3.879,3.824
2026-08-24 17:04:29,100.7,0.7,3.871,3.878,3.875,3.874,3.877,3.878,3.874,3.876,3.878,3.874,3.877,3.877,3.907,3.876,3.873,3.879,3.881,3.875,3.874,3.876,3.875,3.876,3.876,3.877,3.879,3.824
2026-08-24 17:04:29,100.7,0.7,3.871,3.878,3.875,3.874,3.874,3.875,3.873,3.874,3.878,3.874,3.877,3.877,3.907,3.876,3.873,3.879,3.881,3.875,3.874,3.876,3.875,3.876,3.876,3.877,3.879,3.824
2026-08-24 17:04:29,100.7,0.7,3.871,3.878,3.875,3.874,3.874,3.875,3.873,3.874,3.875,3.870,3.877,3.877,3.907,3.876,3.873,3.879,3.881,3.875,3.874,3.876,3.875,3.876,3.876,3.877,3.879,3.824
2026-08-24 17:04:29,100.7,4.1,3.871,3.878,3.875,3.874,3.874,3.875,3.873,3.874,3.875,3.870,3.877,3.877,3.907,3.876,3.873,3.879,3.881,3.875,3.874,3.876,3.875,3.876,3.876,3.877,3.879,3.824
2026-08-24 17:04:29,100.7,4.1,3.871,3.878,3.875,3.874,3.874,3.875,3.873,3.874,3.875,3.870,3.877,3.877,3.907,3.876,3.871,3.877,3.879,3.874,3.872,3.875,3.873,3.876,3.875,3.876,3.878,3.822
2026-08-24 17:04:29,100.7,4.1,3.871,3.878,3.875,3.874,3.874,3.875,3.873,3.874,3.875,3.870,3.877,3.877,3.907,3.876,3.871,3.877,3.879,3.874,3.872,3.875,3.873,3.876,3.875,3.876,3.878,3.822
2026-08-24 17:04:29,100.7,4.1,3.871,3.878,3.875,3.874,3.874,3.875,3.873,3.874,3.875,3.870,3.877,3.877,3.907,3.876,3.871,3.877,3.879,3.874,3.872,3.875,3.873,3.876,3.875,3.876,3.878,3.822
2026-08-24 17:04:29,100.7,4.1,3.871,3.878,3.875,3.874,3.874,3.875,3.873,3.874,3.875,3.870,3.877,3.877,3.907,3.876,3.871,3.877,3.879,3.874,3.872,3.875,3.873,3.876,3.875,3.876,3.878,3.822
2026-08-24 17:04:29,100.7,4.5,3.871,3.876,3.874,3.874,3.874,3.875,3.873,3.874,3.875,3.870,3.875,3.876,3.907,3.875,3.871,3.877,3.879,3.874,3.872,3.875,3.873,3.876,3.875,3.876,3.878,3.822
2026-08-24 17:04:29,100.7,4.5,3.871,3.876,3.874,3.874,3.874,3.874,3.872,3.874,3.875,3.870,3.875,3.876,3.907,3.875,3.871,3.877,3.879,3.874,3.872,3.875,3.873,3.876,3.875,3.876,3.878,3.822
2026-08-24 17:04:29,100.7,4.5,3.871,3.876,3.874,3.874,3.874,3.874,3.872,3.874,3.874,3.870,3.875,3.876,3.907,3.875,3.871,3.877,3.879,3.874,3.872,3.875,3.873,3.876,3.875,3.876,3.878,3.822
2026-08-24 17:04:29,100.7,4.5,3.871,3.876,3.874,3.874,3.874,3.874,3.872,3.874,3.874,3.870,3.875,3.876,3.907,3.875,3.871,3.877,3.879,3.874,3.872,3.875,3.873,3.876,3.875,3.876,3.878,3.822
2026-08-24 17:04:30,100.7,4.5,3.871,3.876,3.874,3.874,3.874,3.874,3.872,3.874,3.874,3.870,3.875,3.876,3.907,3.875,3.870,3.877,3.879,3.873,3.872,3.875,3.872,3.876,3.874,3.876,3.877,3.822
2026-08-24 17:04:30,100.7,4.5,3.871,3.876,3.874,3.874,3.874,3.874,3.872,3.874,3.874,3.870,3.875,3.876,3.907,3.875,3.870,3.877,3.879,3.873,3.872,3.875,3.872,3.876,3.874,3.876,3.877,3.822
2026-08-24 17:04:30,100.7,4.5,3.871,3.876,3.874,3.874,3.874,3.874,3.872,3.874,3.874,3.870,3.875,3.876,3.907,3.875,3.870,3.877,3.879,3.873,3.872,3.875,3.872,3.876,3.874,3.876,3.877,3.822
2026-08-24 17:04:30,100.7,4.5,3.871,3.876,3.874,3.874,3.874,3.874,3.872,3.874,3.874,3.870,3.875,3.876,3.907,3.875,3.870,3.877,3.879,3.873,3.872,3.875,3.872,3.876,3.874,3.876,3.877,3.822
2026-08-24 17:04:30,100.7,4.4,3.871,3.877,3.874,3.874,3.874,3.874,3.872,3.874,3.874,3.870,3.876,3.876,3.907,3.875,3.870,3.877,3.879,3.873,3.872,3.875,3.872,3.876,3.874,3.876,3.877,3.822
2026-08-24 17:04:30,100.7,4.4,3.871,3.877,3.874,3.874,3.874,3.874,3.872,3.874,3.874,3.870,3.876,3.876,3.907,3.875,3.870,3.877,3.879,3.873,3.872,3.875,3.872,3.876,3.874,3.876,3.877,3.822
2026-08-24 17:04:30,100.7,4.4,3.871,3.877,3.874,3.874,3.874,3.874,3.872,3.874,3.874,3.870,3.876,3.876,3.907,3.875,3.870,3.877,3.879,3.873,3.872,3.875,3.872,3.876,3.874,3.876,3.877,3.822
2026-08-24 17:04:30,100.7,4.4,3.871,3.877,3.874,3.874,3.874,3.874,3.872,3.874,3.874,3.870,3.876,3.876,3.907,3.875,3.870,3.877,3.879,3.873,3.872,3.875,3.872,3.876,3.874,3.876,3.877,3.822
2026-08-24 17:04:30,100.7,4.4,3.871,3.877,3.874,3.874,3.874,3.874,3.872,3.874,3.874,3.870,3.876,3.876,3.907,3.875,3.870,3.877,3.879,3.873,3.872,3.875,3.872,3.876,3.874,3.876,3.877,3.822
2026-08-24 17:04:30,100.7,4.4,3.871,3.877,3.874,3.874,3.874,3.874,3.872,3.874,3.874,3.870,3.876,3.876,3.907,3.875,3.870,3.877,3.879,3.873,3.872,3.875,3.872,3.876,3.874,3.876,3.877,3.822
2026-08-24 17:04:30,100.7,4.4,3.871,3.877,3.874,3.874,3.874,3.874,3.872,3.874,3.874,3.870,3.876,3.876,3.907,3.875,3.870,3.877,3.879,3.873,3.872,3.875,3.872,3.876,3.874,3.876,3.877,3.822
2026-08-24 17:04:30,100.7,4.4,3.871,3.877,3.874,3.874,3.874,3.874,3.872,3.874,3.874,3.870,3.876,3.876,3.907,3.875,3.870,3.877,3.879,3.873,3.872,3.875,3.872,3.876,3.874,3.876,3.877,3.822
2026-08-24 17:04:30,100.7,4.4,3.871,3.877,3.874,3.874,3.874,3.874,3.872,3.874,3.874,3.870,3.876,3.876,3.907,3.875,3.872,3.877,3.879,3.875,3.872,3.875,3.872,3.876,3.874,3.876,3.877,3.822
2026-08-24 17:04:30,100.7,4.4,3.871,3.877,3.874,3.874,3.874,3.874,3.872,3.874,3.874,3.870,3.876,3.876,3.907,3.875,3.872,3.877,3.879,3.875,3.872,3.875,3.872,3.876,3.874,3.876,3.877,3.822
2026-08-24 17:04:30,100.7,4.4,3.871,3.877,3.874,3.874,3.874,3.874,3.872,3.874,3.874,3.870,3.876,3.876,3.907,3.875,3.872,3.877,3.879,3.875,3.872,3.875,3.872,3.876,3.874,3.876,3.877,3.822
2026-08-24 17:04:30,100.7,4.4,3.871,3.877,3.874,3.874,3.874,3.874,3.872,3.874,3.874,3.870,3.876,3.876,3.907,3.875,3.872,3.877,3.879,3.875,3.872,3.875,3.872,3.876,3.874,3.876,3.877,3.822
2026-08-24 17:04:30,100.7,2.0,3.871,3.877,3.874,3.874,3.875,3.876,3.873,3.875,3.874,3.870,3.877,3.878,3.909,3.876,3.872,3.877,3.879,3.875,3.872,3.875,3.872,3.876,3.874,3.876,3.877,3.822
2026-08-24 17:04:30,100.7,2.0,3.871,3.877,3.874,3.874,3.875,3.876,3.873,3.875,3.876,3.872,3.877,3.878,3.909,3.876,3.872,3.877,3.879,3.875,3.872,3.875,3.872,3.876,3.874,3.876,3.877,3.822
2026-08-24 17:04:30,100.7,2.0,3.871,3.877,3.874,3.874,3.875,3.876,3.873,3.875,3.876,3.872,3.877,3.878,3.909,3.876,3.872,3.877,3.879,3.875,3.872,3.875,3.872,3.876,3.874,3.876,3.877,3.822
2026-08-24 17:04:30,100.7,2.0,3.873,3.879,3.876,3.876,3.875,3.876,3.873,3.875,3.876,3.872,3.877,3.878,3.909,3.876,3.874,3.880,3.882,3.876,3.875,3.876,3.875,3.878,3.876,3.879,3.881,3.827
2026-08-24 17:04:30,100.7,2.0,3.873,3.879,3.876,3.876,3.875,3.876,3.873,3.875,3.876,3.872,3.877,3.878,3.909,3.876,3.874,3.880,3.882,3.876,3.875,3.876,3.875,3.878,3.876,3.879,3.881,3.827
2026-08-24 17:04:30,100.7,2.0,3.873,3.879,3.876,3.876,3.875,3.876,3.873,3.875,3.876,3.872,3.877,3.878,3.909,3.876,3.874,3.880,3.882,3.876,3.875,3.876,3.875,3.878,3.876,3.879,3.881,3.827
2026-08-24 17:04:30,100.7,2.0,3.873,3.879,3.876,3.876,3.875,3.876,3.873,3.875,3.876,3.872,3.877,3.878,3.909,3.876,3.874,3.880,3.882,3.876,3.875,3.876,3.875,3.878,3.876,3.879,3.881,3.827
2026-08-24 17:04:30,100.7,2.0,3.873,3.879,3.876,3.876,3.875,3.876,3.873,3.875,3.876,3.872,3.877,3.878,3.909,3.876,3.874,3.880,3.882,3.876,3.875,3.876,3.875,3.878,3.876,3.879,3.881,3.827
2026-08-24 17:04:30,100.7,2.0,3.873,3.879,3.876,3.876,3.875,3.876,3.873,3.875,3.876,3.872,3.877,3.878,3.909,3.876,3.874,3.880,3.882,3.876,3.875,3.876,3.875,3.878,3.876,3.879,3.881,3.827
2026-08-24 17:04:30,100.7,2.0,3.873,3.879,3.876,3.876,3.875,3.876,3.873,3.875,3.876,3.872,3.877,3.878,3.909,3.876,3.874,3.880,3.882,3.876,3.875,3.876,3.875,3.878,3.876,3.879,3.881,3.827
2026-08-24 17:04:30,100.7,2.0,3.873,3.879,3.876,3.876,3.875,3.876,3.873,3.875,3.876,3.872,3.877,3.878,3.909,3.876,3.874,3.880,3.882,3.876,3.875,3.876,3.875,3.878,3.876,3.879,3.881,3.827
2026-08-24 17:04:30,100.7,2.0,3.874,3.880,3.876,3.877,3.875,3.876,3.873,3.875,3.876,3.872,3.880,3.879,3.911,3.877,3.874,3.880,3.882,3.876,3.875,3.876,3.875,3.878,3.876,3.879,3.881,3.827
2026-08-24 17:04:30,100.7,2.0,3.874,3.880,3.876,3.877,3.876,3.878,3.874,3.877,3.876,3.872,3.880,3.879,3.911,3.877,3.874,3.880,3.882,3.876,3.875,3.876,3.875,3.878,3.876,3.879,3.881,3.827
2026-08-24 17:04:30,100.7,2.0,3.874,3.880,3.876,3.877,3.876,3.878,3.874,3.877,3.878,3.874,3.880,3.879,3.911,3.877,3.874,3.880,3.882,3.876,3.875,3.876,3.875,3.878,3.876,3.879,3.881,3.827
2026-08-24 17:04:30,100.7,2.0,3.874,3.880,3.876,3.877,3.876,3.878,3.874,3.877,3.878,3.874,3.880,3.879,3.911,3.877,3.874,3.880,3.882,3.876,3.875,3.876,3.875,3.878,3.876,3.879,3.881,3.827
2026-08-24 17:04:30,100.7,2.0,3.874,3.880,3.876,3.877,3.876,3.878,3.874,3.877,3.878,3.874,3.880,3.879,3.911,3.877,3.874,3.881,3.882,3.876,3.876,3.877,3.876,3.878,3.877,3.879,3.882,3.828
2026-08-24 17:04:30,100.7,2.0,3.874,3.880,3.876,3.877,3.876,3.878,3.874,3.877,3.878,3.874,3.880,3.879,3.911,3.877,3.874,3.881,3.882,3.876,3.876,3.877,3.876,3.878,3.877,3.879,3.882,3.828
2026-08-24 17:04:30,100.7,2.0,3.874,3.880,3.876,3.877,3.876,3.878,3.874,3.877,3.878,3.874,3.880,3.879,3.911,3.877,3.874,3.881,3.882,3.876,3.876,3.877,3.876,3.878,3.877,3.879,3.882,3.828
2026-08-24 17:04:30,100.7,2.0,3.874,3.880,3.876,3.877,3.876,3.878,3.874,3.877,3.878,3.874,3.880,3.879,3.911,3.877,3.874,3.881,3.882,3.876,3.876,3.877,3.876,3.878,3.877,3.879,3.882,3.828
2026-08-24 17:04:30,100.7,0.7,3.874,3.880,3.876,3.877,3.876,3.878,3.874,3.877,3.878,3.874,3.880,3.879,3.911,3.877,3.874,3.881,3.882,3.876,3.876,3.877,3.876,3.878,3.877,3.879,3.882,3.828
2026-08-24 17:04:30,100.7,0.7,3.874,3.880,3.876,3.877,3.876,3.878,3.874,3.877,3.878,3.874,3.880,3.879,3.911,3.877,3.874,3.881,3.882,3.876,3.876,3.877,3.876,3.878,3.877,3.879,3.882,3.828
2026-08-24 17:04:31,100.7,0.7,3.874,3.880,3.876,3.877,3.876,3.878,3.874,3.877,3.878,3.874,3.880,3.879,3.911,3.877,3.874,3.881,3.882,3.876,3.876,3.877,3.876,3.878,3.877,3.879,3.882,3.828
2026-08-24 17:04:31,100.7,0.7,3.874,3.880,3.876,3.877,3.876,3.878,3.874,3.877,3.878,3.874,3.880,3.879,3.911,3.877,3.874,3.881,3.882,3.876,3.876,3.877,3.876,3.878,3.877,3.879,3.882,3.828
2026-08-24 17:04:31,100.7,0.7,3.874,3.880,3.877,3.878,3.876,3.878,3.874,3.877,3.878,3.874,3.880,3.879,3.910,3.878,3.874,3.881,3.882,3.876,3.876,3.877,3.876,3.878,3.877,3.879,3.882,3.828
2026-08-24 17:04:31,100.7,0.7,3.874,3.880,3.877,3.878,3.877,3.878,3.874,3.876,3.878,3.874,3.880,3.879,3.910,3.878,3.874,3.881,3.882,3.876,3.876,3.877,3.876,3.878,3.877,3.879,3.882,3.828
2026-08-24 17:04:31,100.7,0.7,3.874,3.880,3.877,3.878,3.877,3.878,3.874,3.876,3.878,3.874,3.880,3.879,3.910,3.878,3.874,3.881,3.882,3.876,3.876,3.877,3.876,3.878,3.877,3.879,3.882,3.828
2026-08-24 17:04:31,100.7,0.7,3.874,3.880,3.877,3.878,3.877,3.878,3.874,3.876,3.878,3.874,3.880,3.879,3.910,3.878,3.874,3.881,3.882,3.876,3.876,3.877,3.876,3.878,3.877,3.879,3.882,3.828
2026-08-24 17:04:31,100.7,0.7,3.874,3.880,3.877,3.878,3.877,3.878,3.874,3.876,3.878,3.874,3.880,3.879,3.910,3.878,3.874,3.881,3.882,3.876,3.876,3.877,3.876,3.878,3.877,3.879,3.882,3.828
2026-08-24 17:04:31,100.7,0.7,3.874,3.880,3.877,3.878,3.877,3.878,3.874,3.876,3.878,3.874,3.880,3.879,3.910,3.878,3.874,3.881,3.882,3.876,3.876,3.877,3.876,3.878,3.877,3.879,3.882,3.828
2026-08-24 17:04:31,100.7,0.7,3.874,3.880,3.877,3.878,3.877,3.878,3.874,3.876,3.878,3.874,3.880,3.879,3.910,3.878,3.874,3.881,3.882,3.876,3.876,3.877,3.876,3.878,3.877,3.879,3.882,3.828
2026-08-24 17:04:31,100.7,0.7,3.874,3.880,3.877,3.878,3.877,3.878,3.874,3.876,3.878,3.874,3.880,3.879,3.910,3.878,3.874,3.881,3.882,3.876,3.876,3.877,3.876,3.878,3.877,3.879,3.882,3.828
2026-08-24 17:04:31,100.8,0.7,3.874,3.880,3.877,3.878,3.877,3.878,3.874,3.876,3.878,3.874,3.880,3.879,3.910,3.878,3.874,3.881,3.882,3.876,3.876,3.877,3.876,3.878,3.877,3.879,3.882,3.828
2026-08-24 17:04:31,100.8,0.7,3.874,3.880,3.877,3.878,3.877,3.878,3.874,3.876,3.878,3.874,3.880,3.879,3.910,3.878,3.874,3.881,3.882,3.876,3.876,3.877,3.876,3.878,3.877,3.879,3.882,3.828
2026-08-24 17:04:31,100.8,0.7,3.874,3.880,3.877,3.878,3.877,3.878,3.874,3.876,3.878,3.874,3.880,3.879,3.910,3.878,3.874,3.881,3.882,3.876,3.876,3.877,3.876,3.878,3.877,3.879,3.882,3.828
2026-08-24 17:04:31,100.8,0.7,3.874,3.880,3.877,3.878,3.877,3.878,3.874,3.876,3.878,3.874,3.880,3.879,3.910,3.878,3.874,3.881,3.882,3.876,3.876,3.877,3.876,3.878,3.877,3.879,3.882,3.828
2026-08-24 17:04:31,100.8,0.7,3.874,3.880,3.877,3.877,3.877,3.878,3.874,3.877,3.878,3.874,3.880,3.879,3.910,3.877,3.874,3.881,3.882,3.876,3.876,3.877,3.876,3.879,3.877,3.880,3.882,3.828
2026-08-24 17:04:31,100.8,1.1,3.874,3.880,3.877,3.877,3.877,3.878,3.874,3.877,3.878,3.874,3.880,3.879,3.910,3.877,3.874,3.881,3.882,3.876,3.876,3.877,3.876,3.879,3.877,3.880,3.882,3.828
2026-08-24 17:04:31,100.8,1.1,3.874,3.880,3.877,3.877,3.877,3.878,3.874,3.877,3.878,3.874,3.880,3.879,3.910,3.877,3.874,3.881,3.882,3.876,3.876,3.877,3.876,3.879,3.877,3.880,3.882,3.828
2026-08-24 17:04:31,100.8,1.1,3.874,3.880,3.877,3.877,3.877,3.878,3.874,3.877,3.878,3.874,3.880,3.879,3.910,3.877,3.874,3.881,3.882,3.876,3.876,3.877,3.876,3.879,3.877,3.880,3.882,3.828
2026-08-24 17:04:31,100.8,1.1,3.874,3.880,3.877,3.877,3.877,3.878,3.874,3.877,3.878,3.874,3.880,3.879,3.910,3.877,3.874,3.881,3.882,3.876,3.876,3.877,3.876,3.879,3.877,3.880,3.882,3.828
2026-08-24 17:04:31,100.8,1.1,3.874,3.880,3.877,3.877,3.877,3.878,3.874,3.877,3.878,3.874,3.880,3.879,3.910,3.877,3.874,3.881,3.882,3.876,3.876,3.877,3.876,3.879,3.877,3.880,3.882,3.828
2026-08-24 17:04:31,100.8,1.1,3.872,3.879,3.875,3.876,3.877,3.878,3.874,3.877,3.878,3.874,3.880,3.879,3.910,3.877,3.873,3.879,3.881,3.875,3.874,3.876,3.875,3.877,3.876,3.877,3.879,3.825
2026-08-24 17:04:31,100.8,1.1,3.872,3.879,3.875,3.876,3.875,3.876,3.874,3.874,3.878,3.874,3.880,3.879,3.910,3.877,3.873,3.879,3.881,3.875,3.874,3.876,3.875,3.877,3.876,3.877,3.879,3.825
2026-08-24 17:04:31,100.8,1.1,3.872,3.879,3.875,3.876,3.875,3.876,3.874,3.874,3.876,3.872,3.880,3.879,3.910,3.877,3.873,3.879,3.881,3.875,3.874,3.876,3.875,3.877,3.876,3.877,3.879,3.825
2026-08-24 17:04:31,100.8,1.1,3.872,3.879,3.875,3.876,3.875,3.876,3.874,3.874,3.876,3.872,3.880,3.879,3.910,3.877,3.873,3.879,3.881,3.875,3.874,3.876,3.875,3.877,3.876,3.877,3.879,3.825
2026-08-24 17:04:31,100.8,2.9,3.872,3.879,3.875,3.876,3.875,3.876,3.874,3.874,3.876,3.872,3.878,3.877,3.909,3.876,3.873,3.879,3.881,3.875,3.874,3.876,3.875,3.877,3.876,3.877,3.879,3.825
2026-08-24 17:04:31,100.8,2.9,3.872,3.879,3.875,3.876,3.875,3.876,3.874,3.874,3.876,3.872,3.878,3.877,3.909,3.876,3.873,3.879,3.881,3.875,3.874,3.876,3.875,3.877,3.876,3.877,3.879,3.825
2026-08-24 17:04:31,100.8,2.9,3.872,3.879,3.875,3.876,3.875,3.876,3.874,3.874,3.876,3.872,3.878,3.877,3.909,3.876,3.873,3.879,3.881,3.875,3.874,3.876,3.875,3.877,3.876,3.877,3.879,3.825
2026-08-24 17:04:31,100.8,2.9,3.872,3.879,3.875,3.876,3.875,3.876,3.874,3.874,3.876,3.872,3.878,3.877,3.909,3.876,3.873,3.879,3.881,3.875,3.874,3.876,3.875,3.877,3.876,3.877,3.879,3.825
2026-08-24 17:04:31,100.7,2.9,3.872,3.879,3.875,3.876,3.875,3.876,3.874,3.874,3.876,3.872,3.878,3.877,3.909,3.876,3.873,3.879,3.881,3.875,3.874,3.876,3.875,3.877,3.876,3.877,3.879,3.825
2026-08-24 17:04:31,100.7,2.9,3.872,3.878,3.874,3.875,3.875,3.876,3.874,3.874,3.876,3.872,3.878,3.877,3.909,3.876,3.872,3.878,3.880,3.875,3.874,3.876,3.874,3.876,3.876,3.876,3.878,3.822
2026-08-24 17:04:31,100.7,3.4,3.872,3.878,3.874,3.875,3.874,3.875,3.874,3.874,3.876,3.872,3.878,3.877,3.909,3.876,3.872,3.878,3.880,3.875,3.874,3.876,3.874,3.876,3.876,3.876,3.878,3.822
2026-08-24 17:04:31,100.7,3.4,3.872,3.878,3.874,3.875,3.874,3.875,3.874,3.874,3.875,3.871,3.878,3.877,3.909,3.876,3.872,3.878,3.880,3.875,3.874,3.876,3.874,3.876,3.876,3.876,3.878,3.822
2026-08-24 17:04:31,100.7,3.4,3.872,3.878,3.874,3.875,3.874,3.875,3.874,3.874,3.875,3.871,3.878,3.877,3.909,3.876,3.872,3.878,3.880,3.875,3.874,3.876,3.874,3.876,3.876,3.876,3.878,3.822
2026-08-24 17:04:32,100.7,3.4,3.872,3.878,3.874,3.875,3.874,3.875,3.874,3.874,3.875,3.871,3.877,3.877,3.907,3.876,3.872,3.878,3.880,3.875,3.874,3.876,3.874,3.876,3.876,3.876,3.878,3.822
2026-08-24 17:04:32,100.7,3.4,3.872,3.878,3.874,3.875,3.874,3.875,3.874,3.874,3.875,3.871,3.877,3.877,3.907,3.876,3.872,3.878,3.880,3.875,3.874,3.876,3.874,3.876,3.876,3.876,3.878,3.822
2026-08-24 17:04:32,100.7,3.4,3.872,3.878,3.874,3.875,3.874,3.875,3.874,3.874,3.875,3.871,3.877,3.877,3.907,3.876,3.872,3.878,3.880,3.875,3.874,3.876,3.874,3.876,3.876,3.876,3.878,3.822
2026-08-24 17:04:32,100.7,3.4,3.872,3.878,3.874,3.875,3.874,3.875,3.874,3.874,3.875,3.871,3.877,3.877,3.907,3.876,3.872,3.878,3.880,3.875,3.874,3.876,3.874,3.876,3.876,3.876,3.878,3.822
2026-08-24 17:04:32,100.7,3.6,3.872,3.878,3.874,3.875,3.874,3.875,3.874,3.874,3.875,3.871,3.877,3.877,3.907,3.876,3.872,3.878,3.880,3.875,3.873,3.876,3.874,3.876,3.876,3.876,3.878,3.822
2026-08-24 17:04:32,100.7,3.6,3.872,3.878,3.874,3.875,3.874,3.874,3.874,3.874,3.875,3.871,3.877,3.877,3.907,3.876,3.872,3.878,3.880,3.875,3.873,3.876,3.874,3.876,3.876,3.876,3.878,3.822
2026-08-24 17:04:32,100.7,3.6,3.872,3.878,3.874,3.875,3.874,3.874,3.874,3.874,3.876,3.871,3.877,3.877,3.907,3.876,3.872,3.878,3.880,3.875,3.873,3.876,3.874,3.876,3.876,3.876,3.878,3.822
2026-08-24 17:04:32,100.7,3.6,3.872,3.878,3.874,3.875,3.874,3.874,3.874,3.874,3.876,3.871,3.877,3.877,3.907,3.876,3.872,3.878,3.880,3.875,3.873,3.876,3.874,3.876,3.876,3.876,3.878,3.822
2026-08-24 17:04:32,100.7,3.6,3.872,3.878,3.874,3.875,3.874,3.874,3.874,3.874,3.876,3.871,3.877,3.877,3.907,3.876,3.872,3.878,3.880,3.875,3.873,3.876,3.874,3.876,3.876,3.876,3.878,3.822
2026-08-24 17:04:32,100.7,3.6,3.872,3.878,3.874,3.875,3.874,3.874,3.874,3.874,3.876,3.871,3.877,3.877,3.907,3.876,3.871,3.877,3.879,3.874,3.872,3.875,3.873,3.876,3.874,3.876,3.877,3.822
2026-08-24 17:04:32,100.7,3.6,3.872,3.878,3.874,3.875,3.874,3.874,3.874,3.874,3.876,3.871,3.877,3.877,3.907,3.876,3.871,3.877,3.879,3.874,3.872,3.875,3.873,3.876,3.874,3.876,3.877,3.822
2026-08-24 17:04:32,100.7,3.6,3.872,3.878,3.874,3.875,3.874,3.874,3.874,3.874,3.876,3.871,3.877,3.877,3.907,3.876,3.871,3.877,3.879,3.874,3.872,3.875,3.873,3.876,3.874,3.876,3.877,3.822
2026-08-24 17:04:32,100.7,3.6,3.872,3.878,3.874,3.875,3.874,3.874,3.874,3.874,3.876,3.871,3.877,3.877,3.907,3.876,3.871,3.877,3.879,3.874,3.872,3.875,3.873,3.876,3.874,3.876,3.877,3.822
2026-08-24 17:04:32,100.7,3.6,3.872,3.877,3.874,3.874,3.874,3.874,3.874,3.874,3.876,3.871,3.877,3.877,3.907,3.876,3.871,3.877,3.879,3.874,3.872,3.875,3.873,3.876,3.874,3.876,3.877,3.822
2026-08-24 17:04:32,100.7,3.6,3.872,3.877,3.874,3.874,3.874,3.874,3.873,3.874,3.876,3.871,3.877,3.877,3.907,3.876,3.871,3.877,3.879,3.874,3.872,3.875,3.873,3.876,3.874,3.876,3.877,3.822
2026-08-24 17:04:32,100.7,3.6,3.872,3.877,3.874,3.874,3.874,3.874,3.873,3.874,3.874,3.870,3.877,3.877,3.907,3.876,3.871,3.877,3.879,3.874,3.872,3.875,3.873,3.876,3.874,3.876,3.877,3.822
2026-08-24 17:04:32,100.7,3.6,3.872,3.877,3.874,3.874,3.874,3.874,3.873,3.874,3.874,3.870,3.877,3.877,3.907,3.876,3.871,3.877,3.879,3.874,3.872,3.875,3.873,3.876,3.874,3.876,3.877,3.822
2026-08-24 17:04:32,100.7,3.6,3.872,3.877,3.874,3.874,3.874,3.874,3.873,3.874,3.874,3.870,3.876,3.877,3.907,3.875,3.871,3.876,3.878,3.873,3.872,3.875,3.872,3.876,3.875,3.876,3.877,3.822
2026-08-24 17:04:32,100.7,3.6,3.872,3.877,3.874,3.874,3.874,3.874,3.873,3.874,3.874,3.870,3.876,3.877,3.907,3.875,3.871,3.876,3.878,3.873,3.872,3.875,3.872,3.876,3.875,3.876,3.877,3.822
2026-08-24 17:04:32,100.7,3.6,3.872,3.877,3.874,3.874,3.874,3.874,3.873,3.874,3.874,3.870,3.876,3.877,3.907,3.875,3.871,3.876,3.878,3.873,3.872,3.875,3.872,3.876,3.875,3.876,3.877,3.822
2026-08-24 17:04:32,100.7,4.7,3.872,3.877,3.874,3.874,3.874,3.874,3.873,3.874,3.874,3.870,3.876,3.877,3.907,3.875,3.871,3.876,3.878,3.873,3.872,3.875,3.872,3.876,3.875,3.876,3.877,3.822
2026-08-24 17:04:32,100.7,4.7,3.871,3.876,3.874,3.874,3.874,3.874,3.873,3.874,3.874,3.870,3.876,3.877,3.907,3.875,3.871,3.876,3.878,3.873,3.872,3.875,3.872,3.876,3.875,3.876,3.877,3.822
2026-08-24 17:04:32,100.7,4.7,3.871,3.876,3.874,3.874,3.874,3.874,3.872,3.874,3.874,3.870,3.876,3.877,3.907,3.875,3.871,3.876,3.878,3.873,3.872,3.875,3.872,3.876,3.875,3.876,3.877,3.822
2026-08-24 17:04:32,100.7,4.7,3.871,3.876,3.874,3.874,3.874,3.874,3.872,3.874,3.874,3.870,3.876,3.877,3.907,3.875,3.871,3.876,3.878,3.873,3.872,3.875,3.872,3.876,3.875,3.876,3.877,3.822
2026-08-24 17:04:32,100.7,4.7,3.871,3.876,3.874,3.874,3.874,3.874,3.872,3.874,3.874,3.870,3.876,3.877,3.907,3.875,3.871,3.876,3.878,3.873,3.872,3.875,3.872,3.876,3.875,3.876,3.877,3.822
2026-08-24 17:04:32,100.7,4.4,3.871,3.876,3.874,3.874,3.874,3.874,3.872,3.874,3.874,3.870,3.876,3.876,3.907,3.874,3.870,3.877,3.878,3.874,3.871,3.874,3.873,3.876,3.874,3.875,3.877,3.822
2026-08-24 17:04:32,100.7,4.4,3.871,3.876,3.874,3.874,3.874,3.874,3.872,3.874,3.874,3.870,3.876,3.876,3.907,3.874,3.870,3.877,3.878,3.874,3.871,3.874,3.873,3.876,3.874,3.875,3.877,3.822
2026-08-24 17:04:32,100.7,4.4,3.871,3.876,3.874,3.874,3.874,3.874,3.872,3.874,3.874,3.870,3.876,3.876,3.907,3.874,3.870,3.877,3.878,3.874,3.871,3.874,3.873,3.876,3.874,3.875,3.877,3.822
2026-08-24 17:04:33,100.7,4.4,3.871,3.876,3.874,3.874,3.874,3.874,3.872,3.874,3.874,3.870,3.876,3.876,3.907,3.874,3.870,3.877,3.878,3.874,3.871,3.874,3.873,3.876,3.874,3.875,3.877,3.822
2026-08-24 17:04:33,100.7,4.4,3.872,3.877,3.874,3.874,3.874,3.874,3.872,3.874,3.874,3.870,3.876,3.876,3.907,3.874,3.870,3.877,3.878,3.874,3.871,3.874,3.873,3.876,3.874,3.875,3.877,3.822
2026-08-24 17:04:33,100.7,4.4,3.872,3.877,3.874,3.874,3.874,3.874,3.873,3.874,3.874,3.870,3.876,3.876,3.907,3.874,3.870,3.877,3.878,3.874,3.871,3.874,3.873,3.876,3.874,3.875,3.877,3.822
2026-08-24 17:04:33,100.7,4.4,3.872,3.877,3.874,3.874,3.874,3.874,3.873,3.874,3.874,3.870,3.876,3.876,3.907,3.874,3.870,3.877,3.878,3.874,3.871,3.874,3.873,3.876,3.874,3.875,3.877,3.822
2026-08-24 17:04:33,100.7,4.4,3.872,3.877,3.874,3.874,3.874,3.874,3.873,3.874,3.874,3.870,3.876,3.876,3.907,3.874,3.870,3.877,3.878,3.874,3.871,3.874,3.873,3.876,3.874,3.875,3.877,3.822
2026-08-24 17:04:33,100.7,4.4,3.872,3.877,3.874,3.874,3.874,3.874,3.873,3.874,3.874,3.870,3.876,3.877,3.907,3.875,3.873,3.877,3.879,3.874,3.872,3.875,3.873,3.876,3.875,3.876,3.877,3.822
2026-08-24 17:04:33,100.7,4.4,3.872,3.877,3.874,3.874,3.874,3.874,3.873,3.874,3.874,3.870,3.876,3.877,3.907,3.875,3.873,3.877,3.879,3.874,3.872,3.875,3.873,3.876,3.875,3.876,3.877,3.822
2026-08-24 17:04:33,100.7,4.4,3.872,3.877,3.874,3.874,3.874,3.874,3.873,3.874,3.874,3.870,3.876,3.877,3.907,3.875,3.873,3.877,3.879,3.874,3.872,3.875,3.873,3.876,3.875,3.876,3.877,3.822
2026-08-24 17:04:33,100.7,4.4,3.872,3.877,3.874,3.874,3.874,3.874,3.873,3.874,3.874,3.870,3.876,3.877,3.907,3.875,3.873,3.877,3.879,3.874,3.872,3.875,3.873,3.876,3.875,3.876,3.877,3.822
2026-08-24 17:04:33,100.7,4.2,3.872,3.877,3.874,3.874,3.874,3.874,3.873,3.874,3.874,3.870,3.876,3.877,3.907,3.875,3.873,3.877,3.879,3.874,3.872,3.875,3.873,3.876,3.875,3.876,3.877,3.822
2026-08-24 17:04:33,100.7,4.2,3.872,3.877,3.874,3.874,3.874,3.874,3.873,3.874,3.874,3.870,3.876,3.877,3.907,3.875,3.873,3.877,3.879,3.874,3.872,3.875,3.873,3.876,3.875,3.876,3.877,3.822
2026-08-24 17:04:33,100.7,4.2,3.872,3.877,3.874,3.874,3.874,3.874,3.873,3.874,3.874,3.870,3.876,3.877,3.907,3.875,3.873,3.877,3.879,3.874,3.872,3.875,3.873,3.876,3.875,3.876,3.877,3.822
2026-08-24 17:04:33,100.7,4.2,3.872,3.877,3.874,3.874,3.874,3.874,3.873,3.874,3.874,3.870,3.876,3.877,3.907,3.875,3.873,3.877,3.879,3.874,3.872,3.875,3.873,3.876,3.875,3.876,3.877,3.822
2026-08-24 17:04:33,100.7,4.2,3.872,3.877,3.874,3.874,3.874,3.874,3.873,3.874,3.874,3.870,3.876,3.877,3.907,3.875,3.873,3.877,3.879,3.874,3.872,3.875,3.873,3.876,3.875,3.876,3.877,3.822
2026-08-24 17:04:33,100.7,4.2,3.872,3.877,3.874,3.874,3.874,3.874,3.873,3.874,3.874,3.870,3.876,3.877,3.907,3.875,3.873,3.877,3.879,3.874,3.872,3.875,3.873,3.876,3.875,3.876,3.877,3.822
2026-08-24 17:04:33,100.7,4.2,3.872,3.877,3.874,3.874,3.874,3.874,3.873,3.874,3.875,3.870,3.876,3.877,3.907,3.875,3.873,3.877,3.879,3.874,3.872,3.875,3.873,3.876,3.875,3.876,3.877,3.822
2026-08-24 17:04:33,100.7,4.2,3.872,3.877,3.874,3.874,3.874,3.874,3.873,3.874,3.875,3.870,3.876,3.877,3.907,3.875,3.873,3.877,3.879,3.874,3.872,3.875,3.873,3.876,3.875,3.876,3.877,3.822
2026-08-24 17:04:33,100.7,4.7,3.872,3.877,3.874,3.874,3.874,3.874,3.873,3.874,3.875,3.870,3.876,3.877,3.907,3.875,3.873,3.877,3.879,3.874,3.872,3.875,3.873,3.876,3.875,3.876,3.877,3.822
2026-08-24 17:04:33,100.7,4.7,3.872,3.877,3.874,3.874,3.874,3.874,3.873,3.874,3.875,3.870,3.876,3.877,3.907,3.875,3.873,3.877,3.879,3.874,3.872,3.875,3.873,3.876,3.875,3.876,3.877,3.822
2026-08-24 17:04:33,100.7,4.7,3.872,3.877,3.874,3.874,3.874,3.874,3.873,3.874,3.875,3.870,3.876,3.877,3.907,3.875,3.873,3.877,3.879,3.874,3.872,3.875,3.873,3.876,3.875,3.876,3.877,3.822
2026-08-24 17:04:33,100.7,4.7,3.872,3.877,3.874,3.874,3.874,3.874,3.873,3.874,3.875,3.870,3.876,3.877,3.907,3.875,3.873,3.877,3.879,3.874,3.872,3.875,3.873,3.876,3.875,3.876,3.877,3.822
2026-08-24 17:04:33,100.7,4.7,3.872,3.877,3.874,3.874,3.874,3.874,3.873,3.874,3.875,3.870,3.876,3.877,3.907,3.875,3.873,3.877,3.879,3.874,3.872,3.875,3.873,3.876,3.874,3.875,3.878,3.821
2026-08-24 17:04:33,100.7,4.7,3.872,3.877,3.874,3.874,3.874,3.874,3.873,3.874,3.875,3.870,3.876,3.877,3.907,3.875,3.873,3.877,3.879,3.874,3.872,3.875,3.873,3.876,3.874,3.875,3.878,3.821
2026-08-24 17:04:33,100.7,4.7,3.872,3.877,3.874,3.874,3.874,3.874,3.873,3.874,3.875,3.870,3.876,3.877,3.907,3.875,3.873,3.877,3.879,3.874,3.872,3.875,3.873,3.876,3.874,3.875,3.878,3.821
2026-08-24 17:04:33,100.7,4.7,3.872,3.877,3.874,3.874,3.874,3.874,3.873,3.874,3.875,3.870,3.876,3.877,3.907,3.875,3.873,3.877,3.879,3.874,3.872,3.875,3.873,3.876,3.874,3.875,3.878,3.821
2026-08-24 17:04:33,100.7,4.7,3.872,3.877,3.874,3.874,3.873,3.873,3.871,3.873,3.875,3.870,3.876,3.877,3.907,3.875,3.873,3.877,3.879,3.874,3.872,3.875,3.873,3.876,3.874,3.875,3.878,3.821
2026-08-24 17:04:33,100.7,4.7,3.872,3.877,3.874,3.874,3.873,3.873,3.871,3.873,3.874,3.868,3.876,3.877,3.907,3.875,3.873,3.877,3.879,3.874,3.872,3.875,3.873,3.876,3.874,3.875,3.878,3.821
2026-08-24 17:04:33,100.7,4.7,3.872,3.877,3.874,3.874,3.873,3.873,3.871,3.873,3.874,3.868,3.876,3.877,3.907,3.875,3.873,3.877,3.879,3.874,3.872,3.875,3.873,3.876,3.874,3.875,3.878,3.821
2026-08-24 17:04:33,100.7,7.0,3.870,3.875,3.873,3.873,3.873,3.873,3.871,3.873,3.874,3.868,3.875,3.875,3.907,3.872,3.869,3.875,3.877,3.871,3.870,3.873,3.870,3.874,3.872,3.873,3.876,3.818
2026-08-24 17:04:33,100.7,7.0,3.870,3.875,3.873,3.873,3.873,3.873,3.871,3.873,3.874,3.868,3.875,3.875,3.907,3.872,3.869,3.875,3.877,3.871,3.870,3.873,3.870,3.874,3.872,3.873,3.876,3.818
2026-08-24 17:04:33,100.7,7.0,3.870,3.875,3.873,3.873,3.873,3.873,3.871,3.873,3.874,3.868,3.875,3.875,3.907,3.872,3.869,3.875,3.877,3.871,3.870,3.873,3.870,3.874,3.872,3.873,3.876,3.818
2026-08-24 17:04:33,100.7,7.0,3.870,3.875,3.873,3.873,3.873,3.873,3.871,3.873,3.874,3.868,3.875,3.875,3.907,3.872,3.869,3.875,3.877,3.871,3.870,3.873,3.870,3.874,3.872,3.873,3.876,3.818
2026-08-24 17:04:33,100.7,7.0,3.870,3.875,3.873,3.873,3.873,3.873,3.871,3.873,3.874,3.868,3.875,3.875,3.907,3.872,3.869,3.875,3.877,3.871,3.870,3.873,3.870,3.874,3.872,3.873,3.876,3.818
2026-08-24 17:04:33,100.7,7.0,3.870,3.875,3.873,3.873,3.873,3.873,3.871,3.873,3.874,3.868,3.875,3.875,3.907,3.872,3.869,3.875,3.877,3.871,3.870,3.873,3.870,3.874,3.872,3.873,3.876,3.818
2026-08-24 17:04:33,100.7,7.0,3.870,3.875,3.873,3.873,3.873,3.873,3.871,3.873,3.874,3.868,3.875,3.875,3.907,3.872,3.869,3.875,3.877,3.871,3.870,3.873,3.870,3.874,3.872,3.873,3.876,3.818
2026-08-24 17:04:33,100.7,7.0,3.870,3.875,3.873,3.873,3.873,3.873,3.871,3.873,3.874,3.868,3.875,3.875,3.907,3.872,3.869,3.875,3.877,3.871,3.870,3.873,3.870,3.874,3.872,3.873,3.876,3.818
2026-08-24 17:04:33,100.7,7.0,3.867,3.874,3.871,3.872,3.873,3.873,3.871,3.873,3.874,3.868,3.875,3.875,3.907,3.872,3.869,3.875,3.877,3.871,3.870,3.873,3.870,3.874,3.872,3.873,3.876,3.818
2026-08-24 17:04:33,100.7,7.0,3.867,3.874,3.871,3.872,3.871,3.871,3.868,3.870,3.874,3.868,3.875,3.875,3.907,3.872,3.869,3.875,3.877,3.871,3.870,3.873,3.870,3.874,3.872,3.873,3.876,3.818
2026-08-24 17:04:33,100.7,7.0,3.867,3.874,3.871,3.872,3.871,3.871,3.868,3.870,3.872,3.867,3.875,3.875,3.907,3.872,3.869,3.875,3.877,3.871,3.870,3.873,3.870,3.874,3.872,3.873,3.876,3.818
2026-08-24 17:04:33,100.7,7.0,3.867,3.874,3.871,3.872,3.871,3.871,3.868,3.870,3.872,3.867,3.875,3.875,3.907,3.872,3.869,3.875,3.877,3.871,3.870,3.873,3.870,3.874,3.872,3.873,3.876,3.818
2026-08-24 17:04:34,100.7,8.7,3.867,3.874,3.871,3.872,3.871,3.871,3.868,3.870,3.872,3.867,3.874,3.873,3.904,3.871,3.868,3.875,3.875,3.870,3.870,3.873,3.870,3.874,3.870,3.871,3.875,3.815
2026-08-24 17:04:34,100.7,8.7,3.867,3.874,3.871,3.872,3.871,3.871,3.868,3.870,3.872,3.867,3.874,3.873,3.904,3.871,3.868,3.875,3.875,3.870,3.870,3.873,3.870,3.874,3.870,3.871,3.875,3.815
2026-08-24 17:04:34,100.7,8.7,3.867,3.874,3.871,3.872,3.871,3.871,3.868,3.870,3.872,3.867,3.874,3.873,3.904,3.871,3.868,3.875,3.875,3.870,3.870,3.873,3.870,3.874,3.870,3.871,3.875,3.815
2026-08-24 17:04:34,100.7,8.7,3.867,3.874,3.871,3.872,3.871,3.871,3.868,3.870,3.872,3.867,3.874,3.873,3.904,3.871,3.868,3.875,3.875,3.870,3.870,3.873,3.870,3.874,3.870,3.871,3.875,3.815
2026-08-24 17:04:34,100.6,8.7,3.867,3.874,3.871,3.872,3.871,3.871,3.868,3.870,3.872,3.867,3.874,3.873,3.904,3.871,3.868,3.875,3.875,3.870,3.870,3.873,3.870,3.874,3.870,3.871,3.875,3.815
2026-08-24 17:04:34,100.6,8.7,3.867,3.874,3.871,3.872,3.871,3.871,3.868,3.870,3.872,3.867,3.874,3.873,3.904,3.871,3.868,3.875,3.875,3.870,3.870,3.873,3.870,3.874,3.870,3.871,3.875,3.815
2026-08-24 17:04:34,100.6,8.7,3.867,3.874,3.871,3.872,3.871,3.871,3.868,3.870,3.872,3.867,3.874,3.873,3.904,3.871,3.868,3.875,3.875,3.870,3.870,3.873,3.870,3.874,3.870,3.871,3.875,3.815
2026-08-24 17:04:34,100.6,8.7,3.867,3.874,3.871,3.872,3.871,3.871,3.868,3.870,3.872,3.867,3.874,3.873,3.904,3.871,3.868,3.875,3.875,3.870,3.870,3.873,3.870,3.874,3.870,3.871,3.875,3.815
2026-08-24 17:04:34,100.6,8.7,3.865,3.873,3.870,3.870,3.871,3.871,3.868,3.870,3.872,3.867,3.874,3.873,3.904,3.871,3.867,3.873,3.875,3.869,3.870,3.873,3.870,3.874,3.870,3.871,3.875,3.815
2026-08-24 17:04:34,100.6,8.7,3.865,3.873,3.870,3.870,3.869,3.870,3.868,3.869,3.872,3.867,3.874,3.873,3.904,3.871,3.867,3.873,3.875,3.869,3.870,3.873,3.870,3.874,3.870,3.871,3.875,3.815
2026-08-24 17:04:34,100.6,8.7,3.865,3.873,3.870,3.870,3.869,3.870,3.868,3.869,3.870,3.866,3.874,3.873,3.904,3.871,3.867,3.873,3.875,3.869,3.870,3.873,3.870,3.874,3.870,3.871,3.875,3.815
2026-08-24 17:04:34,100.6,8.7,3.865,3.873,3.870,3.870,3.869,3.870,3.868,3.869,3.870,3.866,3.874,3.873,3.904,3.871,3.867,3.873,3.875,3.869,3.870,3.873,3.870,3.874,3.870,3.871,3.875,3.815
2026-08-24 17:04:34,100.6,8.7,3.865,3.873,3.870,3.870,3.869,3.870,3.868,3.869,3.870,3.866,3.872,3.871,3.903,3.869,3.867,3.873,3.875,3.869,3.870,3.873,3.870,3.874,3.870,3.871,3.875,3.815
2026-08-24 17:04:34,100.6,8.7,3.865,3.873,3.870,3.870,3.869,3.870,3.868,3.869,3.870,3.866,3.872,3.871,3.903,3.869,3.867,3.873,3.875,3.869,3.870,3.873,3.870,3.874,3.870,3.871,3.875,3.815
2026-08-24 17:04:34,100.6,8.7,3.865,3.873,3.870,3.870,3.869,3.870,3.868,3.869,3.870,3.866,3.872,3.871,3.903,3.869,3.867,3.873,3.875,3.869,3.870,3.873,3.870,3.874,3.870,3.871,3.875,3.815
2026-08-24 17:04:34,100.6,8.7,3.865,3.873,3.870,3.870,3.869,3.870,3.868,3.869,3.870,3.866,3.872,3.871,3.903,3.869,3.867,3.873,3.875,3.869,3.870,3.873,3.870,3.874,3.870,3.871,3.875,3.815
2026-08-24 17:04:34,100.6,14.6,3.861,3.869,3.867,3.867,3.869,3.870,3.868,3.869,3.870,3.866,3.872,3.871,3.903,3.869,3.863,3.870,3.871,3.864,3.864,3.866,3.864,3.867,3.864,3.864,3.869,3.806
2026-08-24 17:04:34,100.6,14.6,3.861,3.869,3.867,3.867,3.867,3.867,3.864,3.866,3.870,3.866,3.872,3.871,3.903,3.869,3.863,3.870,3.871,3.864,3.864,3.866,3.864,3.867,3.864,3.864,3.869,3.806
2026-08-24 17:04:34,100.6,14.6,3.861,3.869,3.867,3.867,3.867,3.867,3.864,3.866,3.867,3.862,3.872,3.871,3.903,3.869,3.863,3.870,3.871,3.864,3.864,3.866,3.864,3.867,3.864,3.864,3.869,3.806
2026-08-24 17:04:34,100.6,14.6,3.861,3.869,3.867,3.867,3.867,3.867,3.864,3.866,3.867,3.862,3.872,3.871,3.903,3.869,3.863,3.870,3.871,3.864,3.864,3.866,3.864,3.867,3.864,3.864,3.869,3.806
2026-08-24 17:04:34,100.6,14.6,3.861,3.869,3.867,3.867,3.867,3.867,3.864,3.866,3.867,3.862,3.868,3.867,3.899,3.865,3.863,3.870,3.871,3.864,3.864,3.866,3.864,3.867,3.864,3.864,3.869,3.806
2026-08-24 17:04:34,100.6,14.6,3.861,3.869,3.867,3.867,3.867,3.867,3.864,3.866,3.867,3.862,3.868,3.867,3.899,3.865,3.863,3.870,3.871,3.864,3.864,3.866,3.864,3.867,3.864,3.864,3.869,3.806
2026-08-24 17:04:34,100.6,14.6,3.861,3.869,3.867,3.867,3.867,3.867,3.864,3.866,3.867,3.862,3.868,3.867,3.899,3.865,3.863,3.870,3.871,3.864,3.864,3.866,3.864,3.867,3.864,3.864,3.869,3.806
2026-08-24 17:04:34,100.6,14.6,3.861,3.869,3.867,3.867,3.867,3.867,3.864,3.866,3.867,3.862,3.868,3.867,3.899,3.865,3.863,3.870,3.871,3.864,3.864,3.866,3.864,3.867,3.864,3.864,3.869,3.806
2026-08-24 17:04:34,100.6,14.6,3.861,3.869,3.867,3.867,3.867,3.867,3.864,3.866,3.867,3.862,3.868,3.867,3.899,3.865,3.863,3.870,3.871,3.864,3.864,3.866,3.864,3.867,3.864,3.864,3.869,3.806
2026-08-24 17:04:34,100.6,15.8,3.860,3.868,3.865,3.866,3.867,3.867,3.864,3.866,3.867,3.862,3.868,3.867,3.899,3.865,3.862,3.869,3.870,3.864,3.864,3.864,3.864,3.866,3.864,3.864,3.868,3.804
2026-08-24 17:04:34,100.6,15.8,3.860,3.868,3.865,3.866,3.865,3.865,3.863,3.864,3.867,3.862,3.868,3.867,3.899,3.865,3.862,3.869,3.870,3.864,3.864,3.864,3.864,3.866,3.864,3.864,3.868,3.804
2026-08-24 17:04:34,100.6,15.8,3.860,3.868,3.865,3.866,3.865,3.865,3.863,3.864,3.866,3.861,3.868,3.867,3.899,3.865,3.862,3.869,3.870,3.864,3.864,3.864,3.864,3.866,3.864,3.864,3.868,3.804
2026-08-24 17:04:34,100.6,15.8,3.860,3.868,3.865,3.866,3.865,3.865,3.863,3.864,3.866,3.861,3.868,3.867,3.899,3.865,3.862,3.869,3.870,3.864,3.864,3.864,3.864,3.866,3.864,3.864,3.868,3.804
2026-08-24 17:04:34,100.4,15.8,3.860,3.868,3.865,3.866,3.865,3.865,3.863,3.864,3.866,3.861,3.867,3.866,3.899,3.864,3.862,3.869,3.870,3.864,3.864,3.864,3.864,3.866,3.864,3.864,3.868,3.804
2026-08-24 17:04:34,100.4,15.8,3.860,3.868,3.865,3.866,3.865,3.865,3.863,3.864,3.866,3.861,3.867,3.866,3.899,3.864,3.862,3.869,3.870,3.864,3.864,3.864,3.864,3.866,3.864,3.864,3.868,3.804
2026-08-24 17:04:34,100.4,15.8,3.860,3.868,3.865,3.866,3.865,3.865,3.863,3.864,3.866,3.861,3.867,3.866,3.899,3.864,3.862,3.869,3.870,3.864,3.864,3.864,3.864,3.866,3.864,3.864,3.868,3.804
2026-08-24 17:04:34,100.4,15.8,3.860,3.868,3.865,3.866,3.865,3.865,3.863,3.864,3.866,3.861,3.867,3.866,3.899,3.864,3.862,3.869,3.870,3.864,3.864,3.864,3.864,3.866,3.864,3.864,3.868,3.804
2026-08-24 17:04:34,100.4,15.8,3.860,3.868,3.865,3.866,3.865,3.865,3.863,3.864,3.866,3.861,3.867,3.866,3.899,3.864,3.862,3.869,3.870,3.864,3.864,3.864,3.864,3.866,3.864,3.864,3.868,3.804
2026-08-24 17:04:35,100.4,15.8,3.863,3.870,3.868,3.867,3.865,3.865,3.863,3.864,3.866,3.861,3.867,3.866,3.899,3.864,3.862,3.869,3.870,3.864,3.863,3.864,3.864,3.866,3.865,3.865,3.868,3.805
2026-08-24 17:04:35,100.4,15.8,3.863,3.870,3.868,3.867,3.867,3.867,3.865,3.867,3.866,3.861,3.867,3.866,3.899,3.864,3.862,3.869,3.870,3.864,3.863,3.864,3.864,3.866,3.865,3.865,3.868,3.805
2026-08-24 17:04:35,100.4,15.8,3.863,3.870,3.868,3.867,3.867,3.867,3.865,3.867,3.868,3.863,3.867,3.866,3.899,3.864,3.862,3.869,3.870,3.864,3.863,3.864,3.864,3.866,3.865,3.865,3.868,3.805
2026-08-24 17:04:35,100.4,15.8,3.863,3.870,3.868,3.867,3.867,3.867,3.865,3.867,3.868,3.863,3.867,3.866,3.899,3.864,3.862,3.869,3.870,3.864,3.863,3.864,3.864,3.866,3.865,3.865,3.868,3.805
2026-08-24 17:04:35,100.4,15.8,3.863,3.870,3.868,3.867,3.867,3.867,3.865,3.867,3.868,3.863,3.869,3.869,3.900,3.866,3.862,3.869,3.870,3.864,3.863,3.864,3.864,3.866,3.865,3.865,3.868,3.805
2026-08-24 17:04:35,100.4,6.7,3.863,3.870,3.868,3.867,3.867,3.867,3.865,3.867,3.868,3.863,3.869,3.869,3.900,3.866,3.868,3.875,3.877,3.871,3.870,3.872,3.871,3.874,3.872,3.874,3.875,3.819
2026-08-24 17:04:35,100.4,6.7,3.863,3.870,3.868,3.867,3.867,3.867,3.865,3.867,3.868,3.863,3.869,3.869,3.900,3.866,3.868,3.875,3.877,3.871,3.870,3.872,3.871,3.874,3.872,3.874,3.875,3.819
2026-08-24 17:04:35,100.4,6.7,3.863,3.870,3.868,3.867,3.867,3.867,3.865,3.867,3.868,3.863,3.869,3.869,3.900,3.866,3.868,3.875,3.877,3.871,3.870,3.872,3.871,3.874,3.872,3.874,3.875,3.819
2026-08-24 17:04:35,100.4,6.7,3.863,3.870,3.868,3.867,3.867,3.867,3.865,3.867,3.868,3.863,3.869,3.869,3.900,3.866,3.868,3.875,3.877,3.871,3.870,3.872,3.871,3.874,3.872,3.874,3.875,3.819
2026-08-24 17:04:35,100.4,6.7,3.870,3.876,3.874,3.874,3.867,3.867,3.865,3.867,3.868,3.863,3.869,3.869,3.900,3.866,3.868,3.875,3.877,3.871,3.870,3.872,3.871,3.874,3.872,3.874,3.875,3.819
2026-08-24 17:04:35,100.4,6.7,3.870,3.876,3.874,3.874,3.874,3.873,3.871,3.873,3.868,3.863,3.869,3.869,3.900,3.866,3.868,3.875,3.877,3.871,3.870,3.872,3.871,3.874,3.872,3.874,3.875,3.819
2026-08-24 17:04:35,100.4,6.7,3.870,3.876,3.874,3.874,3.874,3.873,3.871,3.873,3.874,3.869,3.869,3.869,3.900,3.866,3.868,3.875,3.877,3.871,3.870,3.872,3.871,3.874,3.872,3.874,3.875,3.819
2026-08-24 17:04:35,100.4,6.7,3.870,3.876,3.874,3.874,3.874,3.873,3.871,3.873,3.874,3.869,3.869,3.869,3.900,3.866,3.868,3.875,3.877,3.871,3.870,3.872,3.871,3.874,3.872,3.874,3.875,3.819
2026-08-24 17:04:35,100.4,6.7,3.870,3.876,3.874,3.874,3.874,3.873,3.871,3.873,3.874,3.869,3.869,3.869,3.900,3.866,3.868,3.875,3.877,3.871,3.870,3.872,3.871,3.874,3.872,3.874,3.875,3.819
2026-08-24 17:04:35,100.4,6.4,3.870,3.876,3.874,3.874,3.874,3.873,3.871,3.873,3.874,3.869,3.874,3.876,3.906,3.874,3.868,3.875,3.876,3.870,3.870,3.872,3.870,3.873,3.871,3.872,3.875,3.817
2026-08-24 17:04:35,100.4,6.4,3.870,3.876,3.874,3.874,3.874,3.873,3.871,3.873,3.874,3.869,3.874,3.876,3.906,3.874,3.868,3.875,3.876,3.870,3.870,3.872,3.870,3.873,3.871,3.872,3.875,3.817
2026-08-24 17:04:35,100.4,6.4,3.870,3.876,3.874,3.874,3.874,3.873,3.871,3.873,3.874,3.869,3.874,3.876,3.906,3.874,3.868,3.875,3.876,3.870,3.870,3.872,3.870,3.873,3.871,3.872,3.875,3.817
2026-08-24 17:04:35,100.4,6.4,3.870,3.876,3.874,3.874,3.874,3.873,3.871,3.873,3.874,3.869,3.874,3.876,3.906,3.874,3.868,3.875,3.876,3.870,3.870,3.872,3.870,3.873,3.871,3.872,3.875,3.817
2026-08-24 17:04:35,100.6,6.4,3.866,3.874,3.870,3.871,3.874,3.873,3.871,3.873,3.874,3.869,3.874,3.876,3.906,3.874,3.868,3.875,3.876,3.870,3.870,3.872,3.870,3.873,3.871,3.872,3.875,3.817
2026-08-24 17:04:35,100.6,6.4,3.866,3.874,3.870,3.871,3.871,3.871,3.868,3.870,3.874,3.869,3.874,3.876,3.906,3.874,3.868,3.875,3.876,3.870,3.870,3.872,3.870,3.873,3.871,3.872,3.875,3.817
2026-08-24 17:04:35,100.6,6.4,3.866,3.874,3.870,3.871,3.871,3.871,3.868,3.870,3.871,3.867,3.874,3.876,3.906,3.874,3.868,3.875,3.876,3.870,3.870,3.872,3.870,3.873,3.871,3.872,3.875,3.817
2026-08-24 17:04:35,100.6,6.4,3.866,3.874,3.870,3.871,3.871,3.871,3.868,3.870,3.871,3.867,3.874,3.876,3.906,3.874,3.868,3.875,3.876,3.870,3.870,3.872,3.870,3.873,3.871,3.872,3.875,3.817
2026-08-24 17:04:35,100.6,6.4,3.866,3.874,3.870,3.871,3.871,3.871,3.868,3.870,3.871,3.867,3.873,3.871,3.904,3.871,3.867,3.873,3.875,3.869,3.869,3.869,3.869,3.871,3.869,3.870,3.873,3.815
2026-08-24 17:04:35,100.6,6.4,3.866,3.874,3.870,3.871,3.871,3.871,3.868,3.870,3.871,3.867,3.873,3.871,3.904,3.871,3.867,3.873,3.875,3.869,3.869,3.869,3.869,3.871,3.869,3.870,3.873,3.815
2026-08-24 17:04:35,100.6,6.4,3.866,3.874,3.870,3.871,3.871,3.871,3.868,3.870,3.871,3.867,3.873,3.871,3.904,3.871,3.867,3.873,3.875,3.869,3.869,3.869,3.869,3.871,3.869,3.870,3.873,3.815
2026-08-24 17:04:35,100.6,6.4,3.866,3.874,3.870,3.871,3.871,3.871,3.868,3.870,3.871,3.867,3.873,3.871,3.904,3.871,3.867,3.873,3.875,3.869,3.869,3.869,3.869,3.871,3.869,3.870,3.873,3.815
2026-08-24 17:04:35,100.6,6.4,3.863,3.870,3.868,3.868,3.871,3.871,3.868,3.870,3.871,3.867,3.873,3.871,3.904,3.871,3.867,3.873,3.875,3.869,3.869,3.869,3.869,3.871,3.869,3.870,3.873,3.815
2026-08-24 17:04:35,100.6,6.4,3.863,3.870,3.868,3.868,3.867,3.868,3.866,3.867,3.871,3.867,3.873,3.871,3.904,3.871,3.867,3.873,3.875,3.869,3.869,3.869,3.869,3.871,3.869,3.870,3.873,3.815
2026-08-24 17:04:35,100.6,6.4,3.863,3.870,3.868,3.868,3.867,3.868,3.866,3.867,3.868,3.863,3.873,3.871,3.904,3.871,3.867,3.873,3.875,3.869,3.869,3.869,3.869,3.871,3.869,3.870,3.873,3.815
2026-08-24 17:04:35,100.6,6.4,3.863,3.870,3.868,3.868,3.867,3.868,3.866,3.867,3.868,3.863,3.873,3.871,3.904,3.871,3.867,3.873,3.875,3.869,3.869,3.869,3.869,3.871,3.869,3.870,3.873,3.815
2026-08-24 17:04:36,100.5,14.1,3.863,3.870,3.868,3.868,3.867,3.868,3.866,3.867,3.868,3.863,3.870,3.869,3.901,3.866,3.862,3.868,3.870,3.864,3.864,3.865,3.864,3.866,3.864,3.864,3.868,3.805
2026-08-24 17:04:36,100.5,14.1,3.863,3.870,3.868,3.868,3.867,3.868,3.866,3.867,3.868,3.863,3.870,3.869,3.901,3.866,3.862,3.868,3.870,3.864,3.864,3.865,3.864,3.866,3.864,3.864,3.868,3.805
2026-08-24 17:04:36,100.5,14.1,3.863,3.870,3.868,3.868,3.867,3.868,3.866,3.867,3.868,3.863,3.870,3.869,3.901,3.866,3.862,3.868,3.870,3.864,3.864,3.865,3.864,3.866,3.864,3.864,3.868,3.805
2026-08-24 17:04:36,100.5,14.1,3.863,3.870,3.868,3.868,3.867,3.868,3.866,3.867,3.868,3.863,3.870,3.869,3.901,3.866,3.862,3.868,3.870,3.864,3.864,3.865,3.864,3.866,3.864,3.864,3.868,3.805
2026-08-24 17:04:36,100.5,17.8,3.859,3.867,3.863,3.863,3.867,3.868,3.866,3.867,3.868,3.863,3.870,3.869,3.901,3.866,3.862,3.868,3.870,3.864,3.864,3.865,3.864,3.866,3.864,3.864,3.868,3.805
2026-08-24 17:04:36,100.5,17.8,3.859,3.867,3.863,3.863,3.863,3.863,3.862,3.862,3.868,3.863,3.870,3.869,3.901,3.866,3.862,3.868,3.870,3.864,3.864,3.865,3.864,3.866,3.864,3.864,3.868,3.805
2026-08-24 17:04:36,100.5,17.8,3.859,3.867,3.863,3.863,3.863,3.863,3.862,3.862,3.863,3.859,3.870,3.869,3.901,3.866,3.862,3.868,3.870,3.864,3.864,3.865,3.864,3.866,3.864,3.864,3.868,3.805
2026-08-24 17:04:36,100.5,17.8,3.859,3.867,3.863,3.863,3.863,3.863,3.862,3.862,3.863,3.859,3.870,3.869,3.901,3.866,3.862,3.868,3.870,3.864,3.864,3.865,3.864,3.866,3.864,3.864,3.868,3.805
2026-08-24 17:04:36,100.5,17.8,3.859,3.867,3.863,3.863,3.863,3.863,3.862,3.862,3.863,3.859,3.866,3.864,3.896,3.861,3.862,3.868,3.870,3.864,3.864,3.865,3.864,3.866,3.864,3.864,3.868,3.805
2026-08-24 17:04:36,100.4,17.8,3.859,3.867,3.863,3.863,3.863,3.863,3.862,3.862,3.863,3.859,3.866,3.864,3.896,3.861,3.862,3.867,3.869,3.863,3.863,3.864,3.863,3.865,3.864,3.863,3.867,3.804
2026-08-24 17:04:36,100.4,17.8,3.859,3.867,3.863,3.863,3.863,3.863,3.862,3.862,3.863,3.859,3.866,3.864,3.896,3.861,3.862,3.867,3.869,3.863,3.863,3.864,3.863,3.865,3.864,3.863,3.867,3.804
2026-08-24 17:04:36,100.4,17.8,3.859,3.867,3.863,3.863,3.863,3.863,3.862,3.862,3.863,3.859,3.866,3.864,3.896,3.861,3.862,3.867,3.869,3.863,3.863,3.864,3.863,3.865,3.864,3.863,3.867,3.804
2026-08-24 17:04:36,100.4,17.8,3.859,3.867,3.863,3.863,3.863,3.863,3.862,3.862,3.863,3.859,3.866,3.864,3.896,3.861,3.862,3.867,3.869,3.863,3.863,3.864,3.863,3.865,3.864,3.863,3.867,3.804
2026-08-24 17:04:36,100.4,17.8,3.859,3.867,3.863,3.863,3.863,3.863,3.862,3.862,3.863,3.859,3.866,3.864,3.896,3.861,3.862,3.867,3.869,3.863,3.863,3.864,3.863,3.865,3.864,3.863,3.867,3.804
2026-08-24 17:04:36,100.5,17.8,3.866,3.873,3.869,3.870,3.863,3.863,3.862,3.862,3.863,3.859,3.872,3.871,3.903,3.870,3.868,3.874,3.875,3.870,3.868,3.870,3.869,3.871,3.870,3.870,3.873,3.815
2026-08-24 17:04:36,100.5,17.8,3.866,3.873,3.869,3.870,3.869,3.870,3.867,3.869,3.863,3.859,3.872,3.871,3.903,3.870,3.868,3.874,3.875,3.870,3.868,3.870,3.869,3.871,3.870,3.870,3.873,3.815
2026-08-24 17:04:36,100.5,17.8,3.866,3.873,3.869,3.870,3.869,3.870,3.867,3.869,3.870,3.865,3.872,3.871,3.903,3.870,3.868,3.874,3.875,3.870,3.868,3.870,3.869,3.871,3.870,3.870,3.873,3.815
2026-08-24 17:04:36,100.5,17.8,3.866,3.873,3.869,3.870,3.869,3.870,3.867,3.869,3.870,3.865,3.872,3.871,3.903,3.870,3.868,3.874,3.875,3.870,3.868,3.870,3.869,3.871,3.870,3.870,3.873,3.815
2026-08-24 17:04:36,100.5,17.8,3.866,3.873,3.869,3.870,3.869,3.870,3.867,3.869,3.870,3.865,3.872,3.871,3.903,3.870,3.868,3.874,3.875,3.870,3.868,3.870,3.869,3.871,3.870,3.870,3.873,3.815
2026-08-24 17:04:36,100.5,17.8,3.866,3.873,3.869,3.870,3.869,3.870,3.867,3.869,3.870,3.865,3.872,3.871,3.903,3.870,3.868,3.874,3.875,3.870,3.868,3.870,3.869,3.871,3.870,3.870,3.873,3.815
2026-08-24 17:04:36,100.5,17.8,3.866,3.873,3.869,3.870,3.869,3.870,3.867,3.869,3.870,3.865,3.872,3.871,3.903,3.870,3.868,3.874,3.875,3.870,3.868,3.870,3.869,3.871,3.870,3.870,3.873,3.815
2026-08-24 17:04:36,100.5,17.8,3.866,3.873,3.869,3.870,3.869,3.870,3.867,3.869,3.870,3.865,3.872,3.871,3.903,3.870,3.868,3.874,3.875,3.870,3.868,3.870,3.869,3.871,3.870,3.870,3.873,3.815
2026-08-24 17:04:36,100.5,11.5,3.863,3.870,3.867,3.867,3.869,3.870,3.867,3.869,3.870,3.865,3.869,3.869,3.901,3.866,3.863,3.870,3.871,3.865,3.865,3.866,3.865,3.868,3.866,3.866,3.870,3.808
2026-08-24 17:04:36,100.5,11.5,3.863,3.870,3.867,3.867,3.867,3.867,3.865,3.866,3.870,3.865,3.869,3.869,3.901,3.866,3.863,3.870,3.871,3.865,3.865,3.866,3.865,3.868,3.866,3.866,3.870,3.808
2026-08-24 17:04:36,100.5,11.5,3.863,3.870,3.867,3.867,3.867,3.867,3.865,3.866,3.868,3.862,3.869,3.869,3.901,3.866,3.863,3.870,3.871,3.865,3.865,3.866,3.865,3.868,3.866,3.866,3.870,3.808
2026-08-24 17:04:36,100.5,11.5,3.863,3.870,3.867,3.867,3.867,3.867,3.865,3.866,3.868,3.862,3.869,3.869,3.901,3.866,3.863,3.870,3.871,3.865,3.865,3.866,3.865,3.868,3.866,3.866,3.870,3.808
2026-08-24 17:04:36,100.5,16.7,3.863,3.870,3.867,3.867,3.867,3.867,3.865,3.866,3.868,3.862,3.869,3.869,3.901,3.866,3.863,3.870,3.871,3.865,3.865,3.866,3.865,3.868,3.866,3.866,3.870,3.808
2026-08-24 17:04:36,100.5,16.7,3.863,3.870,3.867,3.867,3.867,3.867,3.865,3.866,3.868,3.862,3.869,3.869,3.901,3.866,3.863,3.870,3.871,3.865,3.865,3.866,3.865,3.868,3.866,3.866,3.870,3.808
2026-08-24 17:04:37,100.5,16.7,3.863,3.870,3.867,3.867,3.867,3.867,3.865,3.866,3.868,3.862,3.869,3.869,3.901,3.866,3.863,3.870,3.871,3.865,3.865,3.866,3.865,3.868,3.866,3.866,3.870,3.808
2026-08-24 17:04:37,100.5,16.7,3.863,3.870,3.867,3.867,3.867,3.867,3.865,3.866,3.868,3.862,3.869,3.869,3.901,3.866,3.863,3.870,3.871,3.865,3.865,3.866,3.865,3.868,3.866,3.866,3.870,3.808
2026-08-24 17:04:37,100.5,16.7,3.856,3.865,3.862,3.863,3.867,3.867,3.865,3.866,3.868,3.862,3.864,3.863,3.895,3.860,3.859,3.865,3.866,3.860,3.860,3.862,3.861,3.863,3.861,3.861,3.865,3.800
2026-08-24 17:04:37,100.5,16.7,3.856,3.865,3.862,3.863,3.862,3.861,3.860,3.861,3.868,3.862,3.864,3.863,3.895,3.860,3.859,3.865,3.866,3.860,3.860,3.862,3.861,3.863,3.861,3.861,3.865,3.800
2026-08-24 17:04:37,100.5,16.7,3.856,3.865,3.862,3.863,3.862,3.861,3.860,3.861,3.862,3.857,3.864,3.863,3.895,3.860,3.859,3.865,3.866,3.860,3.860,3.862,3.861,3.863,3.861,3.861,3.865,3.800
2026-08-24 17:04:37,100.5,16.7,3.856,3.865,3.862,3.863,3.862,3.861,3.860,3.861,3.862,3.857,3.864,3.863,3.895,3.860,3.859,3.865,3.866,3.860,3.860,3.862,3.861,3.863,3.861,3.861,3.865,3.800
2026-08-24 17:04:37,100.5,16.7,3.856,3.865,3.862,3.863,3.862,3.861,3.860,3.861,3.862,3.857,3.864,3.863,3.895,3.860,3.859,3.865,3.866,3.860,3.860,3.862,3.861,3.863,3.861,3.861,3.865,3.800
2026-08-24 17:04:37,100.1,16.7,3.856,3.865,3.862,3.863,3.862,3.861,3.860,3.861,3.862,3.857,3.864,3.863,3.895,3.860,3.842,3.848,3.848,3.840,3.844,3.843,3.843,3.845,3.841,3.838,3.845,3.762
2026-08-24 17:04:37,100.1,16.7,3.856,3.865,3.862,3.863,3.862,3.861,3.860,3.861,3.862,3.857,3.864,3.863,3.895,3.860,3.842,3.848,3.848,3.840,3.844,3.843,3.843,3.845,3.841,3.838,3.845,3.762
2026-08-24 17:04:37,100.1,16.7,3.856,3.865,3.862,3.863,3.862,3.861,3.860,3.861,3.862,3.857,3.864,3.863,3.895,3.860,3.842,3.848,3.848,3.840,3.844,3.843,3.843,3.845,3.841,3.838,3.845,3.762
2026-08-24 17:04:37,100.1,16.7,3.856,3.865,3.862,3.863,3.862,3.861,3.860,3.861,3.862,3.857,3.864,3.863,3.895,3.860,3.842,3.848,3.848,3.840,3.844,3.843,3.843,3.845,3.841,3.838,3.845,3.762
2026-08-24 17:04:37,100.1,16.7,3.832,3.844,3.842,3.841,3.862,3.861,3.860,3.861,3.862,3.857,3.845,3.841,3.874,3.834,3.842,3.848,3.848,3.840,3.844,3.843,3.843,3.845,3.841,3.838,3.845,3.762
2026-08-24 17:04:37,100.1,16.7,3.832,3.844,3.842,3.841,3.842,3.839,3.838,3.839,3.862,3.857,3.845,3.841,3.874,3.834,3.842,3.848,3.848,3.840,3.844,3.843,3.843,3.845,3.841,3.838,3.845,3.762
2026-08-24 17:04:37,100.1,16.7,3.832,3.844,3.842,3.841,3.842,3.839,3.838,3.839,3.840,3.834,3.845,3.841,3.874,3.834,3.842,3.848,3.848,3.840,3.844,3.843,3.843,3.845,3.841,3.838,3.845,3.762
2026-08-24 17:04:37,100.1,16.7,3.832,3.844,3.842,3.841,3.842,3.839,3.838,3.839,3.840,3.834,3.845,3.841,3.874,3.834,3.842,3.848,3.848,3.840,3.844,3.843,3.843,3.845,3.841,3.838,3.845,3.762
2026-08-24 17:04:37,99.8,61.7,3.832,3.844,3.842,3.841,3.842,3.839,3.838,3.839,3.840,3.834,3.845,3.841,3.874,3.834,3.822,3.829,3.829,3.820,3.825,3.823,3.824,3.828,3.822,3.814,3.826,3.728
2026-08-24 17:04:37,99.8,61.7,3.832,3.844,3.842,3.841,3.842,3.839,3.838,3.839,3.840,3.834,3.845,3.841,3.874,3.834,3.822,3.829,3.829,3.820,3.825,3.823,3.824,3.828,3.822,3.814,3.826,3.728
2026-08-24 17:04:37,99.8,61.7,3.832,3.844,3.842,3.841,3.842,3.839,3.838,3.839,3.840,3.834,3.845,3.841,3.874,3.834,3.822,3.829,3.829,3.820,3.825,3.823,3.824,3.828,3.822,3.814,3.826,3.728
2026-08-24 17:04:37,99.8,61.7,3.832,3.844,3.842,3.841,3.842,3.839,3.838,3.839,3.840,3.834,3.845,3.841,3.874,3.834,3.822,3.829,3.829,3.820,3.825,3.823,3.824,3.828,3.822,3.814,3.826,3.728
2026-08-24 17:04:37,99.8,75.8,3.811,3.825,3.822,3.823,3.842,3.839,3.838,3.839,3.840,3.834,3.827,3.821,3.855,3.810,3.822,3.829,3.829,3.820,3.825,3.823,3.824,3.828,3.822,3.814,3.826,3.728
2026-08-24 17:04:37,99.8,75.8,3.811,3.825,3.822,3.823,3.824,3.818,3.820,3.820,3.840,3.834,3.827,3.821,3.855,3.810,3.822,3.829,3.829,3.820,3.825,3.823,3.824,3.828,3.822,3.814,3.826,3.728
2026-08-24 17:04:37,99.8,75.8,3.811,3.825,3.822,3.823,3.824,3.818,3.820,3.820,3.820,3.814,3.827,3.821,3.855,3.810,3.822,3.829,3.829,3.820,3.825,3.823,3.824,3.828,3.822,3.814,3.826,3.728
2026-08-24 17:04:37,99.8,75.8,3.811,3.825,3.822,3.823,3.824,3.818,3.820,3.820,3.820,3.814,3.827,3.821,3.855,3.810,3.822,3.829,3.829,3.820,3.825,3.823,3.824,3.828,3.822,3.814,3.826,3.728
2026-08-24 17:04:37,99.8,75.8,3.811,3.825,3.822,3.823,3.824,3.818,3.820,3.820,3.820,3.814,3.827,3.821,3.855,3.810,3.822,3.829,3.829,3.820,3.825,3.823,3.824,3.828,3.822,3.814,3.826,3.728
2026-08-24 17:04:37,99.3,75.8,3.811,3.825,3.822,3.823,3.824,3.818,3.820,3.820,3.820,3.814,3.827,3.821,3.855,3.810,3.810,3.819,3.818,3.807,3.814,3.812,3.812,3.815,3.811,3.800,3.815,3.706
2026-08-24 17:04:37,99.3,75.8,3.811,3.825,3.822,3.823,3.824,3.818,3.820,3.820,3.820,3.814,3.827,3.821,3.855,3.810,3.810,3.819,3.818,3.807,3.814,3.812,3.812,3.815,3.811,3.800,3.815,3.706
2026-08-24 17:04:37,99.3,75.8,3.811,3.825,3.822,3.823,3.824,3.818,3.820,3.820,3.820,3.814,3.827,3.821,3.855,3.810,3.810,3.819,3.818,3.807,3.814,3.812,3.812,3.815,3.811,3.800,3.815,3.706
2026-08-24 17:04:37,99.3,75.8,3.811,3.825,3.822,3.823,3.824,3.818,3.820,3.820,3.820,3.814,3.827,3.821,3.855,3.810,3.810,3.819,3.818,3.807,3.814,3.812,3.812,3.815,3.811,3.800,3.815,3.706
2026-08-24 17:04:37,99.3,75.8,3.797,3.815,3.812,3.812,3.824,3.818,3.820,3.820,3.820,3.814,3.814,3.808,3.845,3.797,3.810,3.819,3.818,3.807,3.814,3.812,3.812,3.815,3.811,3.800,3.815,3.706
2026-08-24 17:04:37,99.3,75.8,3.797,3.815,3.812,3.812,3.811,3.808,3.810,3.808,3.820,3.814,3.814,3.808,3.845,3.797,3.810,3.819,3.818,3.807,3.814,3.812,3.812,3.815,3.811,3.800,3.815,3.706
2026-08-24 17:04:38,99.3,75.8,3.797,3.815,3.812,3.812,3.811,3.808,3.810,3.808,3.809,3.804,3.814,3.808,3.845,3.797,3.810,3.819,3.818,3.807,3.814,3.812,3.812,3.815,3.811,3.800,3.815,3.706
2026-08-24 17:04:38,99.3,75.8,3.797,3.815,3.812,3.812,3.811,3.808,3.810,3.808,3.809,3.804,3.814,3.808,3.845,3.797,3.810,3.819,3.818,3.807,3.814,3.812,3.812,3.815,3.811,3.800,3.815,3.706
2026-08-24 17:04:38,98.9,75.8,3.797,3.815,3.812,3.812,3.811,3.808,3.810,3.808,3.809,3.804,3.814,3.808,3.845,3.797,3.810,3.819,3.818,3.807,3.814,3.812,3.812,3.815,3.811,3.800,3.815,3.706
2026-08-24 17:04:38,98.9,75.8,3.797,3.815,3.812,3.812,3.811,3.808,3.810,3.808,3.809,3.804,3.814,3.808,3.845,3.797,3.810,3.819,3.818,3.807,3.814,3.812,3.812,3.815,3.811,3.800,3.815,3.706
2026-08-24 17:04:38,98.9,75.8,3.797,3.815,3.812,3.812,3.811,3.808,3.810,3.808,3.809,3.804,3.814,3.808,3.845,3.797,3.810,3.819,3.818,3.807,3.814,3.812,3.812,3.815,3.811,3.800,3.815,3.706
2026-08-24 17:04:38,98.9,75.8,3.797,3.815,3.812,3.812,3.811,3.808,3.810,3.808,3.809,3.804,3.814,3.808,3.845,3.797,3.810,3.819,3.818,3.807,3.814,3.812,3.812,3.815,3.811,3.800,3.815,3.706
2026-08-24 17:04:38,98.9,75.8,3.797,3.815,3.812,3.812,3.811,3.808,3.810,3.808,3.809,3.804,3.814,3.808,3.845,3.797,3.799,3.809,3.805,3.796,3.814,3.812,3.812,3.815,3.797,3.787,3.805,3.681
2026-08-24 17:04:38,98.9,75.8,3.797,3.815,3.812,3.812,3.811,3.808,3.810,3.808,3.809,3.804,3.814,3.808,3.845,3.797,3.799,3.809,3.805,3.796,3.814,3.812,3.812,3.815,3.797,3.787,3.805,3.681
2026-08-24 17:04:38,98.9,75.8,3.797,3.815,3.812,3.812,3.811,3.808,3.810,3.808,3.809,3.804,3.814,3.808,3.845,3.797,3.799,3.809,3.805,3.796,3.814,3.812,3.812,3.815,3.797,3.787,3.805,3.681
2026-08-24 17:04:38,98.9,75.8,3.797,3.815,3.812,3.812,3.811,3.808,3.810,3.808,3.809,3.804,3.814,3.808,3.845,3.797,3.799,3.809,3.805,3.796,3.814,3.812,3.812,3.815,3.797,3.787,3.805,3.681
2026-08-24 17:04:38,98.9,98.2,3.797,3.815,3.812,3.812,3.811,3.808,3.810,3.808,3.797,3.793,3.805,3.796,3.835,3.787,3.799,3.809,3.805,3.796,3.814,3.812,3.812,3.815,3.797,3.787,3.805,3.681
2026-08-24 17:04:38,98.9,98.2,3.797,3.815,3.812,3.812,3.811,3.808,3.810,3.808,3.797,3.793,3.805,3.796,3.835,3.787,3.799,3.809,3.805,3.796,3.814,3.812,3.812,3.815,3.797,3.787,3.805,3.681
2026-08-24 17:04:38,98.6,98.2,3.785,3.804,3.804,3.802,3.811,3.808,3.810,3.808,3.797,3.793,3.805,3.796,3.835,3.787,3.794,3.801,3.800,3.789,3.796,3.792,3.794,3.797,3.792,3.777,3.797,3.667
2026-08-24 17:04:38,98.6,98.2,3.785,3.804,3.804,3.802,3.802,3.797,3.798,3.797,3.797,3.793,3.805,3.796,3.835,3.787,3.794,3.801,3.800,3.789,3.796,3.792,3.794,3.797,3.792,3.777,3.797,3.667
2026-08-24 17:04:38,98.6,98.2,3.785,3.804,3.804,3.802,3.802,3.797,3.798,3.797,3.797,3.793,3.805,3.796,3.835,3.787,3.794,3.801,3.800,3.789,3.796,3.792,3.794,3.797,3.792,3.777,3.797,3.667
2026-08-24 17:04:38,98.6,98.2,3.785,3.804,3.804,3.802,3.802,3.797,3.798,3.797,3.797,3.793,3.805,3.796,3.835,3.787,3.794,3.801,3.800,3.789,3.796,3.792,3.794,3.797,3.792,3.777,3.797,3.667
2026-08-24 17:04:38,98.6,106.6,3.785,3.804,3.804,3.802,3.802,3.797,3.798,3.797,3.797,3.793,3.805,3.796,3.835,3.787,3.794,3.801,3.800,3.789,3.796,3.792,3.794,3.797,3.792,3.777,3.797,3.667
2026-08-24 17:04:38,98.6,106.6,3.785,3.804,3.804,3.802,3.802,3.797,3.798,3.797,3.797,3.793,3.805,3.796,3.835,3.787,3.794,3.801,3.800,3.789,3.796,3.792,3.794,3.797,3.792,3.777,3.797,3.667
2026-08-24 17:04:38,98.6,106.6,3.785,3.804,3.804,3.802,3.802,3.797,3.798,3.797,3.797,3.793,3.805,3.796,3.835,3.787,3.794,3.801,3.800,3.789,3.796,3.792,3.794,3.797,3.792,3.777,3.797,3.667
2026-08-24 17:04:38,98.6,106.6,3.785,3.804,3.804,3.802,3.802,3.797,3.798,3.797,3.797,3.793,3.805,3.796,3.835,3.787,3.794,3.801,3.800,3.789,3.796,3.792,3.794,3.797,3.792,3.777,3.797,3.667
2026-08-24 17:04:38,98.6,106.6,3.776,3.795,3.795,3.793,3.802,3.797,3.798,3.797,3.797,3.793,3.796,3.787,3.826,3.775,3.794,3.801,3.800,3.789,3.796,3.792,3.794,3.797,3.792,3.777,3.797,3.667
2026-08-24 17:04:38,98.6,106.6,3.776,3.795,3.795,3.793,3.794,3.788,3.790,3.789,3.797,3.793,3.796,3.787,3.826,3.775,3.794,3.801,3.800,3.789,3.796,3.792,3.794,3.797,3.792,3.777,3.797,3.667
2026-08-24 17:04:38,98.6,106.6,3.776,3.795,3.795,3.793,3.794,3.788,3.790,3.789,3.789,3.786,3.796,3.787,3.826,3.775,3.794,3.801,3.800,3.789,3.796,3.792,3.794,3.797,3.792,3.777,3.797,3.667
2026-08-24 17:04:38,98.6,106.6,3.776,3.795,3.795,3.793,3.794,3.788,3.790,3.789,3.789,3.786,3.796,3.787,3.826,3.775,3.794,3.801,3.800,3.789,3.796,3.792,3.794,3.797,3.792,3.777,3.797,3.667
2026-08-24 17:04:38,98.4,106.6,3.776,3.795,3.795,3.793,3.794,3.788,3.790,3.789,3.789,3.786,3.796,3.787,3.826,3.775,3.794,3.801,3.800,3.789,3.796,3.792,3.794,3.797,3.792,3.777,3.797,3.667
2026-08-24 17:04:38,98.4,106.6,3.776,3.795,3.795,3.793,3.794,3.788,3.790,3.789,3.789,3.786,3.796,3.787,3.826,3.775,3.794,3.801,3.800,3.789,3.796,3.792,3.794,3.797,3.792,3.777,3.797,3.667
2026-08-24 17:04:38,98.4,106.6,3.776,3.795,3.795,3.793,3.794,3.788,3.790,3.789,3.789,3.786,3.796,3.787,3.826,3.775,3.794,3.801,3.800,3.789,3.796,3.792,3.794,3.797,3.792,3.777,3.797,3.667
2026-08-24 17:04:38,98.4,106.6,3.776,3.795,3.795,3.793,3.794,3.788,3.790,3.789,3.789,3.786,3.796,3.787,3.826,3.775,3.794,3.801,3.800,3.789,3.796,3.792,3.794,3.797,3.792,3.777,3.797,3.667
2026-08-24 17:04:38,98.4,120.6,3.776,3.795,3.795,3.793,3.794,3.788,3.790,3.789,3.789,3.786,3.796,3.787,3.826,3.775,3.794,3.801,3.800,3.789,3.796,3.792,3.794,3.797,3.792,3.777,3.797,3.667
2026-08-24 17:04:38,98.4,120.6,3.776,3.795,3.795,3.793,3.794,3.788,3.790,3.789,3.789,3.786,3.796,3.787,3.826,3.775,3.794,3.801,3.800,3.789,3.796,3.792,3.794,3.797,3.792,3.777,3.797,3.667
2026-08-24 17:04:38,98.4,120.6,3.776,3.795,3.795,3.793,3.794,3.788,3.790,3.789,3.789,3.786,3.796,3.787,3.826,3.775,3.794,3.801,3.800,3.789,3.796,3.792,3.794,3.797,3.792,3.777,3.797,3.667
2026-08-24 17:04:38,98.4,120.6,3.776,3.795,3.795,3.793,3.794,3.788,3.790,3.789,3.789,3.786,3.796,3.787,3.826,3.775,3.794,3.801,3.800,3.789,3.796,3.792,3.794,3.797,3.792,3.777,3.797,3.667
2026-08-24 17:04:38,98.4,120.6,3.758,3.784,3.780,3.779,3.794,3.788,3.790,3.789,3.789,3.786,3.782,3.774,3.813,3.757,3.784,3.792,3.791,3.780,3.790,3.784,3.788,3.789,3.792,3.777,3.797,3.667
2026-08-24 17:04:38,98.4,120.6,3.758,3.784,3.780,3.779,3.779,3.773,3.777,3.775,3.789,3.786,3.782,3.774,3.813,3.757,3.784,3.792,3.791,3.780,3.790,3.784,3.788,3.789,3.792,3.777,3.797,3.667
2026-08-24 17:04:38,98.4,120.6,3.758,3.784,3.780,3.779,3.779,3.773,3.777,3.775,3.776,3.771,3.782,3.774,3.813,3.757,3.784,3.792,3.791,3.780,3.790,3.784,3.788,3.789,3.792,3.777,3.797,3.667
2026-08-24 17:04:38,98.4,120.6,3.758,3.784,3.780,3.779,3.779,3.773,3.777,3.775,3.776,3.771,3.782,3.774,3.813,3.757,3.784,3.792,3.791,3.780,3.790,3.784,3.788,3.789,3.792,3.777,3.797,3.667
2026-08-24 17:04:38,98.4,120.6,3.758,3.784,3.780,3.779,3.779,3.773,3.777,3.775,3.776,3.771,3.782,3.774,3.813,3.757,3.768,3.779,3.774,3.765,3.790,3.784,3.788,3.789,3.792,3.777,3.797,3.667
2026-08-24 17:04:38,98.4,120.6,3.758,3.784,3.780,3.779,3.779,3.773,3.777,3.775,3.776,3.771,3.782,3.774,3.813,3.757,3.768,3.779,3.774,3.765,3.790,3.784,3.788,3.789,3.792,3.777,3.797,3.667
2026-08-24 17:04:38,98.4,120.6,3.758,3.784,3.780,3.779,3.779,3.773,3.777,3.775,3.776,3.771,3.782,3.774,3.813,3.757,3.768,3.779,3.774,3.765,3.790,3.784,3.788,3.789,3.792,3.777,3.797,3.667
2026-08-24 17:04:39,98.4,120.6,3.758,3.784,3.780,3.779,3.779,3.773,3.777,3.775,3.776,3.771,3.782,3.774,3.813,3.757,3.768,3.779,3.774,3.765,3.790,3.784,3.788,3.789,3.792,3.777,3.797,3.667
2026-08-24 17:04:39,98.4,138.3,3.758,3.784,3.780,3.779,3.779,3.773,3.777,3.775,3.776,3.771,3.782,3.774,3.813,3.757,3.768,3.779,3.774,3.765,3.790,3.784,3.788,3.789,3.765,3.750,3.770,3.611
2026-08-24 17:04:39,98.4,138.3,3.758,3.784,3.780,3.779,3.779,3.773,3.777,3.775,3.776,3.771,3.782,3.774,3.813,3.757,3.768,3.779,3.774,3.765,3.790,3.784,3.788,3.789,3.765,3.750,3.770,3.611
2026-08-24 17:04:39,98.4,138.3,3.758,3.784,3.780,3.779,3.779,3.773,3.777,3.775,3.776,3.771,3.782,3.774,3.813,3.757,3.768,3.779,3.774,3.765,3.790,3.784,3.788,3.789,3.765,3.750,3.770,3.611
2026-08-24 17:04:39,98.4,138.3,3.758,3.784,3.780,3.779,3.779,3.773,3.777,3.775,3.776,3.771,3.782,3.774,3.813,3.757,3.768,3.779,3.774,3.765,3.790,3.784,3.788,3.789,3.765,3.750,3.770,3.611
2026-08-24 17:04:39,97.9,138.3,3.742,3.766,3.764,3.759,3.779,3.773,3.777,3.775,3.776,3.771,3.768,3.756,3.797,3.732,3.768,3.779,3.774,3.765,3.790,3.784,3.788,3.789,3.765,3.750,3.770,3.611
2026-08-24 17:04:39,97.9,138.3,3.742,3.766,3.764,3.759,3.764,3.757,3.762,3.758,3.776,3.771,3.768,3.756,3.797,3.732,3.768,3.779,3.774,3.765,3.790,3.784,3.788,3.789,3.765,3.750,3.770,3.611
2026-08-24 17:04:39,97.9,138.3,3.742,3.766,3.764,3.759,3.764,3.757,3.762,3.758,3.757,3.754,3.768,3.756,3.797,3.732,3.768,3.779,3.774,3.765,3.790,3.784,3.788,3.789,3.765,3.750,3.770,3.611
2026-08-24 17:04:39,97.9,138.3,3.742,3.766,3.764,3.759,3.764,3.757,3.762,3.758,3.757,3.754,3.768,3.756,3.797,3.732,3.768,3.779,3.774,3.765,3.790,3.784,3.788,3.789,3.765,3.750,3.770,3.611
2026-08-24 17:04:39,97.9,138.3,3.723,3.753,3.750,3.751,3.764,3.757,3.762,3.758,3.757,3.754,3.768,3.756,3.797,3.732,3.752,3.762,3.758,3.746,3.790,3.784,3.788,3.789,3.765,3.750,3.770,3.611
2026-08-24 17:04:39,97.9,166.9,3.723,3.753,3.750,3.751,3.764,3.757,3.762,3.758,3.757,3.754,3.768,3.756,3.797,3.732,3.746,3.751,3.747,3.733,3.749,3.742,3.747,3.749,3.738,3.719,3.747,3.553
2026-08-24 17:04:39,97.9,166.9,3.723,3.753,3.750,3.751,3.751,3.743,3.748,3.744,3.757,3.754,3.768,3.756,3.797,3.732,3.746,3.751,3.747,3.733,3.749,3.742,3.747,3.749,3.738,3.719,3.747,3.553
2026-08-24 17:04:39,97.9,166.9,3.723,3.753,3.750,3.751,3.751,3.743,3.748,3.744,3.745,3.740,3.768,3.756,3.797,3.732,3.746,3.751,3.747,3.733,3.749,3.742,3.747,3.749,3.738,3.719,3.747,3.553
2026-08-24 17:04:39,97.9,166.9,3.723,3.753,3.750,3.751,3.751,3.743,3.748,3.744,3.745,3.740,3.768,3.756,3.797,3.732,3.746,3.751,3.747,3.733,3.749,3.742,3.747,3.749,3.738,3.719,3.747,3.553
2026-08-24 17:04:39,97.9,166.9,3.717,3.742,3.740,3.740,3.751,3.743,3.748,3.744,3.745,3.740,3.754,3.740,3.783,3.720,3.734,3.743,3.737,3.726,3.741,3.731,3.741,3.739,3.726,3.707,3.734,3.521
2026-08-24 17:04:39,97.9,166.9,3.717,3.742,3.740,3.740,3.740,3.733,3.739,3.732,3.745,3.740,3.754,3.740,3.783,3.720,3.734,3.743,3.737,3.726,3.741,3.731,3.741,3.739,3.726,3.707,3.734,3.521
2026-08-24 17:04:39,97.9,166.9,3.717,3.742,3.740,3.740,3.740,3.733,3.739,3.732,3.734,3.732,3.754,3.740,3.783,3.720,3.734,3.743,3.737,3.726,3.741,3.731,3.741,3.739,3.726,3.707,3.734,3.521
2026-08-24 17:04:39,97.9,166.9,3.717,3.742,3.740,3.740,3.740,3.733,3.739,3.732,3.734,3.732,3.754,3.740,3.783,3.720,3.734,3.743,3.737,3.726,3.741,3.731,3.741,3.739,3.726,3.707,3.734,3.521
2026-08-24 17:04:39,97.9,168.9,3.717,3.742,3.740,3.740,3.740,3.733,3.739,3.732,3.734,3.732,3.744,3.733,3.773,3.705,3.734,3.743,3.737,3.726,3.741,3.731,3.741,3.739,3.726,3.707,3.734,3.521
2026-08-24 17:04:39,97.9,168.9,3.717,3.742,3.740,3.740,3.740,3.733,3.739,3.732,3.734,3.732,3.744,3.733,3.773,3.705,3.734,3.743,3.737,3.726,3.741,3.731,3.741,3.739,3.726,3.707,3.734,3.521
2026-08-24 17:04:39,97.9,168.9,3.717,3.742,3.740,3.740,3.740,3.733,3.739,3.732,3.734,3.732,3.744,3.733,3.773,3.705,3.734,3.743,3.737,3.726,3.741,3.731,3.741,3.739,3.726,3.707,3.734,3.521
2026-08-24 17:04:39,97.9,168.9,3.717,3.742,3.740,3.740,3.740,3.733,3.739,3.732,3.734,3.732,3.744,3.733,3.773,3.705,3.734,3.743,3.737,3.726,3.741,3.731,3.741,3.739,3.726,3.707,3.734,3.521
2026-08-24 17:04:39,96.8,149.9,3.729,3.757,3.755,3.753,3.740,3.733,3.739,3.732,3.734,3.732,3.744,3.733,3.773,3.705,3.747,3.754,3.751,3.738,3.754,3.747,3.750,3.752,3.743,3.724,3.748,3.552
2026-08-24 17:04:40,96.8,149.9,3.729,3.757,3.755,3.753,3.754,3.747,3.753,3.747,3.734,3.732,3.744,3.733,3.773,3.705,3.747,3.754,3.751,3.738,3.754,3.747,3.750,3.752,3.743,3.724,3.748,3.552
2026-08-24 17:04:40,96.8,149.9,3.729,3.757,3.755,3.753,3.754,3.747,3.753,3.747,3.750,3.748,3.744,3.733,3.773,3.705,3.747,3.754,3.751,3.738,3.754,3.747,3.750,3.752,3.743,3.724,3.748,3.552
2026-08-24 17:04:40,96.8,149.9,3.729,3.757,3.755,3.753,3.754,3.747,3.753,3.747,3.750,3.748,3.744,3.733,3.773,3.705,3.747,3.754,3.751,3.738,3.754,3.747,3.750,3.752,3.743,3.724,3.748,3.552
2026-08-24 17:04:40,97.2,149.9,3.729,3.757,3.755,3.753,3.754,3.747,3.753,3.747,3.750,3.748,3.757,3.747,3.787,3.724,3.747,3.754,3.751,3.738,3.754,3.747,3.750,3.752,3.743,3.724,3.748,3.552
2026-08-24 17:04:40,97.2,149.9,3.729,3.757,3.755,3.753,3.754,3.747,3.753,3.747,3.750,3.748,3.757,3.747,3.787,3.724,3.747,3.754,3.751,3.738,3.754,3.747,3.750,3.752,3.743,3.724,3.748,3.552
2026-08-24 17:04:40,97.2,149.9,3.729,3.757,3.755,3.753,3.754,3.747,3.753,3.747,3.750,3.748,3.757,3.747,3.787,3.724,3.747,3.754,3.751,3.738,3.754,3.747,3.750,3.752,3.743,3.724,3.748,3.552
2026-08-24 17:04:40,97.2,149.9,3.729,3.757,3.755,3.753,3.754,3.747,3.753,3.747,3.750,3.748,3.757,3.747,3.787,3.724,3.747,3.754,3.751,3.738,3.754,3.747,3.750,3.752,3.743,3.724,3.748,3.552
2026-08-24 17:04:40,97.2,24.0,3.829,3.840,3.839,3.839,3.754,3.747,3.753,3.747,3.750,3.748,3.757,3.747,3.787,3.724,3.747,3.754,3.751,3.738,3.754,3.747,3.750,3.752,3.743,3.724,3.748,3.552
2026-08-24 17:04:40,97.2,24.0,3.829,3.840,3.839,3.839,3.840,3.840,3.840,3.839,3.750,3.748,3.757,3.747,3.787,3.724,3.747,3.754,3.751,3.738,3.754,3.747,3.750,3.752,3.743,3.724,3.748,3.552
2026-08-24 17:04:40,97.2,24.0,3.829,3.840,3.839,3.839,3.840,3.840,3.840,3.839,3.840,3.838,3.757,3.747,3.787,3.724,3.747,3.754,3.751,3.738,3.754,3.747,3.750,3.752,3.743,3.724,3.748,3.552
2026-08-24 17:04:40,97.2,24.0,3.829,3.840,3.839,3.839,3.840,3.840,3.840,3.839,3.840,3.838,3.757,3.747,3.787,3.724,3.747,3.754,3.751,3.738,3.754,3.747,3.750,3.752,3.743,3.724,3.748,3.552
2026-08-24 17:04:40,97.2,24.0,3.829,3.840,3.839,3.839,3.840,3.840,3.840,3.839,3.840,3.838,3.840,3.837,3.870,3.832,3.862,3.868,3.870,3.864,3.864,3.865,3.864,3.867,3.865,3.867,3.869,3.818
2026-08-24 17:04:40,97.2,24.0,3.829,3.840,3.839,3.839,3.840,3.840,3.840,3.839,3.840,3.838,3.840,3.837,3.870,3.832,3.862,3.868,3.870,3.864,3.864,3.865,3.864,3.867,3.865,3.867,3.869,3.818
2026-08-24 17:04:40,97.2,24.0,3.829,3.840,3.839,3.839,3.840,3.840,3.840,3.839,3.840,3.838,3.840,3.837,3.870,3.832,3.862,3.868,3.870,3.864,3.864,3.865,3.864,3.867,3.865,3.867,3.869,3.818
2026-08-24 17:04:40,97.2,24.0,3.829,3.840,3.839,3.839,3.840,3.840,3.840,3.839,3.840,3.838,3.840,3.837,3.870,3.832,3.862,3.868,3.870,3.864,3.864,3.865,3.864,3.867,3.865,3.867,3.869,3.818
2026-08-24 17:04:40,97.2,1.0,3.864,3.868,3.866,3.867,3.840,3.840,3.840,3.839,3.840,3.838,3.840,3.837,3.870,3.832,3.862,3.868,3.870,3.864,3.864,3.865,3.864,3.867,3.865,3.867,3.869,3.818
2026-08-24 17:04:40,97.2,1.0,3.864,3.868,3.866,3.867,3.866,3.868,3.865,3.867,3.840,3.838,3.840,3.837,3.870,3.832,3.862,3.868,3.870,3.864,3.864,3.865,3.864,3.867,3.865,3.867,3.869,3.818
2026-08-24 17:04:40,97.2,1.0,3.864,3.868,3.866,3.867,3.866,3.868,3.865,3.867,3.867,3.862,3.840,3.837,3.870,3.832,3.862,3.868,3.870,3.864,3.864,3.865,3.864,3.867,3.865,3.867,3.869,3.818
2026-08-24 17:04:40,97.2,1.0,3.864,3.868,3.866,3.867,3.866,3.868,3.865,3.867,3.867,3.862,3.840,3.837,3.870,3.832,3.862,3.868,3.870,3.864,3.864,3.865,3.864,3.867,3.865,3.867,3.869,3.818
2026-08-24 17:04:40,100.3,1.0,3.864,3.868,3.866,3.867,3.866,3.868,3.865,3.867,3.867,3.862,3.868,3.868,3.899,3.866,3.863,3.870,3.871,3.866,3.864,3.866,3.864,3.868,3.866,3.869,3.870,3.819
2026-08-24 17:04:40,100.3,1.0,3.864,3.868,3.866,3.867,3.866,3.868,3.865,3.867,3.867,3.862,3.868,3.868,3.899,3.866,3.863,3.870,3.871,3.866,3.864,3.866,3.864,3.868,3.866,3.869,3.870,3.819
2026-08-24 17:04:40,100.3,1.0,3.864,3.868,3.866,3.867,3.866,3.868,3.865,3.867,3.867,3.862,3.868,3.868,3.899,3.866,3.863,3.870,3.871,3.866,3.864,3.866,3.864,3.868,3.866,3.869,3.870,3.819
2026-08-24 17:04:40,100.3,1.0,3.864,3.868,3.866,3.867,3.866,3.868,3.865,3.867,3.867,3.862,3.868,3.868,3.899,3.866,3.863,3.870,3.871,3.866,3.864,3.866,3.864,3.868,3.866,3.869,3.870,3.819
2026-08-24 17:04:40,100.3,1.0,3.865,3.869,3.867,3.868,3.866,3.868,3.865,3.867,3.867,3.862,3.868,3.868,3.899,3.866,3.863,3.870,3.871,3.866,3.864,3.866,3.864,3.868,3.866,3.869,3.870,3.819
2026-08-24 17:04:40,100.3,1.0,3.865,3.869,3.867,3.868,3.868,3.868,3.866,3.868,3.867,3.862,3.868,3.868,3.899,3.866,3.863,3.870,3.871,3.866,3.864,3.866,3.864,3.868,3.866,3.869,3.870,3.819
2026-08-24 17:04:40,100.3,1.0,3.865,3.869,3.867,3.868,3.868,3.868,3.866,3.868,3.868,3.863,3.868,3.868,3.899,3.866,3.863,3.870,3.871,3.866,3.864,3.866,3.864,3.868,3.866,3.869,3.870,3.819
2026-08-24 17:04:40,100.3,1.0,3.865,3.869,3.867,3.868,3.868,3.868,3.866,3.868,3.868,3.863,3.868,3.868,3.899,3.866,3.863,3.870,3.871,3.866,3.864,3.866,3.864,3.868,3.866,3.869,3.870,3.819
2026-08-24 17:04:40,100.5,1.0,3.865,3.869,3.867,3.868,3.868,3.868,3.866,3.868,3.868,3.863,3.869,3.869,3.901,3.868,3.863,3.870,3.871,3.866,3.864,3.866,3.864,3.868,3.866,3.869,3.870,3.819
2026-08-24 17:04:40,100.5,1.0,3.865,3.869,3.867,3.868,3.868,3.868,3.866,3.868,3.868,3.863,3.869,3.869,3.901,3.868,3.863,3.870,3.871,3.866,3.864,3.866,3.864,3.868,3.866,3.869,3.870,3.819
2026-08-24 17:04:40,100.5,1.0,3.865,3.869,3.867,3.868,3.868,3.868,3.866,3.868,3.868,3.863,3.869,3.869,3.901,3.868,3.863,3.870,3.871,3.866,3.864,3.866,3.864,3.868,3.866,3.869,3.870,3.819
2026-08-24 17:04:40,100.5,1.0,3.865,3.869,3.867,3.868,3.868,3.868,3.866,3.868,3.868,3.863,3.869,3.869,3.901,3.868,3.863,3.870,3.871,3.866,3.864,3.866,3.864,3.868,3.866,3.869,3.870,3.819
2026-08-24 17:04:41,100.5,1.0,3.865,3.869,3.867,3.868,3.868,3.868,3.866,3.868,3.868,3.863,3.869,3.869,3.901,3.868,3.863,3.870,3.871,3.866,3.864,3.866,3.864,3.868,3.866,3.869,3.870,3.819
2026-08-24 17:04:41,100.5,1.0,3.865,3.869,3.867,3.868,3.868,3.868,3.866,3.868,3.868,3.863,3.869,3.869,3.901,3.868,3.863,3.870,3.871,3.866,3.864,3.866,3.864,3.868,3.866,3.869,3.870,3.819
2026-08-24 17:04:41,100.5,1.0,3.865,3.869,3.867,3.868,3.868,3.868,3.866,3.868,3.868,3.863,3.869,3.869,3.901,3.868,3.863,3.870,3.871,3.866,3.864,3.866,3.864,3.868,3.866,3.869,3.870,3.819
2026-08-24 17:04:41,100.5,1.0,3.865,3.869,3.867,3.868,3.868,3.868,3.866,3.868,3.868,3.863,3.869,3.869,3.901,3.868,3.863,3.870,3.871,3.866,3.864,3.866,3.864,3.868,3.866,3.869,3.870,3.819
2026-08-24 17:04:41,100.5,1.0,3.866,3.869,3.868,3.868,3.868,3.868,3.866,3.868,3.868,3.863,3.869,3.869,3.901,3.868,3.863,3.870,3.871,3.866,3.864,3.866,3.864,3.868,3.866,3.869,3.870,3.819
2026-08-24 17:04:41,100.5,1.0,3.866,3.869,3.868,3.868,3.868,3.868,3.867,3.868,3.868,3.863,3.869,3.869,3.901,3.868,3.863,3.870,3.871,3.866,3.864,3.866,3.864,3.868,3.866,3.869,3.870,3.819
2026-08-24 17:04:41,100.5,1.0,3.866,3.869,3.868,3.868,3.868,3.868,3.867,3.868,3.868,3.864,3.869,3.869,3.901,3.868,3.863,3.870,3.871,3.866,3.864,3.866,3.864,3.868,3.866,3.869,3.870,3.819
2026-08-24 17:04:41,100.5,1.0,3.866,3.869,3.868,3.868,3.868,3.868,3.867,3.868,3.868,3.864,3.869,3.869,3.901,3.868,3.863,3.870,3.871,3.866,3.864,3.866,3.864,3.868,3.866,3.869,3.870,3.819
2026-08-24 17:04:41,100.5,1.0,3.866,3.869,3.868,3.868,3.868,3.868,3.867,3.868,3.868,3.864,3.870,3.871,3.901,3.869,3.864,3.870,3.871,3.867,3.864,3.866,3.864,3.868,3.866,3.869,3.870,3.819
2026-08-24 17:04:41,100.5,1.0,3.866,3.869,3.868,3.868,3.868,3.868,3.867,3.868,3.868,3.864,3.870,3.871,3.901,3.869,3.864,3.870,3.871,3.867,3.864,3.866,3.864,3.868,3.866,3.869,3.870,3.819
2026-08-24 17:04:41,100.5,1.0,3.866,3.869,3.868,3.868,3.868,3.868,3.867,3.868,3.868,3.864,3.870,3.871,3.901,3.869,3.864,3.870,3.871,3.867,3.864,3.866,3.864,3.868,3.866,3.869,3.870,3.819
2026-08-24 17:04:41,100.5,1.0,3.866,3.869,3.868,3.868,3.868,3.868,3.867,3.868,3.868,3.864,3.870,3.871,3.901,3.869,3.864,3.870,3.871,3.867,3.864,3.866,3.864,3.868,3.866,3.869,3.870,3.819
2026-08-24 17:04:41,100.5,1.2,3.866,3.869,3.868,3.868,3.868,3.868,3.867,3.868,3.868,3.864,3.870,3.871,3.901,3.869,3.865,3.870,3.872,3.867,3.864,3.866,3.864,3.868,3.866,3.869,3.870,3.819
2026-08-24 17:04:41,100.5,1.2,3.866,3.869,3.868,3.868,3.868,3.868,3.867,3.868,3.868,3.864,3.870,3.871,3.901,3.869,3.865,3.870,3.872,3.867,3.864,3.866,3.864,3.868,3.866,3.869,3.870,3.819
2026-08-24 17:04:41,100.5,1.2,3.866,3.869,3.868,3.868,3.868,3.868,3.867,3.868,3.868,3.864,3.870,3.871,3.901,3.869,3.865,3.870,3.872,3.867,3.864,3.866,3.864,3.868,3.866,3.869,3.870,3.819
2026-08-24 17:04:41,100.5,1.2,3.866,3.869,3.868,3.868,3.868,3.868,3.867,3.868,3.868,3.864,3.870,3.871,3.901,3.869,3.865,3.870,3.872,3.867,3.864,3.866,3.864,3.868,3.866,3.869,3.870,3.819
2026-08-24 17:04:41,100.5,1.2,3.866,3.870,3.868,3.868,3.868,3.868,3.867,3.868,3.868,3.864,3.870,3.871,3.901,3.869,3.866,3.870,3.873,3.868,3.866,3.869,3.866,3.870,3.868,3.870,3.871,3.820
2026-08-24 17:04:41,100.5,1.2,3.866,3.870,3.868,3.868,3.868,3.869,3.867,3.868,3.868,3.864,3.870,3.871,3.901,3.869,3.866,3.870,3.873,3.868,3.866,3.869,3.866,3.870,3.868,3.870,3.871,3.820
2026-08-24 17:04:41,100.5,1.2,3.866,3.870,3.868,3.868,3.868,3.869,3.867,3.868,3.868,3.865,3.870,3.871,3.901,3.869,3.866,3.870,3.873,3.868,3.866,3.869,3.866,3.870,3.868,3.870,3.871,3.820
2026-08-24 17:04:41,100.5,1.2,3.866,3.870,3.868,3.868,3.868,3.869,3.867,3.868,3.868,3.865,3.870,3.871,3.901,3.869,3.866,3.870,3.873,3.868,3.866,3.869,3.866,3.870,3.868,3.870,3.871,3.820
2026-08-24 17:04:41,100.5,1.2,3.866,3.870,3.868,3.868,3.868,3.869,3.867,3.868,3.868,3.865,3.870,3.871,3.901,3.869,3.866,3.870,3.873,3.868,3.866,3.869,3.866,3.870,3.868,3.870,3.871,3.820
2026-08-24 17:04:41,100.5,1.2,3.866,3.870,3.868,3.868,3.868,3.869,3.867,3.868,3.868,3.865,3.870,3.871,3.901,3.869,3.866,3.870,3.873,3.868,3.866,3.869,3.866,3.870,3.868,3.870,3.871,3.820
2026-08-24 17:04:41,100.5,1.2,3.866,3.870,3.868,3.868,3.868,3.869,3.867,3.868,3.868,3.865,3.870,3.871,3.901,3.869,3.866,3.870,3.873,3.868,3.866,3.869,3.866,3.870,3.868,3.870,3.871,3.820
2026-08-24 17:04:41,100.5,1.2,3.866,3.870,3.868,3.868,3.868,3.869,3.867,3.868,3.868,3.865,3.870,3.871,3.901,3.869,3.866,3.870,3.873,3.868,3.866,3.869,3.866,3.870,3.868,3.870,3.871,3.820
2026-08-24 17:04:41,100.5,1.2,3.866,3.870,3.868,3.868,3.868,3.868,3.868,3.868,3.868,3.865,3.870,3.871,3.901,3.869,3.866,3.870,3.873,3.868,3.866,3.869,3.866,3.870,3.868,3.870,3.871,3.820
2026-08-24 17:04:41,100.5,1.2,3.866,3.870,3.868,3.868,3.868,3.868,3.868,3.868,3.869,3.865,3.870,3.871,3.901,3.869,3.866,3.870,3.873,3.868,3.866,3.869,3.866,3.870,3.868,3.870,3.871,3.820
2026-08-24 17:04:41,100.5,1.2,3.866,3.870,3.868,3.868,3.868,3.868,3.868,3.868,3.869,3.865,3.870,3.871,3.901,3.869,3.866,3.870,3.873,3.868,3.866,3.869,3.866,3.870,3.868,3.870,3.871,3.820
2026-08-24 17:04:41,100.5,1.2,3.866,3.870,3.868,3.868,3.868,3.868,3.868,3.868,3.869,3.865,3.870,3.871,3.901,3.869,3.866,3.870,3.873,3.868,3.866,3.869,3.866,3.870,3.868,3.870,3.871,3.820
2026-08-24 17:04:41,100.5,1.2,3.866,3.870,3.868,3.868,3.868,3.868,3.868,3.868,3.869,3.865,3.870,3.871,3.901,3.869,3.866,3.870,3.873,3.868,3.866,3.869,3.866,3.870,3.868,3.870,3.871,3.820
2026-08-24 17:04:41,100.5,1.2,3.866,3.870,3.868,3.868,3.868,3.868,3.868,3.868,3.869,3.865,3.870,3.871,3.901,3.869,3.866,3.870,3.873,3.868,3.866,3.869,3.866,3.870,3.868,3.870,3.871,3.820
2026-08-24 17:04:41,100.5,1.2,3.866,3.870,3.868,3.868,3.868,3.868,3.868,3.868,3.869,3.865,3.870,3.871,3.901,3.869,3.866,3.870,3.873,3.868,3.866,3.869,3.866,3.870,3.868,3.870,3.871,3.820
2026-08-24 17:04:41,100.5,1.2,3.866,3.870,3.868,3.868,3.868,3.868,3.868,3.868,3.869,3.865,3.870,3.871,3.901,3.869,3.866,3.870,3.873,3.868,3.866,3.869,3.866,3.870,3.868,3.870,3.871,3.820
2026-08-24 17:04:41,100.5,1.2,3.866,3.870,3.868,3.868,3.868,3.868,3.868,3.868,3.869,3.865,3.870,3.871,3.901,3.869,3.866,3.870,3.873,3.868,3.866,3.869,3.866,3.870,3.868,3.870,3.871,3.820
2026-08-24 17:04:41,100.5,1.2,3.866,3.870,3.868,3.868,3.868,3.868,3.868,3.868,3.869,3.865,3.870,3.871,3.901,3.869,3.866,3.870,3.873,3.868,3.866,3.869,3.866,3.870,3.868,3.870,3.871,3.820
2026-08-24 17:04:41,100.5,1.2,3.866,3.870,3.868,3.868,3.868,3.868,3.868,3.868,3.869,3.865,3.870,3.871,3.901,3.869,3.866,3.870,3.873,3.868,3.866,3.869,3.866,3.870,3.868,3.870,3.871,3.820
2026-08-24 17:04:41,100.5,1.2,3.866,3.870,3.868,3.868,3.868,3.868,3.868,3.868,3.869,3.865,3.870,3.871,3.901,3.869,3.866,3.870,3.874,3.868,3.866,3.869,3.866,3.870,3.868,3.870,3.871,3.820
2026-08-24 17:04:42,100.5,1.2,3.866,3.872,3.868,3.869,3.868,3.868,3.868,3.868,3.869,3.865,3.870,3.871,3.901,3.870,3.866,3.872,3.874,3.869,3.867,3.870,3.868,3.870,3.870,3.870,3.872,3.821
2026-08-24 17:04:42,100.5,1.2,3.866,3.872,3.868,3.869,3.868,3.869,3.868,3.868,3.869,3.865,3.870,3.871,3.901,3.870,3.866,3.872,3.874,3.869,3.867,3.870,3.868,3.870,3.870,3.870,3.872,3.821
2026-08-24 17:04:42,100.5,1.2,3.866,3.872,3.868,3.869,3.868,3.869,3.868,3.868,3.869,3.866,3.870,3.871,3.901,3.870,3.866,3.872,3.874,3.869,3.867,3.870,3.868,3.870,3.870,3.870,3.872,3.821
2026-08-24 17:04:42,100.5,1.2,3.866,3.872,3.868,3.869,3.868,3.869,3.868,3.868,3.869,3.866,3.870,3.871,3.901,3.870,3.866,3.872,3.874,3.869,3.867,3.870,3.868,3.870,3.870,3.870,3.872,3.821
2026-08-24 17:04:42,100.5,1.2,3.866,3.871,3.868,3.869,3.868,3.869,3.868,3.868,3.869,3.866,3.870,3.871,3.901,3.870,3.866,3.872,3.874,3.869,3.867,3.870,3.868,3.870,3.870,3.870,3.872,3.821
2026-08-24 17:04:42,100.5,1.2,3.866,3.871,3.868,3.869,3.868,3.869,3.868,3.869,3.869,3.866,3.870,3.871,3.901,3.870,3.866,3.872,3.874,3.869,3.867,3.870,3.868,3.870,3.870,3.870,3.872,3.821
2026-08-24 17:04:42,100.5,1.2,3.866,3.871,3.868,3.869,3.868,3.869,3.868,3.869,3.869,3.866,3.870,3.871,3.901,3.870,3.866,3.872,3.874,3.869,3.867,3.870,3.868,3.870,3.870,3.870,3.872,3.821
2026-08-24 17:04:42,100.5,1.2,3.866,3.871,3.868,3.869,3.868,3.869,3.868,3.869,3.869,3.866,3.870,3.871,3.901,3.870,3.866,3.872,3.874,3.869,3.867,3.870,3.868,3.870,3.870,3.870,3.872,3.821
2026-08-24 17:04:42,100.5,1.2,3.866,3.871,3.868,3.869,3.868,3.869,3.868,3.869,3.869,3.866,3.871,3.871,3.901,3.871,3.866,3.872,3.874,3.869,3.867,3.870,3.868,3.870,3.870,3.870,3.872,3.821
2026-08-24 17:04:42,100.5,1.2,3.866,3.871,3.868,3.869,3.868,3.869,3.868,3.869,3.869,3.866,3.871,3.871,3.901,3.871,3.866,3.872,3.874,3.869,3.867,3.870,3.868,3.870,3.870,3.870,3.872,3.821
2026-08-24 17:04:42,100.5,1.2,3.866,3.871,3.868,3.869,3.868,3.869,3.868,3.869,3.869,3.866,3.871,3.871,3.901,3.871,3.866,3.872,3.874,3.869,3.867,3.870,3.868,3.870,3.870,3.870,3.872,3.821
2026-08-24 17:04:42,100.5,1.2,3.866,3.871,3.868,3.869,3.868,3.869,3.868,3.869,3.869,3.866,3.871,3.871,3.901,3.871,3.866,3.872,3.874,3.869,3.867,3.870,3.868,3.870,3.870,3.870,3.872,3.821
2026-08-24 17:04:42,100.5,1.2,3.867,3.872,3.869,3.869,3.868,3.869,3.868,3.869,3.869,3.866,3.871,3.871,3.901,3.871,3.867,3.872,3.874,3.869,3.868,3.870,3.868,3.870,3.870,3.870,3.872,3.822
2026-08-24 17:04:42,100.5,1.2,3.867,3.872,3.869,3.869,3.869,3.870,3.868,3.869,3.869,3.866,3.871,3.871,3.901,3.871,3.867,3.872,3.874,3.869,3.868,3.870,3.868,3.870,3.870,3.870,3.872,3.822
2026-08-24 17:04:42,100.5,1.2,3.867,3.872,3.869,3.869,3.869,3.870,3.868,3.869,3.870,3.866,3.871,3.871,3.901,3.871,3.867,3.872,3.874,3.869,3.868,3.870,3.868,3.870,3.870,3.870,3.872,3.822
2026-08-24 17:04:42,100.5,1.2,3.867,3.872,3.869,3.869,3.869,3.870,3.868,3.869,3.870,3.866,3.871,3.871,3.901,3.871,3.867,3.872,3.874,3.869,3.868,3.870,3.868,3.870,3.870,3.870,3.872,3.822
2026-08-24 17:04:42,100.5,1.2,3.867,3.872,3.869,3.869,3.869,3.870,3.868,3.869,3.870,3.866,3.872,3.871,3.902,3.870,3.867,3.872,3.874,3.869,3.868,3.870,3.868,3.870,3.870,3.870,3.872,3.822
2026-08-24 17:04:42,100.5,1.2,3.867,3.872,3.869,3.869,3.869,3.870,3.868,3.869,3.870,3.866,3.872,3.871,3.902,3.870,3.867,3.872,3.874,3.869,3.868,3.870,3.868,3.870,3.870,3.870,3.872,3.822
2026-08-24 17:04:42,100.5,1.2,3.867,3.872,3.869,3.869,3.869,3.870,3.868,3.869,3.870,3.866,3.872,3.871,3.902,3.870,3.867,3.872,3.874,3.869,3.868,3.870,3.868,3.870,3.870,3.870,3.872,3.822
2026-08-24 17:04:42,100.5,1.2,3.867,3.872,3.869,3.869,3.869,3.870,3.868,3.869,3.870,3.866,3.872,3.871,3.902,3.870,3.867,3.872,3.874,3.869,3.868,3.870,3.868,3.870,3.870,3.870,3.872,3.822
2026-08-24 17:04:42,100.5,1.1,3.867,3.872,3.869,3.870,3.869,3.870,3.868,3.869,3.870,3.866,3.872,3.871,3.902,3.870,3.867,3.872,3.875,3.870,3.868,3.870,3.869,3.870,3.870,3.870,3.873,3.822
2026-08-24 17:04:42,100.5,1.1,3.867,3.872,3.869,3.870,3.868,3.870,3.868,3.869,3.870,3.866,3.872,3.871,3.902,3.870,3.867,3.872,3.875,3.870,3.868,3.870,3.869,3.870,3.870,3.870,3.873,3.822
2026-08-24 17:04:42,100.5,1.1,3.867,3.872,3.869,3.870,3.868,3.870,3.868,3.869,3.870,3.866,3.872,3.871,3.902,3.870,3.867,3.872,3.875,3.870,3.868,3.870,3.869,3.870,3.870,3.870,3.873,3.822
2026-08-24 17:04:42,100.5,1.1,3.867,3.872,3.869,3.870,3.868,3.870,3.868,3.869,3.870,3.866,3.872,3.871,3.902,3.870,3.867,3.872,3.875,3.870,3.868,3.870,3.869,3.870,3.870,3.870,3.873,3.822
2026-08-24 17:04:42,100.5,1.1,3.867,3.872,3.869,3.870,3.868,3.870,3.868,3.869,3.870,3.866,3.872,3.871,3.903,3.871,3.867,3.872,3.875,3.870,3.868,3.870,3.869,3.870,3.870,3.870,3.873,3.822
2026-08-24 17:04:43,100.5,1.1,3.867,3.872,3.869,3.870,3.868,3.870,3.868,3.869,3.870,3.866,3.872,3.871,3.903,3.871,3.867,3.872,3.875,3.870,3.868,3.870,3.869,3.870,3.870,3.870,3.873,3.822
2026-08-24 17:04:43,100.5,1.1,3.867,3.872,3.869,3.870,3.868,3.870,3.868,3.869,3.870,3.866,3.872,3.871,3.903,3.871,3.867,3.872,3.875,3.870,3.868,3.870,3.869,3.870,3.870,3.870,3.873,3.822
2026-08-24 17:04:43,100.5,1.1,3.867,3.872,3.869,3.870,3.868,3.870,3.868,3.869,3.870,3.866,3.872,3.871,3.903,3.871,3.867,3.872,3.875,3.870,3.868,3.870,3.869,3.870,3.870,3.870,3.873,3.822
2026-08-24 17:04:43,100.5,1.1,3.867,3.872,3.869,3.870,3.868,3.870,3.868,3.869,3.870,3.866,3.872,3.871,3.903,3.871,3.867,3.872,3.875,3.870,3.868,3.870,3.869,3.870,3.870,3.870,3.873,3.822
2026-08-24 17:04:43,100.5,1.1,3.867,3.873,3.869,3.871,3.868,3.870,3.868,3.869,3.870,3.866,3.872,3.871,3.903,3.871,3.867,3.872,3.875,3.870,3.868,3.870,3.869,3.870,3.870,3.870,3.873,3.822
2026-08-24 17:04:43,100.5,1.1,3.867,3.873,3.869,3.871,3.869,3.870,3.868,3.869,3.870,3.866,3.872,3.871,3.903,3.871,3.867,3.872,3.875,3.870,3.868,3.870,3.869,3.870,3.870,3.870,3.873,3.822
2026-08-24 17:04:43,100.5,1.1,3.867,3.873,3.869,3.871,3.869,3.870,3.868,3.869,3.870,3.867,3.872,3.871,3.903,3.871,3.867,3.872,3.875,3.870,3.868,3.870,3.869,3.870,3.870,3.870,3.873,3.822
2026-08-24 17:04:43,100.5,1.1,3.867,3.873,3.869,3.871,3.869,3.870,3.868,3.869,3.870,3.867,3.872,3.871,3.903,3.871,3.867,3.872,3.875,3.870,3.868,3.870,3.869,3.870,3.870,3.870,3.873,3.822
2026-08-24 17:04:43,100.6,1.1,3.867,3.873,3.869,3.871,3.869,3.870,3.868,3.869,3.870,3.867,3.872,3.871,3.903,3.871,3.867,3.872,3.875,3.870,3.868,3.870,3.869,3.870,3.870,3.870,3.873,3.822
2026-08-24 17:04:43,100.6,1.1,3.867,3.873,3.869,3.871,3.869,3.870,3.868,3.869,3.870,3.867,3.872,3.871,3.903,3.871,3.867,3.872,3.875,3.870,3.868,3.870,3.870,3.870,3.870,3.872,3.873,3.822
2026-08-24 17:04:43,100.6,1.1,3.867,3.873,3.869,3.871,3.869,3.870,3.868,3.869,3.870,3.867,3.872,3.871,3.903,3.871,3.867,3.872,3.875,3.870,3.868,3.870,3.870,3.870,3.870,3.872,3.873,3.822
2026-08-24 17:04:43,100.6,1.1,3.867,3.873,3.869,3.871,3.869,3.870,3.868,3.869,3.870,3.867,3.872,3.871,3.903,3.871,3.867,3.872,3.875,3.870,3.868,3.870,3.870,3.870,3.870,3.872,3.873,3.822
2026-08-24 17:04:43,100.6,1.1,3.867,3.873,3.869,3.871,3.869,3.870,3.868,3.869,3.870,3.867,3.872,3.871,3.903,3.871,3.867,3.872,3.875,3.870,3.868,3.870,3.870,3.870,3.870,3.872,3.873,3.822
2026-08-24 17:04:43,100.6,1.1,3.867,3.873,3.870,3.870,3.869,3.870,3.868,3.869,3.870,3.867,3.872,3.871,3.903,3.871,3.868,3.872,3.875,3.870,3.868,3.870,3.870,3.870,3.870,3.872,3.873,3.822
2026-08-24 17:04:43,100.6,1.1,3.867,3.873,3.870,3.870,3.870,3.870,3.868,3.870,3.870,3.867,3.872,3.871,3.903,3.871,3.868,3.872,3.875,3.870,3.868,3.870,3.870,3.870,3.870,3.872,3.873,3.822
2026-08-24 17:04:43,100.6,1.1,3.867,3.873,3.870,3.870,3.870,3.870,3.868,3.870,3.871,3.867,3.872,3.871,3.903,3.871,3.868,3.872,3.875,3.870,3.868,3.870,3.870,3.870,3.870,3.872,3.873,3.822
2026-08-24 17:04:43,100.6,1.1,3.867,3.873,3.870,3.870,3.870,3.870,3.868,3.870,3.871,3.867,3.872,3.871,3.903,3.871,3.868,3.872,3.875,3.870,3.868,3.870,3.870,3.870,3.870,3.872,3.873,3.822
2026-08-24 17:04:43,100.6,1.1,3.867,3.873,3.870,3.870,3.870,3.870,3.868,3.870,3.871,3.867,3.872,3.871,3.903,3.871,3.868,3.873,3.876,3.870,3.869,3.870,3.870,3.871,3.870,3.872,3.873,3.822
2026-08-24 17:04:43,100.6,1.1,3.867,3.873,3.870,3.870,3.870,3.870,3.868,3.870,3.871,3.867,3.872,3.871,3.903,3.871,3.868,3.873,3.876,3.870,3.869,3.870,3.870,3.871,3.870,3.872,3.873,3.822
2026-08-24 17:04:43,100.6,1.1,3.867,3.873,3.870,3.870,3.870,3.870,3.868,3.870,3.871,3.867,3.872,3.871,3.903,3.871,3.868,3.873,3.876,3.870,3.869,3.870,3.870,3.871,3.870,3.872,3.873,3.822
2026-08-24 17:04:43,100.6,1.1,3.867,3.873,3.870,3.870,3.870,3.870,3.868,3.870,3.871,3.867,3.872,3.871,3.903,3.871,3.868,3.873,3.876,3.870,3.869,3.870,3.870,3.871,3.870,3.872,3.873,3.822
2026-08-24 17:04:43,100.6,1.1,3.867,3.873,3.869,3.870,3.870,3.871,3.868,3.870,3.871,3.867,3.872,3.871,3.903,3.871,3.868,3.873,3.876,3.870,3.869,3.870,3.870,3.871,3.870,3.872,3.873,3.822
2026-08-24 17:04:43,100.6,1.1,3.867,3.873,3.869,3.870,3.870,3.871,3.868,3.870,3.871,3.867,3.872,3.871,3.903,3.871,3.868,3.873,3.876,3.870,3.869,3.870,3.870,3.871,3.870,3.872,3.873,3.822
2026-08-24 17:04:43,100.6,1.1,3.867,3.873,3.869,3.870,3.870,3.871,3.868,3.870,3.871,3.867,3.872,3.871,3.903,3.871,3.868,3.873,3.876,3.870,3.869,3.870,3.870,3.871,3.870,3.872,3.873,3.822
2026-08-24 17:04:43,100.6,1.1,3.867,3.873,3.869,3.870,3.870,3.871,3.868,3.870,3.871,3.867,3.872,3.871,3.903,3.871,3.868,3.873,3.876,3.870,3.869,3.870,3.870,3.871,3.870,3.872,3.873,3.822
2026-08-24 17:04:43,100.6,1.1,3.867,3.873,3.869,3.870,3.870,3.871,3.868,3.870,3.871,3.867,3.872,3.871,3.903,3.871,3.868,3.873,3.876,3.870,3.869,3.870,3.870,3.871,3.870,3.872,3.873,3.822
2026-08-24 17:04:43,100.6,1.1,3.867,3.873,3.869,3.870,3.870,3.871,3.868,3.870,3.871,3.867,3.872,3.871,3.903,3.871,3.868,3.873,3.876,3.870,3.869,3.870,3.870,3.871,3.870,3.872,3.873,3.822
2026-08-24 17:04:43,100.6,1.1,3.867,3.873,3.869,3.870,3.870,3.871,3.868,3.870,3.871,3.867,3.872,3.871,3.903,3.871,3.868,3.873,3.876,3.870,3.869,3.870,3.870,3.871,3.870,3.872,3.873,3.822
2026-08-24 17:04:43,100.6,1.1,3.867,3.873,3.869,3.870,3.870,3.871,3.868,3.870,3.871,3.867,3.872,3.871,3.903,3.871,3.868,3.873,3.876,3.870,3.869,3.870,3.870,3.871,3.870,3.872,3.873,3.822
2026-08-24 17:04:43,100.6,1.1,3.867,3.873,3.869,3.870,3.870,3.871,3.868,3.870,3.871,3.867,3.872,3.871,3.903,3.871,3.868,3.873,3.876,3.870,3.869,3.870,3.870,3.871,3.870,3.872,3.873,3.822
2026-08-24 17:04:43,100.6,1.1,3.868,3.873,3.870,3.870,3.870,3.871,3.868,3.870,3.871,3.867,3.872,3.871,3.903,3.871,3.868,3.873,3.876,3.870,3.869,3.870,3.870,3.871,3.870,3.872,3.873,3.822
2026-08-24 17:04:44,100.6,1.1,3.868,3.873,3.870,3.870,3.870,3.871,3.868,3.870,3.871,3.867,3.872,3.871,3.903,3.871,3.868,3.873,3.876,3.870,3.869,3.870,3.870,3.871,3.870,3.872,3.873,3.822
2026-08-24 17:04:44,100.6,1.1,3.868,3.873,3.870,3.870,3.870,3.871,3.868,3.870,3.870,3.867,3.872,3.871,3.903,3.871,3.868,3.873,3.876,3.870,3.869,3.870,3.870,3.871,3.870,3.872,3.873,3.822
2026-08-24 17:04:44,100.6,1.1,3.868,3.873,3.870,3.870,3.870,3.871,3.868,3.870,3.870,3.867,3.872,3.871,3.903,3.871,3.868,3.873,3.876,3.870,3.869,3.870,3.870,3.871,3.870,3.872,3.873,3.822
2026-08-24 17:04:44,100.6,1.1,3.868,3.873,3.870,3.870,3.870,3.871,3.868,3.870,3.870,3.867,3.872,3.871,3.903,3.871,3.868,3.873,3.876,3.870,3.869,3.870,3.870,3.871,3.870,3.872,3.873,3.822
2026-08-24 17:04:44,100.6,1.1,3.868,3.873,3.870,3.870,3.870,3.871,3.868,3.870,3.870,3.867,3.872,3.872,3.904,3.871,3.868,3.874,3.876,3.870,3.869,3.870,3.870,3.871,3.870,3.872,3.874,3.822
2026-08-24 17:04:44,100.6,1.1,3.868,3.873,3.870,3.870,3.870,3.871,3.868,3.870,3.870,3.867,3.872,3.872,3.904,3.871,3.868,3.874,3.876,3.870,3.869,3.870,3.870,3.871,3.870,3.872,3.874,3.822
2026-08-24 17:04:44,100.6,1.1,3.868,3.873,3.870,3.870,3.870,3.871,3.868,3.870,3.870,3.867,3.872,3.872,3.904,3.871,3.868,3.874,3.876,3.870,3.869,3.870,3.870,3.871,3.870,3.872,3.874,3.822
2026-08-24 17:04:44,100.6,1.1,3.868,3.873,3.870,3.870,3.870,3.871,3.868,3.870,3.870,3.867,3.872,3.872,3.904,3.871,3.868,3.874,3.876,3.870,3.869,3.870,3.870,3.871,3.870,3.872,3.874,3.822
2026-08-24 17:04:44,100.6,0.8,3.868,3.873,3.870,3.871,3.870,3.871,3.868,3.870,3.870,3.867,3.873,3.873,3.904,3.871,3.868,3.874,3.876,3.870,3.869,3.870,3.870,3.871,3.870,3.872,3.874,3.822
2026-08-24 17:04:44,100.6,0.8,3.868,3.873,3.870,3.871,3.870,3.872,3.868,3.870,3.870,3.867,3.873,3.873,3.904,3.871,3.868,3.874,3.876,3.870,3.869,3.870,3.870,3.871,3.870,3.872,3.874,3.822
2026-08-24 17:04:44,100.6,0.8,3.868,3.873,3.870,3.871,3.870,3.872,3.868,3.870,3.872,3.868,3.873,3.873,3.904,3.871,3.868,3.874,3.876,3.870,3.869,3.870,3.870,3.871,3.870,3.872,3.874,3.822
2026-08-24 17:04:44,100.6,0.8,3.868,3.873,3.870,3.871,3.870,3.872,3.868,3.870,3.872,3.868,3.873,3.873,3.904,3.871,3.868,3.874,3.876,3.870,3.869,3.870,3.870,3.871,3.870,3.872,3.874,3.822
2026-08-24 17:04:44,100.6,0.8,3.868,3.873,3.870,3.871,3.870,3.872,3.868,3.870,3.872,3.868,3.873,3.873,3.904,3.871,3.868,3.874,3.876,3.870,3.869,3.870,3.870,3.871,3.870,3.872,3.874,3.822
2026-08-24 17:04:44,100.6,0.8,3.868,3.873,3.870,3.871,3.870,3.872,3.868,3.870,3.872,3.868,3.873,3.873,3.904,3.871,3.868,3.874,3.876,3.870,3.869,3.870,3.870,3.871,3.870,3.872,3.874,3.822
2026-08-24 17:04:44,100.6,0.8,3.868,3.873,3.870,3.871,3.870,3.872,3.868,3.870,3.872,3.868,3.873,3.873,3.904,3.871,3.868,3.874,3.876,3.870,3.869,3.870,3.870,3.871,3.870,3.872,3.874,3.822
2026-08-24 17:04:44,100.6,0.8,3.868,3.873,3.870,3.871,3.870,3.872,3.868,3.870,3.872,3.868,3.873,3.873,3.904,3.871,3.868,3.874,3.876,3.870,3.869,3.870,3.870,3.871,3.870,3.872,3.874,3.822
2026-08-24 17:04:44,100.6,0.8,3.867,3.873,3.870,3.870,3.870,3.872,3.868,3.870,3.872,3.868,3.872,3.872,3.903,3.870,3.868,3.874,3.876,3.870,3.869,3.870,3.870,3.871,3.870,3.872,3.874,3.822
2026-08-24 17:04:44,100.6,0.8,3.867,3.873,3.870,3.870,3.869,3.870,3.867,3.868,3.872,3.868,3.872,3.872,3.903,3.870,3.868,3.874,3.876,3.870,3.869,3.870,3.870,3.871,3.870,3.872,3.874,3.822
2026-08-24 17:04:44,100.6,0.8,3.867,3.873,3.870,3.870,3.869,3.870,3.867,3.868,3.870,3.866,3.872,3.872,3.903,3.870,3.868,3.874,3.876,3.870,3.869,3.870,3.870,3.871,3.870,3.872,3.874,3.822
2026-08-24 17:04:44,100.6,0.8,3.867,3.873,3.870,3.870,3.869,3.870,3.867,3.868,3.870,3.866,3.872,3.872,3.903,3.870,3.868,3.874,3.876,3.870,3.869,3.870,3.870,3.871,3.870,3.872,3.874,3.822
2026-08-24 17:04:44,100.5,0.8,3.867,3.873,3.870,3.870,3.869,3.870,3.867,3.868,3.870,3.866,3.872,3.872,3.903,3.870,3.863,3.869,3.870,3.864,3.864,3.865,3.864,3.866,3.865,3.865,3.868,3.810
2026-08-24 17:04:44,100.5,0.8,3.867,3.873,3.870,3.870,3.869,3.870,3.867,3.868,3.870,3.866,3.872,3.872,3.903,3.870,3.863,3.869,3.870,3.864,3.864,3.865,3.864,3.866,3.865,3.865,3.868,3.810
2026-08-24 17:04:44,100.5,0.8,3.867,3.873,3.870,3.870,3.869,3.870,3.867,3.868,3.870,3.866,3.872,3.872,3.903,3.870,3.863,3.869,3.870,3.864,3.864,3.865,3.864,3.866,3.865,3.865,3.868,3.810
2026-08-24 17:04:44,100.5,0.8,3.867,3.873,3.870,3.870,3.869,3.870,3.867,3.868,3.870,3.866,3.872,3.872,3.903,3.870,3.863,3.869,3.870,3.864,3.864,3.865,3.864,3.866,3.865,3.865,3.868,3.810
2026-08-24 17:04:44,100.1,29.4,3.838,3.849,3.846,3.847,3.869,3.870,3.867,3.868,3.870,3.866,3.848,3.846,3.878,3.841,3.843,3.849,3.850,3.842,3.845,3.845,3.845,3.847,3.844,3.841,3.847,3.771
2026-08-24 17:04:44,100.1,29.4,3.838,3.849,3.846,3.847,3.846,3.846,3.845,3.844,3.870,3.866,3.848,3.846,3.878,3.841,3.843,3.849,3.850,3.842,3.845,3.845,3.845,3.847,3.844,3.841,3.847,3.771
2026-08-24 17:04:44,100.1,29.4,3.838,3.849,3.846,3.847,3.846,3.846,3.845,3.844,3.845,3.841,3.848,3.846,3.878,3.841,3.843,3.849,3.850,3.842,3.845,3.845,3.845,3.847,3.844,3.841,3.847,3.771
2026-08-24 17:04:44,100.1,29.4,3.838,3.849,3.846,3.847,3.846,3.846,3.845,3.844,3.845,3.841,3.848,3.846,3.878,3.841,3.843,3.849,3.850,3.842,3.845,3.845,3.845,3.847,3.844,3.841,3.847,3.771
2026-08-24 17:04:45,100.1,16.3,3.838,3.849,3.846,3.847,3.846,3.846,3.845,3.844,3.845,3.841,3.848,3.846,3.878,3.841,3.843,3.849,3.850,3.842,3.845,3.845,3.845,3.847,3.844,3.841,3.847,3.771
2026-08-24 17:04:45,100.1,16.3,3.838,3.849,3.846,3.847,3.846,3.846,3.845,3.844,3.845,3.841,3.848,3.846,3.878,3.841,3.843,3.849,3.850,3.842,3.845,3.845,3.845,3.847,3.844,3.841,3.847,3.771
2026-08-24 17:04:45,100.1,16.3,3.838,3.849,3.846,3.847,3.846,3.846,3.845,3.844,3.845,3.841,3.848,3.846,3.878,3.841,3.843,3.849,3.850,3.842,3.845,3.845,3.845,3.847,3.844,3.841,3.847,3.771
2026-08-24 17:04:45,100.1,16.3,3.838,3.849,3.846,3.847,3.846,3.846,3.845,3.844,3.845,3.841,3.848,3.846,3.878,3.841,3.843,3.849,3.850,3.842,3.845,3.845,3.845,3.847,3.844,3.841,3.847,3.771
2026-08-24 17:04:45,100.1,16.3,3.866,3.870,3.868,3.869,3.846,3.846,3.845,3.844,3.845,3.841,3.870,3.870,3.900,3.868,3.866,3.871,3.873,3.868,3.845,3.845,3.845,3.847,3.844,3.841,3.847,3.771
2026-08-24 17:04:45,100.1,16.3,3.866,3.870,3.868,3.869,3.868,3.869,3.866,3.868,3.845,3.841,3.870,3.870,3.900,3.868,3.866,3.871,3.873,3.868,3.845,3.845,3.845,3.847,3.844,3.841,3.847,3.771
2026-08-24 17:04:45,100.1,16.3,3.866,3.870,3.868,3.869,3.868,3.869,3.866,3.868,3.869,3.865,3.870,3.870,3.900,3.868,3.866,3.871,3.873,3.868,3.845,3.845,3.845,3.847,3.844,3.841,3.847,3.771
2026-08-24 17:04:45,100.1,16.3,3.866,3.870,3.868,3.869,3.868,3.869,3.866,3.868,3.869,3.865,3.870,3.870,3.900,3.868,3.866,3.871,3.873,3.868,3.845,3.845,3.845,3.847,3.844,3.841,3.847,3.771
2026-08-24 17:04:45,100.1,16.3,3.866,3.870,3.868,3.869,3.868,3.869,3.866,3.868,3.869,3.865,3.870,3.870,3.900,3.868,3.866,3.871,3.873,3.868,3.868,3.868,3.868,3.869,3.868,3.870,3.872,3.819
2026-08-24 17:04:45,100.1,16.3,3.866,3.870,3.868,3.869,3.868,3.869,3.866,3.868,3.869,3.865,3.870,3.870,3.900,3.868,3.866,3.871,3.873,3.868,3.868,3.868,3.868,3.869,3.868,3.870,3.872,3.819
2026-08-24 17:04:45,100.1,16.3,3.866,3.870,3.868,3.869,3.868,3.869,3.866,3.868,3.869,3.865,3.870,3.870,3.900,3.868,3.866,3.871,3.873,3.868,3.868,3.868,3.868,3.869,3.868,3.870,3.872,3.819
2026-08-24 17:04:45,100.1,16.3,3.866,3.870,3.868,3.869,3.868,3.869,3.866,3.868,3.869,3.865,3.870,3.870,3.900,3.868,3.866,3.871,3.873,3.868,3.868,3.868,3.868,3.869,3.868,3.870,3.872,3.819
2026-08-24 17:04:45,100.5,16.3,3.868,3.874,3.870,3.871,3.868,3.869,3.866,3.868,3.869,3.865,3.873,3.873,3.903,3.871,3.868,3.874,3.876,3.870,3.868,3.868,3.868,3.869,3.868,3.870,3.872,3.819
2026-08-24 17:04:45,100.5,16.3,3.868,3.874,3.870,3.871,3.870,3.871,3.868,3.871,3.869,3.865,3.873,3.873,3.903,3.871,3.868,3.874,3.876,3.870,3.868,3.868,3.868,3.869,3.868,3.870,3.872,3.819
2026-08-24 17:04:45,100.5,16.3,3.868,3.874,3.870,3.871,3.870,3.871,3.868,3.871,3.872,3.868,3.873,3.873,3.903,3.871,3.868,3.874,3.876,3.870,3.868,3.868,3.868,3.869,3.868,3.870,3.872,3.819
2026-08-24 17:04:45,100.5,16.3,3.868,3.874,3.870,3.871,3.870,3.871,3.868,3.871,3.872,3.868,3.873,3.873,3.903,3.871,3.868,3.874,3.876,3.870,3.868,3.868,3.868,3.869,3.868,3.870,3.872,3.819
2026-08-24 17:04:45,100.6,0.9,3.868,3.874,3.870,3.871,3.870,3.871,3.868,3.871,3.872,3.868,3.873,3.873,3.903,3.871,3.868,3.874,3.876,3.870,3.869,3.870,3.870,3.871,3.870,3.872,3.874,3.822
2026-08-24 17:04:45,100.6,0.9,3.868,3.874,3.870,3.871,3.870,3.871,3.868,3.871,3.872,3.868,3.873,3.873,3.903,3.871,3.868,3.874,3.876,3.870,3.869,3.870,3.870,3.871,3.870,3.872,3.874,3.822
2026-08-24 17:04:45,100.6,0.9,3.868,3.874,3.870,3.871,3.870,3.871,3.868,3.871,3.872,3.868,3.873,3.873,3.903,3.871,3.868,3.874,3.876,3.870,3.869,3.870,3.870,3.871,3.870,3.872,3.874,3.822
2026-08-24 17:04:45,100.6,0.9,3.868,3.874,3.870,3.871,3.870,3.871,3.868,3.871,3.872,3.868,3.873,3.873,3.903,3.871,3.868,3.874,3.876,3.870,3.869,3.870,3.870,3.871,3.870,3.872,3.874,3.822
2026-08-24 17:04:45,100.6,0.9,3.868,3.874,3.870,3.871,3.870,3.872,3.868,3.870,3.872,3.868,3.873,3.872,3.904,3.871,3.868,3.874,3.876,3.870,3.869,3.870,3.870,3.871,3.870,3.872,3.874,3.822
2026-08-24 17:04:45,100.6,0.9,3.868,3.874,3.870,3.871,3.870,3.872,3.868,3.870,3.872,3.868,3.873,3.872,3.904,3.871,3.868,3.874,3.876,3.870,3.869,3.870,3.870,3.871,3.870,3.872,3.874,3.822
2026-08-24 17:04:45,100.6,0.9,3.868,3.874,3.870,3.871,3.870,3.872,3.868,3.870,3.872,3.868,3.873,3.872,3.904,3.871,3.868,3.874,3.876,3.870,3.869,3.870,3.870,3.871,3.870,3.872,3.874,3.822
2026-08-24 17:04:45,100.6,1.1,3.868,3.874,3.871,3.871,3.870,3.872,3.868,3.870,3.872,3.868,3.873,3.872,3.904,3.871,3.868,3.874,3.876,3.870,3.869,3.870,3.870,3.871,3.870,3.872,3.874,3.822
2026-08-24 17:04:45,100.6,1.1,3.868,3.874,3.871,3.871,3.870,3.872,3.868,3.870,3.872,3.868,3.873,3.872,3.904,3.871,3.868,3.874,3.876,3.870,3.869,3.870,3.870,3.871,3.870,3.872,3.874,3.822
2026-08-24 17:04:45,100.6,1.1,3.868,3.874,3.871,3.871,3.870,3.872,3.868,3.870,3.872,3.868,3.873,3.872,3.904,3.871,3.868,3.874,3.876,3.870,3.869,3.870,3.870,3.871,3.870,3.872,3.874,3.822
2026-08-24 17:04:45,100.6,1.1,3.868,3.874,3.871,3.871,3.870,3.872,3.868,3.870,3.872,3.868,3.873,3.872,3.904,3.871,3.868,3.874,3.876,3.870,3.869,3.870,3.870,3.871,3.870,3.872,3.874,3.822
2026-08-24 17:04:45,100.6,1.1,3.868,3.874,3.871,3.871,3.870,3.872,3.868,3.870,3.872,3.868,3.873,3.872,3.904,3.871,3.868,3.874,3.876,3.870,3.869,3.870,3.870,3.871,3.870,3.872,3.874,3.822
2026-08-24 17:04:45,100.6,1.1,3.868,3.874,3.871,3.871,3.870,3.872,3.868,3.870,3.872,3.868,3.873,3.872,3.904,3.871,3.868,3.874,3.876,3.870,3.869,3.870,3.870,3.871,3.870,3.872,3.874,3.822
2026-08-24 17:04:46,100.6,1.1,3.868,3.874,3.871,3.871,3.870,3.872,3.868,3.870,3.872,3.868,3.873,3.872,3.904,3.871,3.868,3.874,3.876,3.870,3.869,3.870,3.870,3.871,3.870,3.872,3.874,3.822
2026-08-24 17:04:46,100.6,1.1,3.868,3.874,3.871,3.871,3.870,3.872,3.868,3.870,3.872,3.868,3.873,3.872,3.904,3.871,3.868,3.874,3.876,3.870,3.869,3.870,3.870,3.871,3.870,3.872,3.874,3.822
2026-08-24 17:04:46,100.6,1.1,3.868,3.874,3.871,3.871,3.870,3.871,3.868,3.870,3.872,3.868,3.873,3.873,3.905,3.871,3.868,3.874,3.876,3.870,3.869,3.870,3.870,3.871,3.870,3.872,3.874,3.822
2026-08-24 17:04:46,100.6,1.1,3.868,3.874,3.871,3.871,3.870,3.871,3.868,3.870,3.872,3.868,3.873,3.873,3.905,3.871,3.868,3.874,3.876,3.870,3.869,3.870,3.870,3.871,3.870,3.872,3.874,3.822
2026-08-24 17:04:46,100.6,1.1,3.868,3.874,3.871,3.871,3.870,3.871,3.868,3.870,3.872,3.868,3.873,3.873,3.905,3.871,3.868,3.874,3.876,3.870,3.869,3.870,3.870,3.871,3.870,3.872,3.874,3.822
2026-08-24 17:04:46,100.6,1.1,3.868,3.874,3.871,3.872,3.870,3.871,3.868,3.870,3.872,3.868,3.873,3.873,3.905,3.871,3.868,3.874,3.876,3.870,3.870,3.870,3.870,3.872,3.870,3.872,3.874,3.822
2026-08-24 17:04:46,100.6,1.1,3.868,3.874,3.871,3.872,3.870,3.871,3.868,3.870,3.872,3.868,3.873,3.873,3.905,3.871,3.868,3.874,3.876,3.870,3.870,3.870,3.870,3.872,3.870,3.872,3.874,3.822
2026-08-24 17:04:46,100.6,1.1,3.868,3.874,3.871,3.872,3.870,3.871,3.868,3.870,3.872,3.868,3.873,3.873,3.905,3.871,3.868,3.874,3.876,3.870,3.870,3.870,3.870,3.872,3.870,3.872,3.874,3.822
2026-08-24 17:04:46,100.6,1.1,3.868,3.874,3.871,3.872,3.870,3.871,3.868,3.870,3.872,3.868,3.873,3.873,3.905,3.871,3.868,3.874,3.876,3.870,3.870,3.870,3.870,3.872,3.870,3.872,3.874,3.822
2026-08-24 17:04:46,100.6,1.1,3.868,3.874,3.871,3.872,3.870,3.871,3.868,3.870,3.872,3.868,3.873,3.873,3.905,3.871,3.868,3.874,3.876,3.870,3.870,3.870,3.870,3.872,3.870,3.872,3.874,3.822
2026-08-24 17:04:46,100.6,1.1,3.868,3.874,3.871,3.872,3.870,3.871,3.868,3.870,3.872,3.868,3.873,3.873,3.905,3.871,3.868,3.874,3.876,3.870,3.870,3.870,3.870,3.872,3.870,3.872,3.874,3.822
2026-08-24 17:04:46,100.6,1.1,3.868,3.874,3.871,3.872,3.870,3.871,3.868,3.870,3.872,3.868,3.873,3.873,3.905,3.871,3.868,3.874,3.876,3.870,3.870,3.870,3.870,3.872,3.870,3.872,3.874,3.822
2026-08-24 17:04:46,100.6,1.1,3.868,3.874,3.871,3.872,3.870,3.871,3.868,3.870,3.872,3.868,3.873,3.873,3.905,3.871,3.868,3.874,3.876,3.870,3.870,3.870,3.870,3.872,3.870,3.872,3.874,3.822
2026-08-24 17:04:46,100.6,1.1,3.868,3.874,3.871,3.872,3.870,3.872,3.869,3.872,3.872,3.868,3.873,3.872,3.904,3.871,3.868,3.874,3.876,3.870,3.870,3.870,3.870,3.872,3.870,3.872,3.874,3.822
2026-08-24 17:04:46,100.6,1.1,3.868,3.874,3.871,3.872,3.870,3.872,3.869,3.872,3.872,3.868,3.873,3.872,3.904,3.871,3.868,3.874,3.876,3.870,3.870,3.870,3.870,3.872,3.870,3.872,3.874,3.822
2026-08-24 17:04:46,100.6,1.1,3.868,3.874,3.871,3.872,3.870,3.872,3.869,3.872,3.872,3.868,3.873,3.872,3.904,3.871,3.868,3.874,3.876,3.870,3.870,3.870,3.870,3.872,3.870,3.872,3.874,3.822
2026-08-24 17:04:46,100.6,1.1,3.868,3.874,3.870,3.872,3.870,3.872,3.869,3.872,3.872,3.868,3.873,3.872,3.904,3.871,3.868,3.874,3.876,3.870,3.870,3.870,3.870,3.872,3.870,3.872,3.874,3.822
2026-08-24 17:04:46,100.6,1.1,3.868,3.874,3.870,3.872,3.870,3.872,3.869,3.872,3.872,3.868,3.873,3.872,3.904,3.871,3.868,3.874,3.876,3.870,3.870,3.870,3.870,3.872,3.870,3.872,3.874,3.822
2026-08-24 17:04:46,100.6,1.1,3.868,3.874,3.870,3.872,3.870,3.872,3.869,3.872,3.872,3.868,3.873,3.872,3.904,3.871,3.868,3.874,3.876,3.870,3.870,3.870,3.870,3.872,3.870,3.872,3.874,3.822
2026-08-24 17:04:46,100.6,1.1,3.868,3.874,3.870,3.872,3.870,3.872,3.869,3.872,3.872,3.868,3.873,3.872,3.904,3.871,3.868,3.874,3.876,3.870,3.870,3.870,3.870,3.872,3.870,3.872,3.874,3.822
2026-08-24 17:04:46,100.6,1.1,3.868,3.874,3.870,3.872,3.870,3.872,3.869,3.872,3.872,3.868,3.873,3.872,3.904,3.871,3.868,3.874,3.876,3.870,3.870,3.870,3.870,3.872,3.870,3.872,3.874,3.822
2026-08-24 17:04:46,100.6,1.1,3.868,3.874,3.870,3.872,3.870,3.872,3.869,3.872,3.872,3.868,3.873,3.872,3.904,3.871,3.868,3.874,3.876,3.870,3.870,3.870,3.870,3.872,3.870,3.872,3.874,3.822
2026-08-24 17:04:46,100.6,1.1,3.868,3.874,3.870,3.872,3.870,3.872,3.869,3.872,3.872,3.868,3.873,3.872,3.904,3.871,3.868,3.874,3.876,3.870,3.870,3.870,3.870,3.872,3.870,3.872,3.874,3.822
2026-08-24 17:04:46,100.6,1.1,3.868,3.874,3.870,3.872,3.870,3.872,3.869,3.872,3.872,3.868,3.873,3.872,3.904,3.871,3.868,3.874,3.876,3.870,3.870,3.870,3.870,3.872,3.870,3.872,3.874,3.822
2026-08-24 17:04:46,100.6,1.1,3.868,3.874,3.870,3.872,3.871,3.872,3.868,3.871,3.872,3.868,3.874,3.873,3.905,3.871,3.868,3.874,3.876,3.870,3.870,3.870,3.870,3.872,3.870,3.872,3.874,3.822
2026-08-24 17:04:46,100.6,1.1,3.868,3.874,3.870,3.872,3.871,3.872,3.868,3.871,3.872,3.868,3.874,3.873,3.905,3.871,3.868,3.874,3.876,3.870,3.870,3.870,3.870,3.872,3.870,3.872,3.874,3.822
2026-08-24 17:04:46,100.6,1.1,3.868,3.874,3.870,3.872,3.871,3.872,3.868,3.871,3.872,3.868,3.874,3.873,3.905,3.871,3.868,3.874,3.876,3.870,3.870,3.870,3.870,3.872,3.870,3.872,3.874,3.822
2026-08-24 17:04:46,100.6,1.1,3.869,3.874,3.871,3.872,3.871,3.872,3.868,3.871,3.872,3.868,3.874,3.873,3.905,3.871,3.868,3.874,3.876,3.870,3.870,3.872,3.870,3.872,3.871,3.873,3.875,3.822
2026-08-24 17:04:46,100.6,1.1,3.869,3.874,3.871,3.872,3.871,3.872,3.868,3.871,3.872,3.868,3.874,3.873,3.905,3.871,3.868,3.874,3.876,3.870,3.870,3.872,3.870,3.872,3.871,3.873,3.875,3.822
2026-08-24 17:04:46,100.6,1.1,3.869,3.874,3.871,3.872,3.871,3.872,3.868,3.871,3.872,3.868,3.874,3.873,3.905,3.871,3.868,3.874,3.876,3.870,3.870,3.872,3.870,3.872,3.871,3.873,3.875,3.822
2026-08-24 17:04:46,100.6,1.1,3.869,3.874,3.871,3.872,3.871,3.872,3.868,3.871,3.872,3.868,3.874,3.873,3.905,3.871,3.868,3.874,3.876,3.870,3.870,3.872,3.870,3.872,3.871,3.873,3.875,3.822
2026-08-24 17:04:46,100.6,1.1,3.869,3.874,3.871,3.872,3.871,3.872,3.868,3.871,3.872,3.868,3.874,3.873,3.905,3.871,3.868,3.874,3.876,3.870,3.870,3.872,3.870,3.872,3.871,3.873,3.875,3.822
2026-08-24 17:04:46,100.6,1.1,3.869,3.874,3.871,3.872,3.871,3.872,3.868,3.871,3.872,3.868,3.874,3.873,3.905,3.871,3.868,3.874,3.876,3.870,3.870,3.872,3.870,3.872,3.871,3.873,3.875,3.822
2026-08-24 17:04:46,100.6,1.1,3.869,3.874,3.871,3.872,3.871,3.872,3.868,3.871,3.872,3.868,3.874,3.873,3.905,3.871,3.868,3.874,3.876,3.870,3.870,3.872,3.870,3.872,3.871,3.873,3.875,3.822
2026-08-24 17:04:46,100.6,1.1,3.869,3.874,3.871,3.872,3.871,3.872,3.868,3.871,3.872,3.868,3.874,3.873,3.905,3.871,3.868,3.874,3.876,3.870,3.870,3.872,3.870,3.872,3.871,3.873,3.875,3.822
2026-08-24 17:04:46,100.6,1.1,3.869,3.874,3.871,3.872,3.871,3.872,3.868,3.871,3.872,3.868,3.874,3.873,3.905,3.872,3.868,3.874,3.876,3.870,3.870,3.872,3.870,3.872,3.871,3.873,3.875,3.822
2026-08-24 17:04:46,100.6,1.1,3.869,3.874,3.871,3.872,3.871,3.872,3.869,3.872,3.872,3.868,3.874,3.873,3.905,3.872,3.868,3.874,3.876,3.870,3.870,3.872,3.870,3.872,3.871,3.873,3.875,3.822
2026-08-24 17:04:46,100.6,1.1,3.869,3.874,3.871,3.872,3.871,3.872,3.869,3.872,3.872,3.868,3.874,3.873,3.905,3.872,3.868,3.874,3.876,3.870,3.870,3.872,3.870,3.872,3.871,3.873,3.875,3.822
2026-08-24 17:04:46,100.6,1.1,3.869,3.874,3.871,3.872,3.871,3.872,3.869,3.872,3.872,3.868,3.874,3.873,3.905,3.872,3.868,3.874,3.876,3.870,3.870,3.872,3.870,3.872,3.871,3.873,3.875,3.822
2026-08-24 17:04:47,100.6,1.1,3.869,3.874,3.871,3.872,3.871,3.872,3.869,3.872,3.872,3.868,3.874,3.873,3.905,3.872,3.868,3.874,3.876,3.870,3.870,3.872,3.870,3.872,3.871,3.873,3.875,3.822
2026-08-24 17:04:47,100.6,1.1,3.869,3.874,3.871,3.872,3.871,3.872,3.869,3.872,3.872,3.868,3.874,3.873,3.905,3.872,3.868,3.874,3.876,3.870,3.870,3.872,3.870,3.872,3.871,3.873,3.875,3.822
2026-08-24 17:04:47,100.6,1.1,3.869,3.874,3.871,3.872,3.871,3.872,3.869,3.872,3.872,3.868,3.874,3.873,3.905,3.872,3.868,3.874,3.876,3.870,3.870,3.872,3.870,3.872,3.871,3.873,3.875,3.822
2026-08-24 17:04:47,100.6,1.1,3.869,3.874,3.871,3.872,3.871,3.872,3.869,3.872,3.872,3.868,3.874,3.873,3.905,3.872,3.868,3.874,3.876,3.870,3.870,3.872,3.870,3.872,3.871,3.873,3.875,3.822
2026-08-24 17:04:47,100.6,1.0,3.869,3.874,3.871,3.872,3.871,3.872,3.869,3.872,3.872,3.868,3.874,3.873,3.905,3.872,3.868,3.874,3.876,3.870,3.870,3.872,3.870,3.872,3.871,3.873,3.875,3.822
2026-08-24 17:04:47,100.6,1.0,3.869,3.874,3.871,3.872,3.871,3.872,3.869,3.872,3.872,3.868,3.874,3.873,3.905,3.872,3.868,3.874,3.876,3.870,3.870,3.871,3.870,3.872,3.871,3.873,3.875,3.822
2026-08-24 17:04:47,100.6,1.0,3.869,3.874,3.871,3.872,3.871,3.872,3.869,3.871,3.872,3.868,3.874,3.873,3.905,3.872,3.868,3.874,3.876,3.870,3.870,3.871,3.870,3.872,3.871,3.873,3.875,3.822
2026-08-24 17:04:47,100.6,1.0,3.869,3.874,3.871,3.872,3.871,3.872,3.869,3.871,3.872,3.868,3.874,3.873,3.905,3.872,3.868,3.874,3.876,3.870,3.870,3.871,3.870,3.872,3.871,3.873,3.875,3.822
2026-08-24 17:04:47,100.6,1.0,3.869,3.874,3.871,3.872,3.871,3.872,3.869,3.871,3.872,3.868,3.874,3.873,3.905,3.872,3.868,3.874,3.876,3.870,3.870,3.871,3.870,3.872,3.871,3.873,3.875,3.822
2026-08-24 17:04:47,100.6,1.0,3.869,3.874,3.871,3.872,3.871,3.872,3.869,3.871,3.872,3.868,3.874,3.873,3.905,3.872,3.868,3.874,3.876,3.870,3.870,3.871,3.870,3.872,3.871,3.873,3.875,3.822
2026-08-24 17:04:47,100.6,1.0,3.869,3.874,3.871,3.872,3.871,3.872,3.869,3.871,3.872,3.868,3.874,3.873,3.905,3.872,3.868,3.874,3.876,3.870,3.870,3.871,3.870,3.872,3.871,3.873,3.875,3.822
2026-08-24 17:04:47,100.6,1.0,3.869,3.874,3.871,3.872,3.871,3.872,3.869,3.871,3.872,3.868,3.874,3.873,3.905,3.872,3.868,3.874,3.876,3.870,3.870,3.871,3.870,3.872,3.871,3.873,3.875,3.822
2026-08-24 17:04:47,100.6,1.0,3.869,3.874,3.871,3.872,3.871,3.872,3.869,3.871,3.872,3.868,3.874,3.873,3.905,3.872,3.868,3.874,3.876,3.870,3.870,3.871,3.870,3.872,3.871,3.873,3.875,3.822
2026-08-24 17:04:47,100.6,1.0,3.869,3.874,3.871,3.872,3.871,3.872,3.869,3.871,3.872,3.868,3.874,3.873,3.905,3.872,3.868,3.874,3.876,3.870,3.870,3.871,3.870,3.872,3.871,3.873,3.875,3.822
2026-08-24 17:04:47,100.6,1.0,3.869,3.874,3.871,3.872,3.871,3.872,3.869,3.871,3.872,3.868,3.874,3.873,3.905,3.872,3.868,3.874,3.876,3.870,3.870,3.871,3.870,3.872,3.871,3.873,3.875,3.822
2026-08-24 17:04:47,100.6,1.0,3.869,3.874,3.871,3.872,3.871,3.872,3.869,3.871,3.872,3.868,3.874,3.873,3.905,3.872,3.868,3.874,3.876,3.870,3.870,3.871,3.870,3.872,3.871,3.873,3.875,3.822
2026-08-24 17:04:47,100.6,1.0,3.869,3.874,3.871,3.872,3.871,3.872,3.869,3.871,3.872,3.868,3.874,3.873,3.905,3.872,3.868,3.874,3.876,3.870,3.870,3.871,3.870,3.872,3.871,3.873,3.875,3.822
2026-08-24 17:04:47,100.6,1.0,3.869,3.874,3.871,3.872,3.871,3.872,3.869,3.871,3.872,3.868,3.874,3.873,3.904,3.871,3.868,3.874,3.876,3.870,3.870,3.871,3.870,3.872,3.871,3.873,3.875,3.822
2026-08-24 17:04:47,100.6,1.0,3.869,3.874,3.871,3.872,3.871,3.872,3.869,3.871,3.872,3.868,3.874,3.873,3.904,3.871,3.868,3.874,3.876,3.870,3.870,3.871,3.870,3.872,3.871,3.873,3.875,3.822
2026-08-24 17:04:47,100.6,1.0,3.869,3.874,3.871,3.872,3.871,3.872,3.869,3.871,3.872,3.868,3.874,3.873,3.904,3.871,3.868,3.874,3.876,3.870,3.870,3.871,3.870,3.872,3.871,3.873,3.875,3.822
2026-08-24 17:04:47,100.6,1.0,3.869,3.874,3.871,3.872,3.871,3.872,3.869,3.871,3.872,3.868,3.874,3.873,3.904,3.871,3.868,3.874,3.876,3.870,3.870,3.871,3.870,3.872,3.871,3.873,3.875,3.822
2026-08-24 17:04:47,100.6,1.0,3.869,3.874,3.872,3.872,3.871,3.872,3.869,3.871,3.872,3.868,3.874,3.873,3.904,3.871,3.868,3.875,3.876,3.870,3.870,3.871,3.870,3.872,3.872,3.873,3.876,3.822
2026-08-24 17:04:47,100.6,1.0,3.869,3.874,3.872,3.872,3.872,3.872,3.869,3.872,3.872,3.868,3.874,3.873,3.904,3.871,3.868,3.875,3.876,3.870,3.870,3.871,3.870,3.872,3.872,3.873,3.876,3.822
2026-08-24 17:04:47,100.6,1.0,3.869,3.874,3.872,3.872,3.872,3.872,3.869,3.872,3.872,3.868,3.874,3.873,3.904,3.871,3.868,3.875,3.876,3.870,3.870,3.871,3.870,3.872,3.872,3.873,3.876,3.822
2026-08-24 17:04:47,100.6,1.0,3.869,3.874,3.872,3.872,3.872,3.872,3.869,3.872,3.872,3.868,3.874,3.873,3.904,3.871,3.868,3.875,3.876,3.870,3.870,3.871,3.870,3.872,3.872,3.873,3.876,3.822
2026-08-24 17:04:47,100.6,1.0,3.869,3.874,3.872,3.872,3.872,3.872,3.869,3.872,3.872,3.868,3.874,3.873,3.904,3.872,3.868,3.875,3.876,3.870,3.870,3.871,3.870,3.872,3.872,3.873,3.876,3.822
2026-08-24 17:04:47,100.6,1.0,3.869,3.874,3.872,3.872,3.872,3.872,3.869,3.872,3.872,3.868,3.874,3.873,3.904,3.872,3.868,3.875,3.876,3.870,3.870,3.871,3.870,3.872,3.872,3.873,3.876,3.822
2026-08-24 17:04:47,100.6,1.0,3.869,3.874,3.872,3.872,3.872,3.872,3.869,3.872,3.872,3.868,3.874,3.873,3.904,3.872,3.868,3.875,3.876,3.870,3.870,3.871,3.870,3.872,3.872,3.873,3.876,3.822
2026-08-24 17:04:48,100.6,1.0,3.869,3.874,3.872,3.872,3.872,3.872,3.869,3.872,3.872,3.868,3.874,3.873,3.904,3.872,3.868,3.875,3.876,3.870,3.870,3.871,3.870,3.872,3.872,3.873,3.876,3.822
2026-08-24 17:04:48,100.6,1.0,3.870,3.874,3.871,3.872,3.872,3.872,3.869,3.872,3.872,3.868,3.874,3.873,3.904,3.872,3.868,3.874,3.876,3.870,3.870,3.871,3.870,3.872,3.872,3.874,3.876,3.822
2026-08-24 17:04:48,100.6,1.0,3.870,3.874,3.871,3.872,3.872,3.873,3.869,3.872,3.872,3.868,3.874,3.873,3.904,3.872,3.868,3.874,3.876,3.870,3.870,3.871,3.870,3.872,3.872,3.874,3.876,3.822
2026-08-24 17:04:48,100.6,1.0,3.870,3.874,3.871,3.872,3.872,3.873,3.869,3.872,3.873,3.868,3.874,3.873,3.904,3.872,3.868,3.874,3.876,3.870,3.870,3.871,3.870,3.872,3.872,3.874,3.876,3.822
2026-08-24 17:04:48,100.6,1.0,3.870,3.874,3.871,3.872,3.872,3.873,3.869,3.872,3.873,3.868,3.874,3.873,3.904,3.872,3.868,3.874,3.876,3.870,3.870,3.871,3.870,3.872,3.872,3.874,3.876,3.822
2026-08-24 17:04:48,100.6,1.0,3.870,3.874,3.871,3.872,3.872,3.873,3.869,3.872,3.873,3.868,3.874,3.874,3.905,3.872,3.868,3.874,3.876,3.870,3.870,3.871,3.870,3.872,3.872,3.874,3.876,3.822
2026-08-24 17:04:48,100.6,1.0,3.870,3.874,3.871,3.872,3.872,3.873,3.869,3.872,3.873,3.868,3.874,3.874,3.905,3.872,3.868,3.874,3.876,3.870,3.870,3.871,3.870,3.872,3.872,3.874,3.876,3.822
2026-08-24 17:04:48,100.6,1.0,3.870,3.874,3.871,3.872,3.872,3.873,3.869,3.872,3.873,3.868,3.874,3.874,3.905,3.872,3.868,3.874,3.876,3.870,3.870,3.871,3.870,3.872,3.872,3.874,3.876,3.822
2026-08-24 17:04:48,100.6,1.0,3.870,3.874,3.871,3.872,3.872,3.873,3.869,3.872,3.873,3.868,3.874,3.874,3.905,3.872,3.868,3.874,3.876,3.870,3.870,3.871,3.870,3.872,3.872,3.874,3.876,3.822
2026-08-24 17:04:48,100.6,1.0,3.869,3.874,3.872,3.872,3.872,3.873,3.869,3.872,3.873,3.868,3.874,3.874,3.905,3.872,3.868,3.874,3.876,3.870,3.870,3.871,3.870,3.872,3.871,3.873,3.875,3.822
2026-08-24 17:04:48,100.6,1.0,3.869,3.874,3.872,3.872,3.871,3.872,3.869,3.872,3.873,3.868,3.874,3.874,3.905,3.872,3.868,3.874,3.876,3.870,3.870,3.871,3.870,3.872,3.871,3.873,3.875,3.822
2026-08-24 17:04:48,100.6,1.0,3.869,3.874,3.872,3.872,3.871,3.872,3.869,3.872,3.873,3.868,3.874,3.874,3.905,3.872,3.868,3.874,3.876,3.870,3.870,3.871,3.870,3.872,3.871,3.873,3.875,3.822
2026-08-24 17:04:48,100.6,1.0,3.869,3.874,3.872,3.872,3.871,3.872,3.869,3.872,3.873,3.868,3.874,3.874,3.905,3.872,3.868,3.874,3.876,3.870,3.870,3.871,3.870,3.872,3.871,3.873,3.875,3.822
2026-08-24 17:04:48,100.6,1.0,3.869,3.874,3.872,3.872,3.871,3.872,3.869,3.872,3.873,3.868,3.874,3.873,3.905,3.872,3.868,3.875,3.876,3.870,3.870,3.871,3.870,3.872,3.871,3.873,3.875,3.822
2026-08-24 17:04:48,100.6,1.0,3.869,3.874,3.872,3.872,3.871,3.872,3.869,3.872,3.873,3.868,3.874,3.873,3.905,3.872,3.868,3.875,3.876,3.870,3.870,3.871,3.870,3.872,3.871,3.873,3.875,3.822
2026-08-24 17:04:48,100.6,1.0,3.869,3.874,3.872,3.872,3.871,3.872,3.869,3.872,3.873,3.868,3.874,3.873,3.905,3.872,3.868,3.875,3.876,3.870,3.870,3.871,3.870,3.872,3.871,3.873,3.875,3.822
2026-08-24 17:04:48,100.6,1.0,3.869,3.874,3.872,3.872,3.871,3.872,3.869,3.872,3.873,3.868,3.874,3.873,3.905,3.872,3.868,3.875,3.876,3.870,3.870,3.871,3.870,3.872,3.871,3.873,3.875,3.822
2026-08-24 17:04:48,100.6,1.0,3.870,3.874,3.872,3.873,3.871,3.872,3.869,3.872,3.873,3.868,3.874,3.873,3.905,3.872,3.868,3.876,3.876,3.870,3.870,3.871,3.870,3.872,3.871,3.873,3.875,3.822
2026-08-24 17:04:48,100.6,1.0,3.870,3.874,3.872,3.873,3.872,3.873,3.870,3.872,3.873,3.868,3.874,3.873,3.905,3.872,3.868,3.876,3.876,3.870,3.870,3.871,3.870,3.872,3.871,3.873,3.875,3.822
2026-08-24 17:04:48,100.6,1.0,3.870,3.874,3.872,3.873,3.872,3.873,3.870,3.872,3.873,3.868,3.874,3.873,3.905,3.872,3.868,3.876,3.876,3.870,3.870,3.871,3.870,3.872,3.871,3.873,3.875,3.822
2026-08-24 17:04:48,100.6,1.0,3.870,3.874,3.872,3.873,3.872,3.873,3.870,3.872,3.873,3.868,3.874,3.873,3.905,3.872,3.868,3.876,3.876,3.870,3.870,3.871,3.870,3.872,3.871,3.873,3.875,3.822
2026-08-24 17:04:48,100.6,1.0,3.870,3.874,3.872,3.873,3.872,3.873,3.870,3.872,3.873,3.868,3.874,3.874,3.905,3.873,3.868,3.876,3.876,3.870,3.870,3.871,3.870,3.872,3.871,3.873,3.875,3.822
2026-08-24 17:04:48,100.6,1.0,3.870,3.874,3.872,3.873,3.872,3.873,3.870,3.872,3.873,3.868,3.874,3.874,3.905,3.873,3.868,3.876,3.876,3.870,3.870,3.871,3.870,3.872,3.871,3.873,3.875,3.822
2026-08-24 17:04:48,100.6,1.0,3.870,3.874,3.872,3.873,3.872,3.873,3.870,3.872,3.873,3.868,3.874,3.874,3.905,3.873,3.868,3.876,3.876,3.870,3.870,3.871,3.870,3.872,3.871,3.873,3.875,3.822
2026-08-24 17:04:48,100.6,1.0,3.870,3.874,3.872,3.873,3.872,3.873,3.870,3.872,3.873,3.868,3.874,3.874,3.905,3.873,3.868,3.876,3.876,3.870,3.870,3.871,3.870,3.872,3.871,3.873,3.875,3.822
2026-08-24 17:04:48,100.6,1.0,3.870,3.874,3.872,3.873,3.872,3.873,3.870,3.872,3.873,3.868,3.874,3.874,3.905,3.873,3.868,3.876,3.876,3.871,3.870,3.871,3.870,3.872,3.872,3.874,3.876,3.822
2026-08-24 17:04:48,100.6,1.0,3.870,3.874,3.872,3.873,3.872,3.873,3.870,3.872,3.873,3.868,3.874,3.874,3.905,3.873,3.868,3.876,3.876,3.871,3.870,3.871,3.870,3.872,3.872,3.874,3.876,3.822
2026-08-24 17:04:48,100.6,1.0,3.870,3.874,3.872,3.873,3.872,3.873,3.870,3.872,3.873,3.868,3.874,3.874,3.905,3.873,3.868,3.876,3.876,3.871,3.870,3.871,3.870,3.872,3.872,3.874,3.876,3.822
2026-08-24 17:04:48,100.6,1.0,3.870,3.874,3.872,3.873,3.872,3.873,3.870,3.872,3.873,3.868,3.874,3.874,3.905,3.873,3.868,3.876,3.876,3.871,3.870,3.871,3.870,3.872,3.872,3.874,3.876,3.822
2026-08-24 17:04:48,100.6,1.0,3.870,3.874,3.872,3.873,3.872,3.873,3.870,3.872,3.873,3.868,3.874,3.874,3.905,3.873,3.868,3.876,3.876,3.871,3.870,3.871,3.870,3.872,3.872,3.874,3.876,3.822
2026-08-24 17:04:48,100.6,1.0,3.870,3.874,3.872,3.873,3.872,3.873,3.870,3.872,3.873,3.868,3.874,3.874,3.905,3.873,3.868,3.876,3.876,3.871,3.870,3.871,3.870,3.872,3.872,3.874,3.876,3.822
2026-08-24 17:04:48,100.6,1.0,3.869,3.874,3.872,3.873,3.872,3.873,3.870,3.872,3.873,3.868,3.874,3.874,3.905,3.872,3.868,3.876,3.876,3.871,3.870,3.872,3.870,3.873,3.872,3.874,3.876,3.822
2026-08-24 17:04:49,100.6,1.0,3.869,3.874,3.872,3.873,3.872,3.873,3.869,3.872,3.873,3.868,3.874,3.874,3.905,3.872,3.868,3.876,3.876,3.871,3.870,3.872,3.870,3.873,3.872,3.874,3.876,3.822
2026-08-24 17:04:49,100.6,1.0,3.869,3.874,3.872,3.873,3.872,3.873,3.869,3.872,3.873,3.868,3.874,3.874,3.905,3.872,3.868,3.876,3.876,3.871,3.870,3.872,3.870,3.873,3.872,3.874,3.876,3.822
2026-08-24 17:04:49,100.6,1.0,3.869,3.874,3.872,3.873,3.872,3.873,3.869,3.872,3.873,3.868,3.874,3.874,3.905,3.872,3.868,3.876,3.876,3.871,3.870,3.872,3.870,3.873,3.872,3.874,3.876,3.822
2026-08-24 17:04:49,100.6,1.0,3.869,3.874,3.872,3.873,3.872,3.873,3.869,3.872,3.873,3.868,3.874,3.874,3.905,3.872,3.868,3.876,3.876,3.871,3.870,3.872,3.870,3.873,3.872,3.874,3.876,3.822
2026-08-24 17:04:49,100.6,1.0,3.869,3.874,3.872,3.873,3.872,3.873,3.869,3.872,3.873,3.868,3.874,3.874,3.905,3.872,3.868,3.876,3.876,3.871,3.870,3.872,3.870,3.873,3.872,3.874,3.876,3.822
2026-08-24 17:04:49,100.6,1.0,3.869,3.874,3.872,3.873,3.872,3.873,3.869,3.872,3.873,3.868,3.874,3.874,3.905,3.872,3.868,3.876,3.876,3.871,3.870,3.872,3.870,3.873,3.872,3.874,3.876,3.822
2026-08-24 17:04:49,100.6,1.0,3.869,3.874,3.872,3.873,3.872,3.873,3.869,3.872,3.873,3.868,3.874,3.874,3.905,3.872,3.868,3.876,3.876,3.871,3.870,3.872,3.870,3.873,3.872,3.874,3.876,3.822
2026-08-24 17:04:49,100.6,1.0,3.869,3.874,3.872,3.872,3.872,3.873,3.869,3.872,3.873,3.868,3.874,3.874,3.905,3.872,3.868,3.876,3.876,3.871,3.870,3.872,3.870,3.873,3.872,3.874,3.876,3.822
2026-08-24 17:04:49,100.6,1.0,3.869,3.874,3.872,3.872,3.872,3.874,3.870,3.872,3.873,3.868,3.874,3.874,3.905,3.872,3.868,3.876,3.876,3.871,3.870,3.872,3.870,3.873,3.872,3.874,3.876,3.822
2026-08-24 17:04:49,100.6,1.0,3.869,3.874,3.872,3.872,3.872,3.874,3.870,3.872,3.873,3.868,3.874,3.874,3.905,3.872,3.868,3.876,3.876,3.871,3.870,3.872,3.870,3.873,3.872,3.874,3.876,3.822
2026-08-24 17:04:49,100.6,1.0,3.869,3.874,3.872,3.872,3.872,3.874,3.870,3.872,3.873,3.868,3.874,3.874,3.905,3.872,3.868,3.876,3.876,3.871,3.870,3.872,3.870,3.873,3.872,3.874,3.876,3.822
2026-08-24 17:04:49,100.6,1.0,3.869,3.874,3.872,3.872,3.872,3.874,3.870,3.872,3.873,3.868,3.874,3.874,3.905,3.873,3.868,3.876,3.876,3.871,3.870,3.872,3.870,3.873,3.872,3.874,3.876,3.822
2026-08-24 17:04:49,100.6,1.0,3.869,3.874,3.872,3.872,3.872,3.874,3.870,3.872,3.873,3.868,3.874,3.874,3.905,3.873,3.868,3.876,3.876,3.871,3.870,3.872,3.870,3.873,3.872,3.874,3.876,3.822
2026-08-24 17:04:49,100.6,1.0,3.869,3.874,3.872,3.872,3.872,3.874,3.870,3.872,3.873,3.868,3.874,3.874,3.905,3.873,3.868,3.876,3.876,3.871,3.870,3.872,3.870,3.873,3.872,3.874,3.876,3.822
2026-08-24 17:04:49,100.6,1.0,3.869,3.874,3.872,3.872,3.872,3.874,3.870,3.872,3.873,3.868,3.874,3.874,3.905,3.873,3.868,3.876,3.876,3.871,3.870,3.872,3.870,3.873,3.872,3.874,3.876,3.822
2026-08-24 17:04:49,100.6,1.0,3.869,3.874,3.872,3.872,3.872,3.874,3.870,3.872,3.873,3.868,3.874,3.874,3.905,3.873,3.868,3.876,3.876,3.871,3.870,3.872,3.870,3.873,3.872,3.874,3.876,3.822
2026-08-24 17:04:49,100.6,1.0,3.869,3.874,3.872,3.872,3.872,3.874,3.870,3.872,3.873,3.868,3.874,3.874,3.905,3.873,3.868,3.876,3.876,3.871,3.870,3.872,3.870,3.873,3.872,3.874,3.876,3.822
2026-08-24 17:04:49,100.6,1.0,3.869,3.874,3.872,3.872,3.872,3.874,3.870,3.872,3.873,3.868,3.874,3.874,3.905,3.873,3.868,3.876,3.876,3.871,3.870,3.872,3.870,3.873,3.872,3.874,3.876,3.822
2026-08-24 17:04:49,100.6,1.0,3.869,3.874,3.872,3.872,3.872,3.874,3.870,3.872,3.873,3.868,3.874,3.874,3.905,3.873,3.868,3.876,3.876,3.871,3.870,3.872,3.870,3.873,3.872,3.874,3.876,3.822
2026-08-24 17:04:49,100.6,1.0,3.870,3.874,3.872,3.873,3.872,3.874,3.870,3.872,3.873,3.868,3.874,3.874,3.906,3.872,3.868,3.875,3.876,3.872,3.870,3.872,3.870,3.874,3.872,3.874,3.876,3.822
2026-08-24 17:04:49,100.6,1.0,3.870,3.874,3.872,3.873,3.872,3.874,3.870,3.872,3.873,3.868,3.874,3.874,3.906,3.872,3.868,3.875,3.876,3.872,3.870,3.872,3.870,3.874,3.872,3.874,3.876,3.822
2026-08-24 17:04:49,100.6,1.0,3.870,3.874,3.872,3.873,3.872,3.874,3.870,3.872,3.873,3.868,3.874,3.874,3.906,3.872,3.868,3.875,3.876,3.872,3.870,3.872,3.870,3.874,3.872,3.874,3.876,3.822
2026-08-24 17:04:49,100.6,1.0,3.870,3.874,3.872,3.873,3.872,3.874,3.870,3.872,3.873,3.868,3.874,3.874,3.906,3.872,3.868,3.875,3.876,3.872,3.870,3.872,3.870,3.874,3.872,3.874,3.876,3.822
2026-08-24 17:04:49,100.6,1.0,3.870,3.874,3.872,3.873,3.872,3.874,3.870,3.872,3.873,3.868,3.874,3.874,3.906,3.872,3.868,3.875,3.876,3.872,3.870,3.872,3.870,3.874,3.872,3.874,3.876,3.822
2026-08-24 17:04:49,100.6,1.0,3.870,3.874,3.872,3.873,3.872,3.874,3.870,3.872,3.873,3.868,3.874,3.874,3.906,3.872,3.868,3.875,3.876,3.872,3.870,3.872,3.870,3.874,3.872,3.874,3.876,3.822
2026-08-24 17:04:49,100.6,1.0,3.870,3.874,3.872,3.873,3.872,3.874,3.870,3.872,3.873,3.868,3.874,3.874,3.906,3.872,3.868,3.875,3.876,3.872,3.870,3.872,3.870,3.874,3.872,3.874,3.876,3.822
2026-08-24 17:04:49,100.6,1.0,3.870,3.874,3.872,3.873,3.872,3.874,3.870,3.872,3.873,3.868,3.874,3.874,3.906,3.872,3.868,3.875,3.876,3.872,3.870,3.872,3.870,3.874,3.872,3.874,3.876,3.822
2026-08-24 17:04:49,100.6,1.0,3.870,3.874,3.872,3.873,3.872,3.874,3.870,3.872,3.873,3.868,3.874,3.874,3.906,3.872,3.868,3.876,3.876,3.871,3.870,3.872,3.870,3.873,3.872,3.874,3.876,3.822
2026-08-24 17:04:49,100.6,1.0,3.870,3.874,3.872,3.873,3.872,3.873,3.870,3.872,3.873,3.868,3.874,3.874,3.906,3.872,3.868,3.876,3.876,3.871,3.870,3.872,3.870,3.873,3.872,3.874,3.876,3.822
2026-08-24 17:04:49,100.6,1.0,3.870,3.874,3.872,3.873,3.872,3.873,3.870,3.872,3.873,3.868,3.874,3.874,3.906,3.872,3.868,3.876,3.876,3.871,3.870,3.872,3.870,3.873,3.872,3.874,3.876,3.822
2026-08-24 17:04:49,100.6,1.0,3.870,3.874,3.872,3.873,3.872,3.873,3.870,3.872,3.873,3.868,3.874,3.874,3.906,3.872,3.868,3.876,3.876,3.871,3.870,3.872,3.870,3.873,3.872,3.874,3.876,3.822
2026-08-24 17:04:49,100.6,1.0,3.870,3.874,3.872,3.873,3.872,3.873,3.870,3.872,3.873,3.868,3.874,3.874,3.905,3.873,3.868,3.876,3.876,3.871,3.870,3.872,3.870,3.873,3.872,3.874,3.876,3.822
2026-08-24 17:04:49,100.6,1.0,3.870,3.874,3.872,3.873,3.872,3.873,3.870,3.872,3.873,3.868,3.874,3.874,3.905,3.873,3.868,3.876,3.876,3.871,3.870,3.872,3.870,3.873,3.872,3.874,3.876,3.822
2026-08-24 17:04:49,100.6,1.0,3.870,3.874,3.872,3.873,3.872,3.873,3.870,3.872,3.873,3.868,3.874,3.874,3.905,3.873,3.868,3.876,3.876,3.871,3.870,3.872,3.870,3.873,3.872,3.874,3.876,3.822
2026-08-24 17:04:49,100.6,1.0,3.870,3.874,3.872,3.873,3.872,3.873,3.870,3.872,3.873,3.868,3.874,3.874,3.905,3.873,3.868,3.876,3.876,3.871,3.870,3.872,3.870,3.873,3.872,3.874,3.876,3.822
2026-08-24 17:04:50,100.6,1.0,3.870,3.874,3.872,3.873,3.872,3.873,3.870,3.872,3.873,3.868,3.874,3.874,3.905,3.873,3.869,3.875,3.876,3.871,3.870,3.872,3.870,3.873,3.872,3.874,3.876,3.823
2026-08-24 17:04:50,100.6,1.0,3.870,3.874,3.872,3.873,3.872,3.873,3.870,3.873,3.873,3.868,3.874,3.874,3.905,3.873,3.869,3.875,3.876,3.871,3.870,3.872,3.870,3.873,3.872,3.874,3.876,3.823
2026-08-24 17:04:50,100.6,1.0,3.870,3.874,3.872,3.873,3.872,3.873,3.870,3.873,3.874,3.868,3.874,3.874,3.905,3.873,3.869,3.875,3.876,3.871,3.870,3.872,3.870,3.873,3.872,3.874,3.876,3.823
2026-08-24 17:04:50,100.6,1.0,3.870,3.874,3.872,3.873,3.872,3.873,3.870,3.873,3.874,3.868,3.874,3.874,3.905,3.873,3.869,3.875,3.876,3.871,3.870,3.872,3.870,3.873,3.872,3.874,3.876,3.823
2026-08-24 17:04:50,100.6,0.9,3.870,3.874,3.872,3.873,3.872,3.873,3.870,3.873,3.874,3.868,3.874,3.874,3.906,3.873,3.869,3.875,3.876,3.871,3.870,3.872,3.870,3.873,3.872,3.874,3.876,3.823
2026-08-24 17:04:50,100.6,0.9,3.870,3.874,3.872,3.873,3.872,3.873,3.870,3.873,3.874,3.868,3.874,3.874,3.906,3.873,3.869,3.875,3.876,3.871,3.870,3.872,3.870,3.873,3.872,3.874,3.876,3.823
2026-08-24 17:04:50,100.6,0.9,3.870,3.874,3.872,3.873,3.872,3.873,3.870,3.873,3.874,3.868,3.874,3.874,3.906,3.873,3.869,3.875,3.876,3.871,3.870,3.872,3.870,3.873,3.872,3.874,3.876,3.823
2026-08-24 17:04:50,100.6,0.9,3.870,3.874,3.872,3.873,3.872,3.873,3.870,3.873,3.874,3.868,3.874,3.874,3.906,3.873,3.869,3.875,3.876,3.871,3.870,3.872,3.870,3.873,3.872,3.874,3.876,3.823
2026-08-24 17:04:50,100.6,0.9,3.871,3.874,3.872,3.874,3.872,3.873,3.870,3.873,3.874,3.868,3.874,3.874,3.906,3.873,3.868,3.876,3.876,3.871,3.870,3.872,3.870,3.874,3.872,3.874,3.876,3.822
2026-08-24 17:04:50,100.6,0.9,3.871,3.874,3.872,3.874,3.872,3.873,3.870,3.872,3.874,3.868,3.874,3.874,3.906,3.873,3.868,3.876,3.876,3.871,3.870,3.872,3.870,3.874,3.872,3.874,3.876,3.822
2026-08-24 17:04:50,100.6,0.9,3.871,3.874,3.872,3.874,3.872,3.873,3.870,3.872,3.874,3.868,3.874,3.874,3.906,3.873,3.868,3.876,3.876,3.871,3.870,3.872,3.870,3.874,3.872,3.874,3.876,3.822
2026-08-24 17:04:50,100.6,0.9,3.871,3.874,3.872,3.874,3.872,3.873,3.870,3.872,3.874,3.868,3.874,3.874,3.906,3.873,3.868,3.876,3.876,3.871,3.870,3.872,3.870,3.874,3.872,3.874,3.876,3.822
2026-08-24 17:04:50,100.6,0.9,3.871,3.874,3.872,3.874,3.872,3.873,3.870,3.872,3.874,3.868,3.874,3.874,3.906,3.873,3.868,3.876,3.876,3.871,3.870,3.872,3.870,3.874,3.872,3.874,3.876,3.822
2026-08-24 17:04:50,100.6,0.9,3.871,3.874,3.872,3.874,3.872,3.873,3.870,3.872,3.874,3.868,3.874,3.874,3.906,3.873,3.868,3.876,3.876,3.871,3.870,3.872,3.870,3.874,3.872,3.874,3.876,3.822
2026-08-24 17:04:50,100.6,0.9,3.871,3.874,3.872,3.874,3.872,3.873,3.870,3.872,3.874,3.868,3.874,3.874,3.906,3.873,3.868,3.876,3.876,3.871,3.870,3.872,3.870,3.874,3.872,3.874,3.876,3.822
2026-08-24 17:04:50,100.6,0.9,3.871,3.874,3.872,3.874,3.872,3.873,3.870,3.872,3.874,3.868,3.874,3.874,3.906,3.873,3.868,3.876,3.876,3.871,3.870,3.872,3.870,3.874,3.872,3.874,3.876,3.822
2026-08-24 17:04:50,100.6,0.9,3.870,3.874,3.872,3.873,3.872,3.873,3.870,3.872,3.874,3.868,3.874,3.874,3.906,3.873,3.868,3.876,3.876,3.871,3.870,3.872,3.870,3.873,3.872,3.874,3.876,3.822
2026-08-24 17:04:50,100.6,0.9,3.870,3.874,3.872,3.873,3.872,3.873,3.871,3.872,3.874,3.868,3.874,3.874,3.906,3.873,3.868,3.876,3.876,3.871,3.870,3.872,3.870,3.873,3.872,3.874,3.876,3.822
2026-08-24 17:04:50,100.6,0.9,3.870,3.874,3.872,3.873,3.872,3.873,3.871,3.872,3.874,3.868,3.874,3.874,3.906,3.873,3.868,3.876,3.876,3.871,3.870,3.872,3.870,3.873,3.872,3.874,3.876,3.822
2026-08-24 17:04:50,100.6,0.9,3.870,3.874,3.872,3.873,3.872,3.873,3.871,3.872,3.874,3.868,3.874,3.874,3.906,3.873,3.868,3.876,3.876,3.871,3.870,3.872,3.870,3.873,3.872,3.874,3.876,3.822
2026-08-24 17:04:50,100.6,0.9,3.870,3.874,3.872,3.873,3.872,3.873,3.871,3.872,3.874,3.868,3.874,3.874,3.906,3.873,3.868,3.876,3.876,3.871,3.870,3.872,3.870,3.873,3.872,3.874,3.876,3.822
2026-08-24 17:04:50,100.6,0.9,3.870,3.874,3.872,3.873,3.872,3.873,3.871,3.872,3.874,3.868,3.874,3.874,3.906,3.873,3.869,3.876,3.876,3.871,3.870,3.872,3.870,3.874,3.872,3.874,3.876,3.822
2026-08-24 17:04:50,100.6,0.9,3.870,3.874,3.872,3.873,3.872,3.873,3.871,3.872,3.874,3.868,3.874,3.874,3.906,3.873,3.869,3.876,3.876,3.871,3.870,3.872,3.870,3.874,3.872,3.874,3.876,3.822
2026-08-24 17:04:50,100.6,0.9,3.870,3.874,3.872,3.873,3.872,3.873,3.871,3.872,3.874,3.868,3.874,3.874,3.906,3.873,3.869,3.876,3.876,3.871,3.870,3.872,3.870,3.874,3.872,3.874,3.876,3.822
2026-08-24 17:04:50,100.6,0.9,3.870,3.874,3.872,3.873,3.872,3.873,3.871,3.872,3.874,3.868,3.874,3.874,3.906,3.873,3.869,3.876,3.876,3.871,3.870,3.872,3.870,3.874,3.872,3.874,3.876,3.822
2026-08-24 17:04:50,100.6,0.9,3.870,3.874,3.873,3.874,3.872,3.873,3.871,3.872,3.874,3.868,3.874,3.874,3.906,3.873,3.869,3.876,3.876,3.871,3.870,3.872,3.870,3.874,3.872,3.874,3.876,3.822
2026-08-24 17:04:50,100.6,0.9,3.870,3.874,3.873,3.874,3.872,3.874,3.870,3.872,3.874,3.868,3.874,3.874,3.906,3.873,3.869,3.876,3.876,3.871,3.870,3.872,3.870,3.874,3.872,3.874,3.876,3.822
2026-08-24 17:04:50,100.6,0.9,3.870,3.874,3.873,3.874,3.872,3.874,3.870,3.872,3.874,3.868,3.874,3.874,3.906,3.873,3.869,3.876,3.876,3.871,3.870,3.872,3.870,3.874,3.872,3.874,3.876,3.822
2026-08-24 17:04:50,100.6,0.9,3.870,3.874,3.873,3.874,3.872,3.874,3.870,3.872,3.874,3.868,3.874,3.874,3.906,3.873,3.869,3.876,3.876,3.871,3.870,3.872,3.870,3.874,3.872,3.874,3.876,3.822
2026-08-24 17:04:51,100.6,0.9,3.870,3.874,3.873,3.874,3.872,3.874,3.870,3.872,3.874,3.868,3.874,3.874,3.906,3.873,3.869,3.876,3.876,3.871,3.870,3.872,3.870,3.874,3.872,3.874,3.876,3.823
2026-08-24 17:04:51,100.6,0.9,3.870,3.874,3.873,3.874,3.872,3.874,3.870,3.872,3.874,3.868,3.874,3.874,3.906,3.873,3.869,3.876,3.876,3.871,3.870,3.872,3.870,3.874,3.872,3.874,3.876,3.823
2026-08-24 17:04:51,100.6,0.9,3.870,3.874,3.873,3.874,3.872,3.874,3.870,3.872,3.874,3.868,3.874,3.874,3.906,3.873,3.869,3.876,3.876,3.871,3.870,3.872,3.870,3.874,3.872,3.874,3.876,3.823
2026-08-24 17:04:51,100.6,0.9,3.870,3.874,3.873,3.874,3.872,3.874,3.870,3.872,3.874,3.868,3.874,3.874,3.906,3.873,3.869,3.876,3.876,3.871,3.870,3.872,3.870,3.874,3.872,3.874,3.876,3.823
2026-08-24 17:04:51,100.6,0.9,3.870,3.874,3.872,3.873,3.872,3.874,3.870,3.872,3.874,3.868,3.874,3.874,3.906,3.873,3.869,3.876,3.876,3.871,3.870,3.872,3.870,3.874,3.872,3.874,3.876,3.823
2026-08-24 17:04:51,100.6,0.9,3.870,3.874,3.872,3.873,3.872,3.873,3.870,3.873,3.874,3.868,3.874,3.874,3.906,3.873,3.869,3.876,3.876,3.871,3.870,3.872,3.870,3.874,3.872,3.874,3.876,3.823
2026-08-24 17:04:51,100.6,0.9,3.870,3.874,3.872,3.873,3.872,3.873,3.870,3.873,3.874,3.868,3.874,3.874,3.906,3.873,3.869,3.876,3.876,3.871,3.870,3.872,3.870,3.874,3.872,3.874,3.876,3.823
2026-08-24 17:04:51,100.6,0.9,3.870,3.874,3.872,3.873,3.872,3.873,3.870,3.873,3.874,3.868,3.874,3.874,3.906,3.873,3.869,3.876,3.876,3.871,3.870,3.872,3.870,3.874,3.872,3.874,3.876,3.823
2026-08-24 17:04:51,100.6,0.9,3.870,3.874,3.872,3.873,3.872,3.873,3.870,3.873,3.874,3.868,3.874,3.874,3.906,3.873,3.869,3.876,3.876,3.871,3.870,3.872,3.870,3.874,3.872,3.874,3.876,3.823
2026-08-24 17:04:51,100.6,0.9,3.870,3.874,3.872,3.873,3.872,3.873,3.870,3.873,3.874,3.868,3.874,3.875,3.905,3.873,3.869,3.876,3.876,3.871,3.870,3.872,3.870,3.874,3.872,3.874,3.876,3.823
2026-08-24 17:04:51,100.6,0.9,3.870,3.874,3.872,3.873,3.872,3.873,3.870,3.873,3.874,3.868,3.874,3.875,3.905,3.873,3.869,3.876,3.876,3.871,3.870,3.872,3.870,3.874,3.872,3.874,3.876,3.823
2026-08-24 17:04:51,100.6,0.9,3.870,3.874,3.872,3.873,3.872,3.873,3.870,3.873,3.874,3.868,3.874,3.875,3.905,3.873,3.869,3.876,3.876,3.871,3.870,3.872,3.870,3.874,3.872,3.874,3.876,3.823
2026-08-24 17:04:51,100.6,0.9,3.870,3.874,3.872,3.873,3.872,3.873,3.870,3.873,3.874,3.868,3.874,3.875,3.905,3.873,3.869,3.876,3.876,3.871,3.870,3.872,3.870,3.874,3.872,3.874,3.876,3.823
2026-08-24 17:04:51,100.6,0.9,3.870,3.874,3.873,3.873,3.872,3.873,3.870,3.873,3.874,3.868,3.874,3.875,3.905,3.873,3.869,3.876,3.876,3.871,3.870,3.872,3.870,3.874,3.872,3.874,3.876,3.823
2026-08-24 17:04:51,100.6,0.9,3.870,3.874,3.873,3.873,3.872,3.874,3.870,3.872,3.874,3.868,3.874,3.875,3.905,3.873,3.869,3.876,3.876,3.871,3.870,3.872,3.870,3.874,3.872,3.874,3.876,3.823
2026-08-24 17:04:51,100.6,0.9,3.870,3.874,3.873,3.873,3.872,3.874,3.870,3.872,3.874,3.868,3.874,3.875,3.905,3.873,3.869,3.876,3.876,3.871,3.870,3.872,3.870,3.874,3.872,3.874,3.876,3.823
2026-08-24 17:04:51,100.6,0.9,3.870,3.874,3.873,3.873,3.872,3.874,3.870,3.872,3.874,3.868,3.874,3.875,3.905,3.873,3.869,3.876,3.876,3.871,3.870,3.872,3.870,3.874,3.872,3.874,3.876,3.823
2026-08-24 17:04:51,100.6,0.9,3.870,3.874,3.873,3.873,3.872,3.874,3.870,3.872,3.874,3.868,3.874,3.874,3.906,3.873,3.869,3.876,3.876,3.872,3.870,3.872,3.870,3.873,3.872,3.874,3.876,3.823
2026-08-24 17:04:51,100.6,0.9,3.870,3.874,3.873,3.873,3.872,3.874,3.870,3.872,3.874,3.868,3.874,3.874,3.906,3.873,3.869,3.876,3.876,3.872,3.870,3.872,3.870,3.873,3.872,3.874,3.876,3.823
2026-08-24 17:04:51,100.6,0.9,3.870,3.874,3.873,3.873,3.872,3.874,3.870,3.872,3.874,3.868,3.874,3.874,3.906,3.873,3.869,3.876,3.876,3.872,3.870,3.872,3.870,3.873,3.872,3.874,3.876,3.823
2026-08-24 17:04:51,100.6,0.9,3.870,3.874,3.873,3.873,3.872,3.874,3.870,3.872,3.874,3.868,3.874,3.874,3.906,3.873,3.869,3.876,3.876,3.872,3.870,3.872,3.870,3.873,3.872,3.874,3.876,3.823
2026-08-24 17:04:51,100.6,0.9,3.870,3.874,3.873,3.873,3.872,3.874,3.870,3.872,3.874,3.868,3.874,3.874,3.906,3.873,3.869,3.876,3.876,3.872,3.870,3.872,3.870,3.873,3.872,3.874,3.876,3.823
2026-08-24 17:04:51,100.6,0.9,3.870,3.874,3.872,3.873,3.872,3.874,3.870,3.872,3.874,3.868,3.874,3.874,3.906,3.873,3.869,3.876,3.876,3.872,3.870,3.872,3.870,3.873,3.872,3.875,3.876,3.823
2026-08-24 17:04:51,100.6,0.9,3.870,3.874,3.872,3.873,3.872,3.874,3.870,3.873,3.874,3.868,3.874,3.874,3.906,3.873,3.869,3.876,3.876,3.872,3.870,3.872,3.870,3.873,3.872,3.875,3.876,3.823
2026-08-24 17:04:51,100.6,0.9,3.870,3.874,3.872,3.873,3.872,3.874,3.870,3.873,3.874,3.868,3.874,3.874,3.906,3.873,3.869,3.876,3.876,3.872,3.870,3.872,3.870,3.873,3.872,3.875,3.876,3.823
2026-08-24 17:04:51,100.6,0.9,3.870,3.874,3.872,3.873,3.872,3.874,3.870,3.873,3.874,3.868,3.874,3.874,3.906,3.873,3.869,3.876,3.876,3.872,3.870,3.872,3.870,3.873,3.872,3.875,3.876,3.823
2026-08-24 17:04:51,100.6,0.9,3.870,3.874,3.872,3.873,3.872,3.874,3.870,3.873,3.874,3.868,3.874,3.875,3.906,3.873,3.869,3.876,3.876,3.872,3.870,3.872,3.870,3.873,3.872,3.875,3.876,3.823
2026-08-24 17:04:51,100.6,0.9,3.870,3.874,3.872,3.873,3.872,3.874,3.870,3.873,3.874,3.868,3.874,3.875,3.906,3.873,3.869,3.876,3.876,3.872,3.870,3.872,3.870,3.874,3.872,3.874,3.876,3.823
2026-08-24 17:04:51,100.6,0.9,3.870,3.874,3.872,3.873,3.872,3.874,3.870,3.873,3.874,3.868,3.874,3.875,3.906,3.873,3.869,3.876,3.876,3.872,3.870,3.872,3.870,3.874,3.872,3.874,3.876,3.823
2026-08-24 17:04:51,100.6,0.9,3.870,3.874,3.872,3.873,3.872,3.874,3.870,3.873,3.874,3.868,3.874,3.875,3.906,3.873,3.869,3.876,3.876,3.872,3.870,3.872,3.870,3.874,3.872,3.874,3.876,3.823
2026-08-24 17:04:52,100.6,0.9,3.870,3.874,3.872,3.873,3.872,3.874,3.870,3.873,3.874,3.868,3.874,3.875,3.906,3.873,3.869,3.876,3.876,3.872,3.870,3.872,3.870,3.874,3.872,3.874,3.876,3.823
2026-08-24 17:04:52,100.6,0.9,3.870,3.874,3.873,3.873,3.872,3.874,3.870,3.873,3.874,3.868,3.874,3.875,3.906,3.873,3.869,3.876,3.876,3.872,3.870,3.872,3.870,3.874,3.872,3.874,3.876,3.823
2026-08-24 17:04:52,100.6,0.9,3.870,3.874,3.873,3.873,3.872,3.874,3.871,3.873,3.874,3.868,3.874,3.875,3.906,3.873,3.869,3.876,3.876,3.872,3.870,3.872,3.870,3.874,3.872,3.874,3.876,3.823
2026-08-24 17:04:52,100.6,0.9,3.870,3.874,3.873,3.873,3.872,3.874,3.871,3.873,3.874,3.868,3.874,3.875,3.906,3.873,3.869,3.876,3.876,3.872,3.870,3.872,3.870,3.874,3.872,3.874,3.876,3.823
2026-08-24 17:04:52,100.6,0.9,3.870,3.874,3.873,3.873,3.872,3.874,3.871,3.873,3.874,3.868,3.874,3.875,3.906,3.873,3.869,3.876,3.876,3.872,3.870,3.872,3.870,3.874,3.872,3.874,3.876,3.823
2026-08-24 17:04:52,100.6,0.9,3.870,3.874,3.873,3.873,3.872,3.874,3.871,3.873,3.874,3.868,3.874,3.875,3.906,3.873,3.869,3.876,3.876,3.872,3.870,3.872,3.870,3.874,3.872,3.874,3.876,3.823
2026-08-24 17:04:52,100.6,0.9,3.870,3.874,3.873,3.873,3.872,3.874,3.871,3.873,3.874,3.868,3.874,3.875,3.906,3.873,3.869,3.876,3.876,3.872,3.870,3.872,3.870,3.874,3.872,3.874,3.876,3.823
2026-08-24 17:04:52,100.6,0.9,3.870,3.874,3.873,3.873,3.872,3.874,3.871,3.873,3.874,3.868,3.874,3.875,3.906,3.873,3.869,3.876,3.876,3.872,3.870,3.872,3.870,3.874,3.872,3.874,3.876,3.823
2026-08-24 17:04:52,100.6,0.9,3.870,3.874,3.873,3.873,3.872,3.874,3.871,3.873,3.874,3.868,3.874,3.875,3.906,3.873,3.869,3.876,3.876,3.872,3.870,3.872,3.870,3.874,3.872,3.874,3.876,3.823
2026-08-24 17:04:52,100.6,0.9,3.870,3.874,3.873,3.873,3.872,3.874,3.871,3.873,3.874,3.868,3.874,3.875,3.906,3.873,3.869,3.876,3.877,3.871,3.870,3.872,3.870,3.874,3.872,3.874,3.876,3.823
2026-08-24 17:04:52,100.6,0.9,3.871,3.874,3.872,3.874,3.872,3.874,3.871,3.873,3.874,3.868,3.874,3.875,3.906,3.873,3.869,3.876,3.877,3.871,3.870,3.872,3.871,3.874,3.873,3.874,3.876,3.823
2026-08-24 17:04:52,100.6,0.9,3.871,3.874,3.872,3.874,3.872,3.874,3.870,3.873,3.874,3.868,3.874,3.875,3.906,3.873,3.869,3.876,3.877,3.871,3.870,3.872,3.871,3.874,3.873,3.874,3.876,3.823
2026-08-24 17:04:52,100.6,0.9,3.871,3.874,3.872,3.874,3.872,3.874,3.870,3.873,3.874,3.868,3.874,3.875,3.906,3.873,3.869,3.876,3.877,3.871,3.870,3.872,3.871,3.874,3.873,3.874,3.876,3.823
2026-08-24 17:04:52,100.6,0.9,3.871,3.874,3.872,3.874,3.872,3.874,3.870,3.873,3.874,3.868,3.874,3.875,3.906,3.873,3.869,3.876,3.877,3.871,3.870,3.872,3.871,3.874,3.873,3.874,3.876,3.823
2026-08-24 17:04:52,100.6,0.9,3.871,3.874,3.872,3.874,3.872,3.874,3.870,3.873,3.874,3.868,3.874,3.875,3.906,3.873,3.870,3.876,3.876,3.872,3.870,3.872,3.870,3.874,3.873,3.875,3.876,3.823
2026-08-24 17:04:52,100.6,0.9,3.871,3.874,3.872,3.874,3.872,3.874,3.870,3.873,3.874,3.868,3.874,3.875,3.906,3.873,3.870,3.876,3.876,3.872,3.870,3.872,3.870,3.874,3.873,3.875,3.876,3.823
2026-08-24 17:04:52,100.6,0.9,3.871,3.874,3.872,3.874,3.872,3.874,3.870,3.873,3.874,3.868,3.874,3.875,3.906,3.873,3.870,3.876,3.876,3.872,3.870,3.872,3.870,3.874,3.873,3.875,3.876,3.823
2026-08-24 17:04:52,100.6,0.9,3.871,3.874,3.872,3.874,3.872,3.874,3.870,3.873,3.874,3.868,3.874,3.875,3.906,3.873,3.870,3.876,3.876,3.872,3.870,3.872,3.870,3.874,3.873,3.875,3.876,3.823
2026-08-24 17:04:52,100.6,0.9,3.870,3.874,3.873,3.874,3.872,3.874,3.870,3.873,3.874,3.868,3.874,3.875,3.906,3.873,3.870,3.876,3.876,3.872,3.870,3.872,3.870,3.874,3.873,3.875,3.876,3.823
2026-08-24 17:04:52,100.6,0.9,3.870,3.874,3.873,3.874,3.873,3.874,3.871,3.873,3.874,3.868,3.874,3.875,3.906,3.873,3.870,3.876,3.876,3.872,3.870,3.872,3.870,3.874,3.873,3.875,3.876,3.823
2026-08-24 17:04:52,100.6,0.9,3.870,3.874,3.873,3.874,3.873,3.874,3.871,3.873,3.874,3.868,3.874,3.875,3.906,3.873,3.870,3.876,3.876,3.872,3.870,3.872,3.870,3.874,3.873,3.875,3.876,3.823
2026-08-24 17:04:52,100.6,0.9,3.870,3.874,3.873,3.874,3.873,3.874,3.871,3.873,3.874,3.868,3.874,3.875,3.906,3.873,3.870,3.876,3.876,3.872,3.870,3.872,3.870,3.874,3.873,3.875,3.876,3.823
2026-08-24 17:04:52,100.6,0.9,3.870,3.874,3.873,3.874,3.873,3.874,3.871,3.873,3.874,3.868,3.874,3.875,3.906,3.873,3.870,3.876,3.876,3.872,3.870,3.872,3.870,3.874,3.873,3.875,3.876,3.823
2026-08-24 17:04:52,100.6,1.0,3.870,3.874,3.873,3.874,3.873,3.874,3.871,3.873,3.874,3.868,3.874,3.875,3.906,3.873,3.869,3.876,3.876,3.872,3.870,3.873,3.871,3.874,3.872,3.875,3.876,3.823
2026-08-24 17:04:52,100.6,1.0,3.870,3.874,3.873,3.874,3.873,3.874,3.871,3.873,3.874,3.868,3.874,3.875,3.906,3.873,3.869,3.876,3.876,3.872,3.870,3.873,3.871,3.874,3.872,3.875,3.876,3.823
2026-08-24 17:04:52,100.6,1.0,3.870,3.874,3.873,3.874,3.873,3.874,3.871,3.873,3.874,3.868,3.874,3.875,3.906,3.873,3.869,3.876,3.876,3.872,3.870,3.873,3.871,3.874,3.872,3.875,3.876,3.823
2026-08-24 17:04:52,100.6,1.0,3.870,3.874,3.873,3.874,3.873,3.874,3.871,3.873,3.874,3.868,3.874,3.875,3.906,3.873,3.869,3.876,3.876,3.872,3.870,3.873,3.871,3.874,3.872,3.875,3.876,3.823
2026-08-24 17:04:53,100.6,1.0,3.871,3.874,3.873,3.873,3.873,3.874,3.871,3.873,3.874,3.868,3.874,3.875,3.907,3.873,3.869,3.876,3.877,3.872,3.870,3.873,3.870,3.874,3.872,3.875,3.876,3.823
2026-08-24 17:04:53,100.6,1.0,3.871,3.874,3.873,3.873,3.872,3.874,3.870,3.873,3.874,3.868,3.874,3.875,3.907,3.873,3.869,3.876,3.877,3.872,3.870,3.873,3.870,3.874,3.872,3.875,3.876,3.823
2026-08-24 17:04:53,100.6,1.0,3.871,3.874,3.873,3.873,3.872,3.874,3.870,3.873,3.874,3.868,3.874,3.875,3.907,3.873,3.869,3.876,3.877,3.872,3.870,3.873,3.870,3.874,3.872,3.875,3.876,3.823
2026-08-24 17:04:53,100.6,1.0,3.871,3.874,3.873,3.873,3.872,3.874,3.870,3.873,3.874,3.868,3.874,3.875,3.907,3.873,3.869,3.876,3.877,3.872,3.870,3.873,3.870,3.874,3.872,3.875,3.876,3.823
2026-08-24 17:04:53,100.6,1.0,3.871,3.874,3.873,3.873,3.872,3.874,3.870,3.873,3.874,3.868,3.874,3.875,3.907,3.873,3.869,3.876,3.877,3.872,3.870,3.873,3.870,3.874,3.872,3.875,3.876,3.823
2026-08-24 17:04:53,100.6,1.0,3.871,3.874,3.873,3.873,3.872,3.874,3.870,3.873,3.874,3.868,3.874,3.875,3.907,3.873,3.869,3.876,3.877,3.872,3.870,3.873,3.870,3.874,3.872,3.875,3.876,3.823
2026-08-24 17:04:53,100.6,1.0,3.871,3.874,3.873,3.873,3.872,3.874,3.870,3.873,3.874,3.868,3.874,3.875,3.907,3.873,3.869,3.876,3.877,3.872,3.870,3.873,3.870,3.874,3.872,3.875,3.876,3.823
2026-08-24 17:04:53,100.6,1.0,3.871,3.874,3.873,3.873,3.872,3.874,3.870,3.873,3.874,3.868,3.874,3.875,3.907,3.873,3.869,3.876,3.877,3.872,3.870,3.873,3.870,3.874,3.872,3.875,3.876,3.823
2026-08-24 17:04:53,100.6,1.0,3.871,3.874,3.874,3.874,3.872,3.874,3.870,3.873,3.874,3.868,3.874,3.875,3.906,3.874,3.869,3.876,3.877,3.872,3.870,3.873,3.870,3.874,3.872,3.875,3.876,3.823
2026-08-24 17:04:53,100.6,1.0,3.871,3.874,3.874,3.874,3.872,3.874,3.870,3.873,3.874,3.868,3.874,3.875,3.906,3.874,3.869,3.876,3.877,3.872,3.870,3.873,3.871,3.874,3.872,3.875,3.876,3.823
2026-08-24 17:04:53,100.6,1.0,3.871,3.874,3.874,3.874,3.873,3.874,3.871,3.873,3.874,3.868,3.874,3.875,3.906,3.874,3.869,3.876,3.877,3.872,3.870,3.873,3.871,3.874,3.872,3.875,3.876,3.823
2026-08-24 17:04:53,100.6,1.0,3.871,3.874,3.874,3.874,3.873,3.874,3.871,3.873,3.874,3.868,3.874,3.875,3.906,3.874,3.869,3.876,3.877,3.872,3.870,3.873,3.871,3.874,3.872,3.875,3.876,3.823
2026-08-24 17:04:53,100.6,1.0,3.871,3.874,3.874,3.874,3.873,3.874,3.871,3.873,3.874,3.868,3.874,3.875,3.906,3.874,3.869,3.876,3.877,3.872,3.870,3.873,3.871,3.874,3.872,3.875,3.876,3.823
2026-08-24 17:04:53,100.6,1.0,3.871,3.874,3.874,3.874,3.873,3.874,3.871,3.873,3.874,3.868,3.874,3.875,3.907,3.873,3.869,3.876,3.877,3.872,3.870,3.873,3.871,3.874,3.872,3.875,3.876,3.823
2026-08-24 17:04:53,100.6,1.0,3.871,3.874,3.874,3.874,3.873,3.874,3.871,3.873,3.874,3.868,3.874,3.875,3.907,3.873,3.869,3.876,3.877,3.872,3.870,3.873,3.871,3.874,3.872,3.875,3.876,3.823
2026-08-24 17:04:53,100.6,0.9,3.870,3.874,3.874,3.874,3.873,3.874,3.871,3.873,3.874,3.868,3.874,3.875,3.907,3.873,3.870,3.876,3.877,3.872,3.870,3.873,3.871,3.874,3.873,3.875,3.876,3.823
2026-08-24 17:04:53,100.6,0.9,3.870,3.874,3.874,3.874,3.873,3.874,3.871,3.874,3.874,3.868,3.874,3.875,3.907,3.873,3.870,3.876,3.877,3.872,3.870,3.873,3.871,3.874,3.873,3.875,3.876,3.823
2026-08-24 17:04:53,100.6,0.9,3.870,3.874,3.874,3.874,3.873,3.874,3.871,3.874,3.874,3.868,3.874,3.875,3.907,3.873,3.870,3.876,3.877,3.872,3.870,3.873,3.871,3.874,3.873,3.875,3.876,3.823
2026-08-24 17:04:53,100.6,0.9,3.870,3.874,3.874,3.874,3.873,3.874,3.871,3.874,3.874,3.868,3.874,3.875,3.907,3.873,3.870,3.876,3.877,3.872,3.870,3.873,3.871,3.874,3.873,3.875,3.876,3.823
2026-08-24 17:04:53,100.6,0.9,3.870,3.874,3.874,3.874,3.873,3.874,3.871,3.874,3.874,3.868,3.874,3.875,3.907,3.873,3.870,3.876,3.877,3.872,3.870,3.873,3.871,3.874,3.873,3.875,3.876,3.823
2026-08-24 17:04:53,100.6,0.9,3.870,3.874,3.874,3.874,3.873,3.874,3.871,3.874,3.874,3.868,3.874,3.875,3.907,3.873,3.870,3.876,3.877,3.872,3.870,3.873,3.871,3.874,3.873,3.875,3.876,3.823
2026-08-24 17:04:53,100.6,0.9,3.870,3.874,3.874,3.874,3.873,3.874,3.871,3.874,3.874,3.868,3.874,3.875,3.907,3.873,3.870,3.876,3.877,3.872,3.870,3.873,3.871,3.874,3.873,3.875,3.876,3.823
2026-08-24 17:04:53,100.6,0.9,3.870,3.874,3.874,3.874,3.873,3.874,3.871,3.874,3.874,3.868,3.874,3.875,3.907,3.873,3.870,3.876,3.877,3.872,3.870,3.873,3.871,3.874,3.873,3.875,3.876,3.823
2026-08-24 17:04:53,100.6,0.9,3.871,3.874,3.873,3.874,3.873,3.874,3.871,3.874,3.874,3.868,3.874,3.875,3.907,3.874,3.870,3.876,3.877,3.872,3.870,3.873,3.871,3.874,3.873,3.875,3.876,3.823
2026-08-24 17:04:53,100.6,0.9,3.871,3.874,3.873,3.874,3.873,3.874,3.871,3.874,3.874,3.868,3.874,3.875,3.907,3.874,3.870,3.876,3.877,3.872,3.870,3.873,3.871,3.874,3.873,3.875,3.876,3.823
2026-08-24 17:04:53,100.6,0.9,3.871,3.874,3.873,3.874,3.873,3.874,3.871,3.874,3.874,3.868,3.874,3.875,3.907,3.874,3.870,3.876,3.877,3.872,3.870,3.873,3.871,3.874,3.873,3.875,3.876,3.823
2026-08-24 17:04:53,100.6,1.0,3.871,3.874,3.873,3.874,3.873,3.874,3.871,3.874,3.874,3.868,3.874,3.875,3.907,3.874,3.870,3.876,3.877,3.872,3.870,3.873,3.871,3.874,3.873,3.875,3.876,3.823
2026-08-24 17:04:53,100.6,1.0,3.871,3.874,3.873,3.874,3.873,3.874,3.871,3.874,3.874,3.868,3.874,3.875,3.907,3.874,3.869,3.876,3.877,3.872,3.870,3.874,3.871,3.874,3.873,3.875,3.876,3.823
2026-08-24 17:04:53,100.6,1.0,3.871,3.874,3.873,3.874,3.873,3.874,3.871,3.874,3.874,3.868,3.874,3.875,3.907,3.874,3.869,3.876,3.877,3.872,3.870,3.874,3.871,3.874,3.873,3.875,3.876,3.823
2026-08-24 17:04:53,100.6,1.0,3.871,3.874,3.873,3.874,3.873,3.874,3.871,3.874,3.874,3.868,3.874,3.875,3.907,3.874,3.869,3.876,3.877,3.872,3.870,3.874,3.871,3.874,3.873,3.875,3.876,3.823
2026-08-24 17:04:53,100.6,1.0,3.871,3.874,3.873,3.874,3.873,3.874,3.871,3.874,3.874,3.868,3.874,3.875,3.907,3.874,3.869,3.876,3.877,3.872,3.870,3.874,3.871,3.874,3.873,3.875,3.876,3.823
2026-08-24 17:04:54,100.6,1.0,3.871,3.874,3.873,3.874,3.873,3.874,3.871,3.874,3.874,3.868,3.874,3.875,3.907,3.874,3.870,3.876,3.876,3.872,3.870,3.874,3.871,3.874,3.873,3.875,3.876,3.823
2026-08-24 17:04:54,100.6,1.0,3.871,3.874,3.873,3.874,3.873,3.874,3.871,3.874,3.874,3.868,3.874,3.875,3.907,3.874,3.870,3.876,3.876,3.872,3.870,3.874,3.871,3.874,3.873,3.875,3.876,3.823
2026-08-24 17:04:54,100.6,1.0,3.871,3.874,3.873,3.874,3.873,3.874,3.871,3.874,3.874,3.868,3.874,3.875,3.907,3.874,3.870,3.876,3.876,3.872,3.870,3.874,3.871,3.874,3.873,3.875,3.876,3.823
2026-08-24 17:04:54,100.6,1.0,3.871,3.874,3.873,3.874,3.873,3.874,3.871,3.874,3.874,3.868,3.874,3.875,3.907,3.874,3.870,3.876,3.876,3.872,3.870,3.874,3.871,3.874,3.873,3.875,3.876,3.823
2026-08-24 17:04:54,100.6,1.0,3.871,3.874,3.873,3.874,3.873,3.874,3.871,3.874,3.874,3.869,3.874,3.875,3.907,3.874,3.870,3.876,3.876,3.872,3.870,3.873,3.872,3.874,3.873,3.875,3.876,3.823
2026-08-24 17:04:54,100.6,1.0,3.871,3.874,3.873,3.874,3.873,3.874,3.871,3.874,3.874,3.869,3.874,3.875,3.907,3.874,3.870,3.876,3.876,3.872,3.870,3.873,3.872,3.874,3.873,3.875,3.876,3.823
2026-08-24 17:04:54,100.6,1.0,3.871,3.874,3.874,3.873,3.873,3.874,3.871,3.874,3.874,3.869,3.874,3.875,3.907,3.874,3.870,3.876,3.876,3.872,3.870,3.873,3.872,3.874,3.873,3.875,3.876,3.823
2026-08-24 17:04:54,100.6,1.0,3.871,3.874,3.874,3.873,3.873,3.874,3.871,3.873,3.874,3.869,3.874,3.875,3.907,3.874,3.870,3.876,3.876,3.872,3.870,3.873,3.872,3.874,3.873,3.875,3.876,3.823
2026-08-24 17:04:54,100.6,1.0,3.871,3.874,3.874,3.873,3.873,3.874,3.871,3.873,3.874,3.869,3.874,3.875,3.907,3.874,3.870,3.876,3.876,3.872,3.870,3.873,3.872,3.874,3.873,3.875,3.876,3.823
2026-08-24 17:04:54,100.6,1.0,3.871,3.874,3.874,3.873,3.873,3.874,3.871,3.873,3.874,3.869,3.874,3.875,3.907,3.874,3.870,3.876,3.876,3.872,3.870,3.873,3.872,3.874,3.873,3.875,3.876,3.823
2026-08-24 17:04:54,100.6,1.0,3.871,3.874,3.874,3.873,3.873,3.874,3.871,3.873,3.874,3.869,3.874,3.875,3.907,3.874,3.870,3.876,3.876,3.872,3.870,3.873,3.872,3.874,3.873,3.875,3.876,3.823
2026-08-24 17:04:54,100.6,1.0,3.871,3.874,3.874,3.873,3.873,3.874,3.871,3.873,3.874,3.869,3.874,3.875,3.907,3.874,3.870,3.876,3.876,3.872,3.870,3.873,3.872,3.874,3.873,3.875,3.876,3.823
2026-08-24 17:04:54,100.6,1.0,3.871,3.874,3.874,3.873,3.873,3.874,3.871,3.873,3.874,3.869,3.874,3.875,3.907,3.874,3.870,3.876,3.876,3.872,3.870,3.873,3.872,3.874,3.873,3.875,3.876,3.823
2026-08-24 17:04:54,100.6,1.0,3.871,3.874,3.874,3.873,3.873,3.874,3.871,3.873,3.874,3.869,3.874,3.875,3.907,3.874,3.870,3.876,3.876,3.872,3.870,3.873,3.872,3.874,3.873,3.875,3.876,3.823
2026-08-24 17:04:54,100.6,0.9,3.871,3.874,3.874,3.873,3.873,3.874,3.871,3.873,3.874,3.869,3.874,3.875,3.907,3.874,3.869,3.876,3.877,3.872,3.870,3.873,3.872,3.874,3.873,3.875,3.876,3.823
2026-08-24 17:04:54,100.6,0.9,3.871,3.874,3.874,3.873,3.873,3.874,3.871,3.873,3.874,3.869,3.874,3.875,3.907,3.874,3.869,3.876,3.877,3.872,3.870,3.873,3.872,3.874,3.873,3.875,3.876,3.823
2026-08-24 17:04:54,100.6,0.9,3.871,3.874,3.874,3.873,3.873,3.874,3.871,3.873,3.874,3.869,3.874,3.875,3.907,3.874,3.869,3.876,3.877,3.872,3.870,3.873,3.872,3.874,3.873,3.875,3.876,3.823
2026-08-24 17:04:54,100.6,0.9,3.871,3.874,3.874,3.874,3.873,3.874,3.871,3.873,3.874,3.869,3.874,3.875,3.907,3.874,3.869,3.876,3.877,3.872,3.870,3.873,3.872,3.874,3.873,3.875,3.876,3.823
2026-08-24 17:04:54,100.6,0.9,3.871,3.874,3.874,3.874,3.873,3.874,3.871,3.873,3.874,3.869,3.874,3.875,3.907,3.874,3.869,3.876,3.877,3.872,3.870,3.873,3.872,3.874,3.873,3.875,3.876,3.823
2026-08-24 17:04:54,100.6,0.9,3.871,3.874,3.874,3.874,3.873,3.874,3.871,3.873,3.874,3.869,3.874,3.875,3.907,3.874,3.869,3.876,3.877,3.872,3.870,3.873,3.872,3.874,3.873,3.875,3.876,3.823
2026-08-24 17:04:54,100.6,0.9,3.871,3.874,3.874,3.874,3.873,3.874,3.871,3.873,3.874,3.869,3.874,3.875,3.907,3.874,3.869,3.876,3.877,3.872,3.870,3.873,3.872,3.874,3.873,3.875,3.876,3.823
2026-08-24 17:04:54,100.6,0.9,3.871,3.874,3.873,3.874,3.873,3.874,3.871,3.873,3.874,3.869,3.874,3.875,3.907,3.874,3.870,3.876,3.877,3.872,3.870,3.873,3.871,3.874,3.873,3.875,3.876,3.824
2026-08-24 17:04:54,100.6,0.9,3.871,3.874,3.873,3.874,3.873,3.874,3.871,3.873,3.874,3.869,3.874,3.875,3.907,3.874,3.870,3.876,3.877,3.872,3.870,3.873,3.871,3.874,3.873,3.875,3.876,3.824
2026-08-24 17:04:54,100.6,0.9,3.871,3.874,3.873,3.874,3.873,3.874,3.871,3.873,3.874,3.869,3.874,3.875,3.907,3.874,3.870,3.876,3.877,3.872,3.870,3.873,3.871,3.874,3.873,3.875,3.876,3.824
2026-08-24 17:04:54,100.6,0.9,3.871,3.874,3.873,3.874,3.873,3.874,3.871,3.873,3.874,3.869,3.874,3.875,3.907,3.874,3.870,3.876,3.877,3.872,3.870,3.873,3.871,3.874,3.873,3.875,3.876,3.824
2026-08-24 17:04:54,100.6,0.9,3.871,3.874,3.873,3.874,3.873,3.874,3.871,3.873,3.874,3.869,3.874,3.875,3.907,3.873,3.870,3.876,3.877,3.872,3.870,3.873,3.871,3.874,3.873,3.875,3.876,3.824
2026-08-24 17:04:54,100.6,0.9,3.871,3.874,3.873,3.874,3.873,3.874,3.871,3.873,3.874,3.869,3.874,3.875,3.907,3.873,3.870,3.876,3.877,3.872,3.870,3.873,3.871,3.874,3.873,3.875,3.876,3.824
2026-08-24 17:04:54,100.6,0.9,3.871,3.874,3.873,3.874,3.873,3.874,3.871,3.873,3.874,3.869,3.874,3.875,3.907,3.873,3.870,3.876,3.877,3.872,3.870,3.873,3.871,3.874,3.873,3.875,3.876,3.824
2026-08-24 17:04:54,100.6,0.9,3.871,3.874,3.873,3.874,3.873,3.874,3.871,3.873,3.874,3.869,3.874,3.875,3.907,3.873,3.870,3.876,3.877,3.872,3.870,3.873,3.871,3.874,3.873,3.875,3.876,3.824
2026-08-24 17:04:54,100.6,0.7,3.872,3.874,3.874,3.874,3.873,3.874,3.871,3.873,3.874,3.869,3.874,3.875,3.907,3.873,3.869,3.876,3.877,3.872,3.870,3.873,3.871,3.874,3.873,3.875,3.876,3.824
2026-08-24 17:04:55,100.6,0.7,3.872,3.874,3.874,3.874,3.874,3.874,3.871,3.874,3.874,3.869,3.874,3.875,3.907,3.874,3.869,3.876,3.877,3.872,3.870,3.873,3.871,3.875,3.873,3.876,3.876,3.824
2026-08-24 17:04:55,100.6,0.7,3.872,3.874,3.874,3.874,3.874,3.874,3.871,3.874,3.874,3.869,3.874,3.875,3.907,3.874,3.870,3.876,3.877,3.872,3.870,3.873,3.872,3.874,3.873,3.876,3.876,3.824
2026-08-24 17:04:55,100.6,0.7,3.872,3.874,3.874,3.874,3.874,3.874,3.871,3.874,3.874,3.869,3.874,3.875,3.907,3.874,3.870,3.876,3.877,3.872,3.870,3.873,3.872,3.874,3.873,3.876,3.876,3.824
2026-08-24 17:04:55,100.6,0.7,3.872,3.874,3.874,3.874,3.874,3.874,3.871,3.874,3.874,3.869,3.874,3.875,3.907,3.874,3.870,3.876,3.877,3.872,3.870,3.873,3.872,3.874,3.873,3.876,3.876,3.824
2026-08-24 17:04:55,100.6,0.7,3.872,3.874,3.874,3.874,3.874,3.874,3.871,3.874,3.874,3.869,3.874,3.875,3.907,3.874,3.870,3.876,3.877,3.872,3.870,3.873,3.872,3.874,3.873,3.876,3.876,3.824
2026-08-24 17:04:55,100.6,0.7,3.872,3.875,3.873,3.874,3.874,3.874,3.871,3.874,3.874,3.869,3.874,3.875,3.907,3.874,3.870,3.876,3.877,3.872,3.870,3.873,3.872,3.874,3.873,3.876,3.876,3.824
2026-08-24 17:04:55,100.6,0.7,3.872,3.875,3.873,3.874,3.874,3.874,3.871,3.874,3.874,3.869,3.874,3.875,3.907,3.874,3.870,3.876,3.877,3.872,3.870,3.873,3.872,3.874,3.873,3.876,3.876,3.824
2026-08-24 17:04:55,100.6,0.7,3.872,3.875,3.873,3.874,3.874,3.874,3.871,3.874,3.874,3.869,3.874,3.875,3.907,3.874,3.870,3.876,3.877,3.872,3.870,3.873,3.872,3.874,3.873,3.876,3.876,3.824
2026-08-24 17:04:55,100.6,0.7,3.872,3.875,3.873,3.874,3.874,3.874,3.871,3.874,3.874,3.869,3.874,3.875,3.907,3.874,3.870,3.876,3.877,3.872,3.870,3.873,3.872,3.874,3.873,3.876,3.876,3.824
2026-08-24 17:04:55,100.6,0.7,3.872,3.875,3.873,3.874,3.874,3.874,3.871,3.874,3.874,3.869,3.874,3.875,3.907,3.875,3.870,3.876,3.877,3.872,3.870,3.873,3.872,3.874,3.873,3.876,3.876,3.824
2026-08-24 17:04:55,100.6,0.7,3.872,3.875,3.873,3.874,3.874,3.874,3.871,3.874,3.874,3.869,3.874,3.875,3.907,3.875,3.870,3.876,3.878,3.873,3.870,3.874,3.871,3.875,3.873,3.876,3.876,3.824
2026-08-24 17:04:55,100.6,0.7,3.872,3.875,3.873,3.874,3.874,3.874,3.871,3.874,3.874,3.869,3.874,3.875,3.907,3.875,3.870,3.876,3.878,3.873,3.870,3.874,3.871,3.875,3.873,3.876,3.876,3.824
2026-08-24 17:04:55,100.6,0.7,3.872,3.875,3.873,3.874,3.874,3.874,3.871,3.874,3.874,3.869,3.874,3.875,3.907,3.875,3.870,3.876,3.878,3.873,3.870,3.874,3.871,3.875,3.873,3.876,3.876,3.824
2026-08-24 17:04:55,100.6,0.7,3.872,3.875,3.873,3.874,3.874,3.874,3.871,3.874,3.874,3.869,3.874,3.875,3.907,3.875,3.870,3.876,3.878,3.873,3.870,3.874,3.871,3.875,3.873,3.876,3.876,3.824
2026-08-24 17:04:55,100.6,0.7,3.871,3.875,3.873,3.874,3.874,3.874,3.871,3.874,3.874,3.869,3.874,3.875,3.907,3.875,3.870,3.876,3.878,3.873,3.870,3.874,3.871,3.875,3.873,3.876,3.876,3.824
2026-08-24 17:04:55,100.6,0.7,3.871,3.875,3.873,3.874,3.873,3.874,3.871,3.874,3.874,3.869,3.874,3.875,3.907,3.875,3.870,3.876,3.878,3.873,3.870,3.874,3.871,3.875,3.873,3.876,3.876,3.824
2026-08-24 17:04:55,100.6,0.7,3.871,3.875,3.873,3.874,3.873,3.874,3.871,3.874,3.874,3.869,3.874,3.875,3.907,3.875,3.870,3.876,3.878,3.873,3.870,3.874,3.871,3.875,3.873,3.876,3.876,3.824
2026-08-24 17:04:55,100.6,0.7,3.871,3.875,3.873,3.874,3.873,3.874,3.871,3.874,3.874,3.869,3.874,3.875,3.907,3.875,3.870,3.876,3.878,3.873,3.870,3.874,3.871,3.875,3.873,3.876,3.876,3.824
2026-08-24 17:04:55,100.6,0.7,3.871,3.875,3.873,3.874,3.873,3.874,3.871,3.874,3.874,3.869,3.874,3.876,3.907,3.873,3.869,3.876,3.877,3.872,3.870,3.872,3.871,3.874,3.872,3.875,3.875,3.822
2026-08-24 17:04:55,100.6,0.7,3.871,3.875,3.873,3.874,3.873,3.874,3.871,3.874,3.874,3.869,3.874,3.876,3.907,3.873,3.869,3.876,3.877,3.872,3.870,3.872,3.871,3.874,3.872,3.875,3.875,3.822
2026-08-24 17:04:55,100.6,0.7,3.871,3.875,3.873,3.874,3.873,3.874,3.871,3.874,3.874,3.869,3.874,3.876,3.907,3.873,3.869,3.876,3.877,3.872,3.870,3.872,3.871,3.874,3.872,3.875,3.875,3.822
2026-08-24 17:04:55,100.6,0.7,3.871,3.875,3.873,3.874,3.873,3.874,3.871,3.874,3.874,3.869,3.874,3.876,3.907,3.873,3.869,3.876,3.877,3.872,3.870,3.872,3.871,3.874,3.872,3.875,3.875,3.822
2026-08-24 17:04:55,100.6,0.7,3.867,3.873,3.870,3.870,3.873,3.874,3.871,3.874,3.874,3.869,3.874,3.876,3.907,3.873,3.869,3.876,3.877,3.872,3.870,3.872,3.871,3.874,3.872,3.875,3.875,3.822
2026-08-24 17:04:55,100.6,4.9,3.867,3.873,3.870,3.870,3.870,3.870,3.868,3.870,3.874,3.869,3.874,3.876,3.907,3.873,3.869,3.876,3.877,3.872,3.870,3.872,3.871,3.874,3.872,3.875,3.875,3.822
2026-08-24 17:04:55,100.6,4.9,3.867,3.873,3.870,3.870,3.870,3.870,3.868,3.870,3.871,3.868,3.874,3.876,3.907,3.873,3.869,3.876,3.877,3.872,3.870,3.872,3.871,3.874,3.872,3.875,3.875,3.822
2026-08-24 17:04:55,100.6,4.9,3.867,3.873,3.870,3.870,3.870,3.870,3.868,3.870,3.871,3.868,3.874,3.876,3.907,3.873,3.869,3.876,3.877,3.872,3.870,3.872,3.871,3.874,3.872,3.875,3.875,3.822
2026-08-24 17:04:55,100.6,4.9,3.867,3.873,3.870,3.870,3.870,3.870,3.868,3.870,3.871,3.868,3.872,3.871,3.904,3.871,3.869,3.876,3.877,3.872,3.870,3.872,3.871,3.874,3.872,3.875,3.875,3.822
2026-08-24 17:04:56,100.6,4.9,3.867,3.873,3.870,3.870,3.870,3.870,3.868,3.870,3.871,3.868,3.872,3.871,3.904,3.871,3.868,3.873,3.875,3.870,3.869,3.870,3.870,3.871,3.870,3.870,3.874,3.818
2026-08-24 17:04:56,100.6,4.9,3.867,3.873,3.870,3.870,3.870,3.870,3.868,3.870,3.871,3.868,3.872,3.871,3.904,3.871,3.868,3.873,3.875,3.870,3.869,3.870,3.870,3.871,3.870,3.870,3.874,3.818
2026-08-24 17:04:56,100.6,4.9,3.867,3.873,3.870,3.870,3.870,3.870,3.868,3.870,3.871,3.868,3.872,3.871,3.904,3.871,3.868,3.873,3.875,3.870,3.869,3.870,3.870,3.871,3.870,3.870,3.874,3.818
2026-08-24 17:04:56,100.6,4.9,3.867,3.873,3.870,3.870,3.870,3.870,3.868,3.870,3.871,3.868,3.872,3.871,3.904,3.871,3.868,3.873,3.875,3.870,3.869,3.870,3.870,3.871,3.870,3.870,3.874,3.818
2026-08-24 17:04:56,100.6,5.3,3.866,3.872,3.869,3.870,3.870,3.870,3.868,3.870,3.871,3.868,3.872,3.871,3.904,3.871,3.867,3.873,3.875,3.869,3.869,3.870,3.870,3.871,3.870,3.870,3.874,3.818
2026-08-24 17:04:56,100.6,5.3,3.866,3.872,3.869,3.870,3.869,3.870,3.868,3.869,3.871,3.868,3.872,3.871,3.904,3.871,3.867,3.873,3.875,3.869,3.869,3.870,3.870,3.871,3.870,3.870,3.874,3.818
2026-08-24 17:04:56,100.6,5.3,3.866,3.872,3.869,3.870,3.869,3.870,3.868,3.869,3.871,3.866,3.872,3.871,3.904,3.871,3.867,3.873,3.875,3.869,3.869,3.870,3.870,3.871,3.870,3.870,3.874,3.818
2026-08-24 17:04:56,100.6,5.3,3.866,3.872,3.869,3.870,3.869,3.870,3.868,3.869,3.871,3.866,3.872,3.871,3.904,3.871,3.867,3.873,3.875,3.869,3.869,3.870,3.870,3.871,3.870,3.870,3.874,3.818
2026-08-24 17:04:56,100.6,5.3,3.866,3.872,3.869,3.870,3.869,3.870,3.868,3.869,3.871,3.866,3.872,3.871,3.903,3.870,3.867,3.873,3.875,3.869,3.868,3.870,3.868,3.870,3.870,3.870,3.872,3.817
2026-08-24 17:04:56,100.6,5.3,3.866,3.872,3.869,3.870,3.869,3.870,3.868,3.869,3.871,3.866,3.872,3.871,3.903,3.870,3.867,3.873,3.875,3.869,3.868,3.870,3.868,3.870,3.870,3.870,3.872,3.817
2026-08-24 17:04:56,100.6,5.3,3.866,3.872,3.869,3.870,3.869,3.870,3.868,3.869,3.871,3.866,3.872,3.871,3.903,3.870,3.867,3.873,3.875,3.869,3.868,3.870,3.868,3.870,3.870,3.870,3.872,3.817
2026-08-24 17:04:56,100.6,5.3,3.866,3.872,3.869,3.870,3.869,3.870,3.868,3.869,3.871,3.866,3.872,3.871,3.903,3.870,3.867,3.873,3.875,3.869,3.868,3.870,3.868,3.870,3.870,3.870,3.872,3.817
2026-08-24 17:04:56,100.5,5.3,3.866,3.872,3.869,3.870,3.869,3.870,3.868,3.869,3.871,3.866,3.872,3.871,3.903,3.870,3.867,3.873,3.875,3.869,3.868,3.870,3.868,3.870,3.870,3.870,3.872,3.817
2026-08-24 17:04:56,100.5,5.3,3.866,3.872,3.869,3.870,3.869,3.870,3.868,3.869,3.871,3.866,3.872,3.871,3.903,3.870,3.867,3.873,3.875,3.869,3.868,3.870,3.868,3.870,3.870,3.870,3.872,3.817
2026-08-24 17:04:56,100.5,5.3,3.866,3.872,3.869,3.870,3.869,3.870,3.868,3.869,3.871,3.866,3.872,3.871,3.903,3.870,3.867,3.873,3.875,3.869,3.868,3.870,3.868,3.870,3.870,3.870,3.872,3.817
2026-08-24 17:04:56,100.5,5.3,3.866,3.872,3.869,3.870,3.869,3.870,3.868,3.869,3.871,3.866,3.872,3.871,3.903,3.870,3.867,3.873,3.875,3.869,3.868,3.870,3.868,3.870,3.870,3.870,3.872,3.817
2026-08-24 17:04:56,100.5,5.3,3.866,3.872,3.869,3.870,3.869,3.870,3.868,3.869,3.869,3.865,3.872,3.871,3.903,3.870,3.867,3.873,3.875,3.869,3.868,3.870,3.868,3.870,3.870,3.870,3.872,3.817
2026-08-24 17:04:56,100.5,5.3,3.866,3.872,3.869,3.870,3.869,3.870,3.868,3.869,3.869,3.865,3.872,3.871,3.903,3.870,3.867,3.873,3.875,3.869,3.868,3.870,3.868,3.870,3.870,3.870,3.872,3.817
2026-08-24 17:04:56,100.5,5.3,3.866,3.871,3.868,3.869,3.869,3.870,3.868,3.869,3.869,3.865,3.871,3.870,3.901,3.869,3.866,3.871,3.873,3.868,3.867,3.870,3.868,3.870,3.869,3.870,3.871,3.816
2026-08-24 17:04:56,100.5,5.3,3.866,3.871,3.868,3.869,3.868,3.869,3.867,3.868,3.869,3.865,3.871,3.870,3.901,3.869,3.866,3.871,3.873,3.868,3.867,3.870,3.868,3.870,3.869,3.870,3.871,3.816
2026-08-24 17:04:56,100.5,5.3,3.866,3.871,3.868,3.869,3.868,3.869,3.867,3.868,3.869,3.865,3.871,3.870,3.901,3.869,3.866,3.871,3.873,3.868,3.867,3.870,3.868,3.870,3.869,3.870,3.871,3.816
2026-08-24 17:04:56,100.5,5.3,3.866,3.871,3.868,3.869,3.868,3.869,3.867,3.868,3.869,3.865,3.871,3.870,3.901,3.869,3.866,3.871,3.873,3.868,3.867,3.870,3.868,3.870,3.869,3.870,3.871,3.816
2026-08-24 17:04:56,100.5,5.3,3.866,3.871,3.868,3.869,3.868,3.869,3.867,3.868,3.869,3.865,3.871,3.870,3.901,3.869,3.866,3.871,3.873,3.868,3.867,3.870,3.868,3.870,3.869,3.870,3.871,3.816
2026-08-24 17:04:56,100.5,5.3,3.866,3.871,3.868,3.869,3.868,3.869,3.867,3.868,3.869,3.865,3.871,3.870,3.901,3.869,3.866,3.871,3.873,3.868,3.867,3.870,3.868,3.870,3.869,3.870,3.871,3.816
2026-08-24 17:04:56,100.5,5.3,3.866,3.871,3.868,3.869,3.868,3.869,3.867,3.868,3.869,3.865,3.871,3.870,3.901,3.869,3.866,3.871,3.873,3.868,3.867,3.870,3.868,3.870,3.869,3.870,3.871,3.816
2026-08-24 17:04:56,100.5,6.6,3.866,3.871,3.868,3.869,3.868,3.869,3.867,3.868,3.869,3.865,3.871,3.870,3.901,3.869,3.866,3.871,3.873,3.868,3.867,3.870,3.868,3.870,3.869,3.870,3.871,3.816
2026-08-24 17:04:56,100.5,6.6,3.866,3.871,3.868,3.869,3.868,3.869,3.867,3.868,3.869,3.865,3.871,3.870,3.901,3.869,3.866,3.871,3.873,3.868,3.867,3.870,3.868,3.870,3.869,3.870,3.871,3.816
2026-08-24 17:04:56,100.5,6.6,3.866,3.871,3.868,3.869,3.868,3.869,3.867,3.868,3.869,3.865,3.871,3.870,3.901,3.869,3.866,3.871,3.873,3.868,3.867,3.870,3.868,3.870,3.869,3.870,3.871,3.816
2026-08-24 17:04:56,100.5,6.6,3.866,3.871,3.868,3.869,3.868,3.869,3.867,3.868,3.869,3.865,3.871,3.870,3.901,3.869,3.866,3.871,3.873,3.868,3.867,3.870,3.868,3.870,3.869,3.870,3.871,3.816
2026-08-24 17:04:56,100.5,6.6,3.866,3.871,3.868,3.869,3.868,3.869,3.867,3.868,3.869,3.865,3.871,3.870,3.901,3.869,3.866,3.871,3.873,3.868,3.867,3.870,3.868,3.870,3.869,3.870,3.871,3.816
2026-08-24 17:04:56,100.5,6.6,3.866,3.871,3.868,3.869,3.868,3.869,3.867,3.868,3.869,3.865,3.871,3.871,3.901,3.869,3.866,3.871,3.873,3.867,3.867,3.870,3.868,3.870,3.869,3.870,3.871,3.816
2026-08-24 17:04:56,100.5,6.6,3.866,3.871,3.868,3.869,3.868,3.869,3.867,3.868,3.869,3.865,3.871,3.871,3.901,3.869,3.866,3.871,3.873,3.867,3.867,3.870,3.868,3.870,3.869,3.870,3.871,3.816
2026-08-24 17:04:56,100.5,6.6,3.866,3.871,3.868,3.869,3.868,3.869,3.867,3.868,3.869,3.865,3.871,3.871,3.901,3.869,3.866,3.871,3.873,3.867,3.867,3.870,3.868,3.870,3.869,3.870,3.871,3.816
2026-08-24 17:04:56,100.5,6.6,3.866,3.871,3.868,3.869,3.868,3.869,3.867,3.868,3.869,3.865,3.871,3.871,3.901,3.869,3.866,3.871,3.873,3.867,3.867,3.870,3.868,3.870,3.869,3.870,3.871,3.816
2026-08-24 17:04:56,100.5,6.6,3.866,3.871,3.868,3.868,3.868,3.869,3.867,3.868,3.869,3.865,3.871,3.871,3.901,3.869,3.865,3.870,3.873,3.867,3.866,3.869,3.867,3.870,3.868,3.869,3.871,3.815
2026-08-24 17:04:56,100.5,6.6,3.866,3.871,3.868,3.868,3.868,3.868,3.867,3.868,3.869,3.865,3.871,3.871,3.901,3.869,3.865,3.870,3.873,3.867,3.866,3.869,3.867,3.870,3.868,3.869,3.871,3.815
2026-08-24 17:04:57,100.5,6.6,3.866,3.871,3.868,3.868,3.868,3.868,3.867,3.868,3.868,3.864,3.871,3.871,3.901,3.869,3.865,3.870,3.873,3.867,3.866,3.869,3.867,3.870,3.868,3.869,3.871,3.815
2026-08-24 17:04:57,100.5,6.6,3.866,3.871,3.868,3.868,3.868,3.868,3.867,3.868,3.868,3.864,3.871,3.871,3.901,3.869,3.865,3.870,3.873,3.867,3.866,3.869,3.867,3.870,3.868,3.869,3.871,3.815
2026-08-24 17:04:57,100.5,6.6,3.866,3.871,3.868,3.868,3.868,3.868,3.867,3.868,3.868,3.864,3.870,3.870,3.901,3.868,3.865,3.870,3.873,3.867,3.866,3.869,3.867,3.870,3.868,3.869,3.871,3.815
2026-08-24 17:04:57,100.5,6.6,3.866,3.871,3.868,3.868,3.868,3.868,3.867,3.868,3.868,3.864,3.870,3.870,3.901,3.868,3.865,3.870,3.873,3.867,3.866,3.869,3.867,3.870,3.868,3.869,3.871,3.815
2026-08-24 17:04:57,100.5,6.6,3.866,3.871,3.868,3.868,3.868,3.868,3.867,3.868,3.868,3.864,3.870,3.870,3.901,3.868,3.865,3.870,3.873,3.867,3.866,3.869,3.867,3.870,3.868,3.869,3.871,3.815
2026-08-24 17:04:57,100.5,6.6,3.866,3.871,3.868,3.868,3.868,3.868,3.867,3.868,3.868,3.864,3.870,3.870,3.901,3.868,3.865,3.870,3.873,3.867,3.866,3.869,3.867,3.870,3.868,3.869,3.871,3.815
2026-08-24 17:04:57,100.5,6.7,3.866,3.871,3.868,3.868,3.868,3.868,3.867,3.868,3.868,3.864,3.870,3.870,3.901,3.868,3.865,3.871,3.873,3.868,3.866,3.869,3.867,3.870,3.868,3.869,3.871,3.815
2026-08-24 17:04:57,100.5,6.7,3.866,3.871,3.868,3.868,3.868,3.868,3.867,3.868,3.868,3.864,3.870,3.870,3.901,3.868,3.865,3.871,3.873,3.868,3.866,3.869,3.867,3.870,3.868,3.869,3.871,3.815
2026-08-24 17:04:57,100.5,6.7,3.866,3.871,3.868,3.868,3.868,3.868,3.867,3.868,3.868,3.864,3.870,3.870,3.901,3.868,3.865,3.871,3.873,3.868,3.866,3.869,3.867,3.870,3.868,3.869,3.871,3.815
2026-08-24 17:04:57,100.5,6.7,3.866,3.871,3.868,3.868,3.868,3.868,3.867,3.868,3.868,3.864,3.870,3.870,3.901,3.868,3.865,3.871,3.873,3.868,3.866,3.869,3.867,3.870,3.868,3.869,3.871,3.815
2026-08-24 17:04:57,100.5,6.7,3.866,3.871,3.868,3.868,3.868,3.868,3.868,3.868,3.868,3.864,3.870,3.870,3.901,3.868,3.865,3.871,3.873,3.868,3.866,3.869,3.867,3.870,3.868,3.869,3.871,3.815
2026-08-24 17:04:57,100.5,6.7,3.866,3.871,3.868,3.868,3.868,3.868,3.868,3.868,3.869,3.865,3.870,3.870,3.901,3.868,3.865,3.871,3.873,3.868,3.866,3.869,3.867,3.870,3.868,3.869,3.871,3.815
2026-08-24 17:04:57,100.5,6.7,3.866,3.871,3.868,3.868,3.868,3.868,3.868,3.868,3.869,3.865,3.870,3.870,3.901,3.868,3.865,3.871,3.873,3.868,3.866,3.869,3.867,3.870,3.868,3.869,3.871,3.815
2026-08-24 17:04:57,100.5,6.7,3.866,3.870,3.868,3.868,3.868,3.868,3.868,3.868,3.869,3.865,3.870,3.871,3.901,3.868,3.865,3.871,3.873,3.868,3.867,3.869,3.867,3.870,3.868,3.870,3.871,3.816
2026-08-24 17:04:57,100.5,6.7,3.866,3.870,3.868,3.868,3.868,3.868,3.868,3.868,3.869,3.865,3.870,3.871,3.901,3.868,3.865,3.871,3.873,3.868,3.867,3.869,3.867,3.870,3.868,3.870,3.871,3.816
2026-08-24 17:04:57,100.5,6.7,3.866,3.870,3.868,3.868,3.868,3.868,3.868,3.868,3.869,3.865,3.870,3.871,3.901,3.868,3.865,3.871,3.873,3.868,3.867,3.869,3.867,3.870,3.868,3.870,3.871,3.816
2026-08-24 17:04:57,100.5,6.7,3.866,3.870,3.868,3.868,3.868,3.868,3.868,3.868,3.869,3.865,3.870,3.871,3.901,3.868,3.865,3.871,3.873,3.868,3.867,3.869,3.867,3.870,3.868,3.870,3.871,3.816
2026-08-24 17:04:57,100.5,6.7,3.866,3.871,3.868,3.868,3.868,3.868,3.868,3.868,3.869,3.865,3.870,3.871,3.901,3.868,3.865,3.870,3.872,3.868,3.866,3.868,3.867,3.870,3.868,3.870,3.871,3.815
2026-08-24 17:04:57,100.5,6.7,3.866,3.871,3.868,3.868,3.868,3.868,3.867,3.868,3.869,3.865,3.870,3.871,3.901,3.868,3.865,3.870,3.872,3.868,3.866,3.868,3.867,3.870,3.868,3.870,3.871,3.815
2026-08-24 17:04:57,100.5,6.7,3.866,3.871,3.868,3.868,3.868,3.868,3.867,3.868,3.868,3.864,3.870,3.871,3.901,3.868,3.865,3.870,3.872,3.868,3.866,3.868,3.867,3.870,3.868,3.870,3.871,3.815
2026-08-24 17:04:57,100.5,6.7,3.866,3.871,3.868,3.868,3.868,3.868,3.867,3.868,3.868,3.864,3.870,3.871,3.901,3.868,3.865,3.870,3.872,3.868,3.866,3.868,3.867,3.870,3.868,3.870,3.871,3.815
2026-08-24 17:04:57,100.5,7.3,3.866,3.871,3.868,3.868,3.868,3.868,3.867,3.868,3.868,3.864,3.870,3.871,3.901,3.868,3.865,3.870,3.872,3.868,3.866,3.868,3.867,3.870,3.868,3.870,3.871,3.815
2026-08-24 17:04:57,100.5,7.3,3.866,3.871,3.868,3.868,3.868,3.868,3.867,3.868,3.868,3.864,3.870,3.871,3.901,3.868,3.865,3.870,3.872,3.868,3.866,3.868,3.867,3.870,3.868,3.870,3.871,3.815
2026-08-24 17:04:57,100.5,7.3,3.866,3.871,3.868,3.868,3.868,3.868,3.867,3.868,3.868,3.864,3.870,3.871,3.901,3.868,3.865,3.870,3.872,3.868,3.866,3.868,3.867,3.870,3.868,3.870,3.871,3.815
2026-08-24 17:04:57,100.5,7.3,3.866,3.871,3.868,3.868,3.868,3.868,3.867,3.868,3.868,3.864,3.870,3.871,3.901,3.868,3.865,3.870,3.872,3.868,3.866,3.868,3.867,3.870,3.868,3.870,3.871,3.815
2026-08-24 17:04:57,100.5,7.3,3.864,3.870,3.868,3.868,3.868,3.868,3.867,3.868,3.868,3.864,3.871,3.870,3.901,3.869,3.864,3.870,3.872,3.866,3.866,3.868,3.866,3.870,3.868,3.868,3.870,3.814
2026-08-24 17:04:57,100.5,7.3,3.864,3.870,3.868,3.868,3.868,3.868,3.866,3.868,3.868,3.864,3.871,3.870,3.901,3.869,3.864,3.870,3.872,3.866,3.866,3.868,3.866,3.870,3.868,3.868,3.870,3.814
2026-08-24 17:04:57,100.5,7.3,3.864,3.870,3.868,3.868,3.868,3.868,3.866,3.868,3.868,3.863,3.871,3.870,3.901,3.869,3.864,3.870,3.872,3.866,3.866,3.868,3.866,3.870,3.868,3.868,3.870,3.814
2026-08-24 17:04:57,100.5,7.3,3.864,3.870,3.868,3.868,3.868,3.868,3.866,3.868,3.868,3.863,3.871,3.870,3.901,3.869,3.864,3.870,3.872,3.866,3.866,3.868,3.866,3.870,3.868,3.868,3.870,3.814
2026-08-24 17:04:57,100.5,8.0,3.864,3.870,3.868,3.868,3.868,3.868,3.866,3.868,3.868,3.863,3.869,3.869,3.901,3.867,3.864,3.870,3.872,3.866,3.866,3.868,3.866,3.870,3.868,3.868,3.870,3.814
2026-08-24 17:04:57,100.5,8.0,3.864,3.870,3.868,3.868,3.868,3.868,3.866,3.868,3.868,3.863,3.869,3.869,3.901,3.867,3.864,3.870,3.872,3.866,3.866,3.868,3.866,3.870,3.868,3.868,3.870,3.814
2026-08-24 17:04:57,100.5,8.0,3.864,3.870,3.868,3.868,3.868,3.868,3.866,3.868,3.868,3.863,3.869,3.869,3.901,3.867,3.864,3.870,3.872,3.866,3.866,3.868,3.866,3.870,3.868,3.868,3.870,3.814
2026-08-24 17:04:57,100.5,8.0,3.864,3.870,3.868,3.868,3.868,3.868,3.866,3.868,3.868,3.863,3.869,3.869,3.901,3.867,3.864,3.870,3.872,3.866,3.866,3.868,3.866,3.870,3.868,3.868,3.870,3.814
2026-08-24 17:04:58,100.5,8.4,3.864,3.869,3.867,3.868,3.868,3.868,3.866,3.868,3.868,3.863,3.869,3.869,3.901,3.867,3.864,3.870,3.872,3.866,3.865,3.867,3.866,3.869,3.867,3.868,3.870,3.813
2026-08-24 17:04:58,100.5,8.4,3.864,3.869,3.867,3.868,3.868,3.868,3.866,3.867,3.868,3.863,3.869,3.869,3.901,3.867,3.864,3.870,3.872,3.866,3.865,3.867,3.866,3.869,3.867,3.868,3.870,3.813
2026-08-24 17:04:58,100.5,8.4,3.864,3.869,3.867,3.868,3.868,3.868,3.866,3.867,3.868,3.863,3.869,3.869,3.901,3.867,3.864,3.870,3.872,3.866,3.865,3.867,3.866,3.869,3.867,3.868,3.870,3.813
2026-08-24 17:04:58,100.5,8.4,3.864,3.869,3.867,3.868,3.868,3.868,3.866,3.867,3.868,3.863,3.869,3.869,3.901,3.867,3.864,3.870,3.872,3.866,3.865,3.867,3.866,3.869,3.867,3.868,3.870,3.813
2026-08-24 17:04:58,100.5,8.4,3.864,3.869,3.867,3.868,3.868,3.868,3.866,3.867,3.868,3.863,3.868,3.868,3.901,3.866,3.863,3.870,3.871,3.865,3.864,3.867,3.866,3.868,3.866,3.867,3.870,3.812
2026-08-24 17:04:58,100.5,8.4,3.864,3.869,3.867,3.868,3.868,3.868,3.866,3.867,3.868,3.863,3.868,3.868,3.901,3.866,3.863,3.870,3.871,3.865,3.864,3.867,3.866,3.868,3.866,3.867,3.870,3.812
2026-08-24 17:04:58,100.5,8.4,3.864,3.869,3.867,3.868,3.868,3.868,3.866,3.867,3.868,3.863,3.868,3.868,3.901,3.866,3.863,3.870,3.871,3.865,3.864,3.867,3.866,3.868,3.866,3.867,3.870,3.812
2026-08-24 17:04:58,100.5,8.4,3.864,3.869,3.867,3.868,3.868,3.868,3.866,3.867,3.868,3.863,3.868,3.868,3.901,3.866,3.863,3.870,3.871,3.865,3.864,3.867,3.866,3.868,3.866,3.867,3.870,3.812
2026-08-24 17:04:58,100.5,8.7,3.863,3.869,3.867,3.868,3.868,3.868,3.866,3.867,3.868,3.863,3.868,3.868,3.901,3.866,3.863,3.870,3.871,3.865,3.864,3.867,3.866,3.868,3.866,3.867,3.870,3.812
2026-08-24 17:04:58,100.5,8.7,3.863,3.869,3.867,3.868,3.867,3.868,3.865,3.867,3.868,3.863,3.868,3.868,3.901,3.866,3.863,3.870,3.871,3.865,3.864,3.867,3.866,3.868,3.866,3.867,3.870,3.812
2026-08-24 17:04:58,100.5,8.7,3.863,3.869,3.867,3.868,3.867,3.868,3.865,3.867,3.868,3.862,3.868,3.868,3.901,3.866,3.863,3.870,3.871,3.865,3.864,3.867,3.866,3.868,3.866,3.867,3.870,3.812
2026-08-24 17:04:58,100.5,8.7,3.863,3.869,3.867,3.868,3.867,3.868,3.865,3.867,3.868,3.862,3.868,3.868,3.901,3.866,3.863,3.870,3.871,3.865,3.864,3.867,3.866,3.868,3.866,3.867,3.870,3.812
2026-08-24 17:04:58,100.5,8.7,3.863,3.869,3.867,3.868,3.867,3.868,3.865,3.867,3.868,3.862,3.868,3.868,3.901,3.866,3.863,3.870,3.870,3.865,3.864,3.866,3.864,3.868,3.866,3.867,3.870,3.811
2026-08-24 17:04:58,100.5,8.7,3.863,3.869,3.867,3.868,3.867,3.868,3.865,3.867,3.868,3.862,3.868,3.868,3.901,3.866,3.863,3.870,3.870,3.865,3.864,3.866,3.864,3.868,3.866,3.867,3.870,3.811
2026-08-24 17:04:58,100.5,8.7,3.863,3.869,3.867,3.868,3.867,3.868,3.865,3.867,3.868,3.862,3.868,3.868,3.901,3.866,3.863,3.870,3.870,3.865,3.864,3.866,3.864,3.868,3.866,3.867,3.870,3.811
2026-08-24 17:04:58,100.5,8.7,3.863,3.869,3.867,3.868,3.867,3.868,3.865,3.867,3.868,3.862,3.868,3.868,3.901,3.866,3.863,3.870,3.870,3.865,3.864,3.866,3.864,3.868,3.866,3.867,3.870,3.811
2026-08-24 17:04:58,100.5,9.0,3.863,3.869,3.867,3.868,3.867,3.868,3.865,3.867,3.868,3.862,3.868,3.868,3.901,3.866,3.863,3.870,3.870,3.865,3.864,3.866,3.864,3.868,3.866,3.867,3.870,3.811
2026-08-24 17:04:58,100.5,9.0,3.863,3.869,3.867,3.868,3.867,3.867,3.865,3.867,3.868,3.862,3.868,3.868,3.901,3.866,3.863,3.870,3.870,3.865,3.864,3.866,3.864,3.868,3.866,3.867,3.870,3.811
2026-08-24 17:04:58,100.5,9.0,3.863,3.869,3.867,3.868,3.867,3.867,3.865,3.867,3.868,3.862,3.868,3.868,3.901,3.866,3.863,3.870,3.870,3.865,3.864,3.866,3.864,3.868,3.866,3.867,3.870,3.811
2026-08-24 17:04:58,100.5,9.0,3.863,3.869,3.867,3.868,3.867,3.867,3.865,3.867,3.868,3.862,3.868,3.868,3.901,3.866,3.863,3.870,3.870,3.865,3.864,3.866,3.864,3.868,3.866,3.867,3.870,3.811
2026-08-24 17:04:58,100.5,7.7,3.863,3.869,3.867,3.868,3.867,3.867,3.865,3.867,3.868,3.862,3.868,3.868,3.901,3.865,3.863,3.870,3.870,3.865,3.864,3.866,3.865,3.868,3.866,3.866,3.870,3.811
2026-08-24 17:04:58,100.5,7.7,3.863,3.869,3.867,3.868,3.867,3.867,3.865,3.867,3.868,3.862,3.868,3.868,3.901,3.865,3.863,3.870,3.870,3.865,3.864,3.866,3.865,3.868,3.866,3.866,3.870,3.811
2026-08-24 17:04:58,100.5,7.7,3.863,3.869,3.867,3.868,3.867,3.867,3.865,3.867,3.868,3.862,3.868,3.868,3.901,3.865,3.863,3.870,3.870,3.865,3.864,3.866,3.865,3.868,3.866,3.866,3.870,3.811
2026-08-24 17:04:58,100.5,7.7,3.863,3.869,3.867,3.868,3.867,3.867,3.865,3.867,3.868,3.862,3.868,3.868,3.901,3.865,3.863,3.870,3.870,3.865,3.864,3.866,3.865,3.868,3.866,3.866,3.870,3.811
2026-08-24 17:04:58,100.5,7.7,3.865,3.870,3.868,3.868,3.867,3.867,3.865,3.867,3.868,3.862,3.868,3.868,3.901,3.865,3.863,3.870,3.870,3.865,3.864,3.866,3.865,3.868,3.866,3.866,3.870,3.811
2026-08-24 17:04:59,100.5,7.7,3.865,3.870,3.868,3.868,3.868,3.868,3.867,3.868,3.868,3.862,3.868,3.868,3.901,3.865,3.863,3.870,3.870,3.865,3.864,3.866,3.865,3.868,3.866,3.866,3.870,3.811
2026-08-24 17:04:59,100.5,7.7,3.865,3.870,3.868,3.868,3.868,3.868,3.867,3.868,3.868,3.864,3.868,3.868,3.901,3.865,3.863,3.870,3.870,3.865,3.864,3.866,3.865,3.868,3.866,3.866,3.870,3.811
2026-08-24 17:04:59,100.5,7.7,3.865,3.870,3.868,3.868,3.868,3.868,3.867,3.868,3.868,3.864,3.868,3.868,3.901,3.865,3.863,3.870,3.870,3.865,3.864,3.866,3.865,3.868,3.866,3.866,3.870,3.811
2026-08-24 17:04:59,100.5,7.7,3.865,3.870,3.868,3.868,3.868,3.868,3.867,3.868,3.868,3.864,3.870,3.870,3.901,3.868,3.863,3.870,3.870,3.865,3.864,3.866,3.865,3.868,3.866,3.866,3.870,3.811
2026-08-24 17:04:59,100.5,5.8,3.865,3.870,3.868,3.868,3.868,3.868,3.867,3.868,3.868,3.864,3.870,3.870,3.901,3.868,3.865,3.870,3.872,3.867,3.865,3.868,3.866,3.870,3.868,3.869,3.870,3.815
2026-08-24 17:04:59,100.5,5.8,3.865,3.870,3.868,3.868,3.868,3.868,3.867,3.868,3.868,3.864,3.870,3.870,3.901,3.868,3.865,3.870,3.872,3.867,3.865,3.868,3.866,3.870,3.868,3.869,3.870,3.815
2026-08-24 17:04:59,100.5,5.8,3.865,3.870,3.868,3.868,3.868,3.868,3.867,3.868,3.868,3.864,3.870,3.870,3.901,3.868,3.865,3.870,3.872,3.867,3.865,3.868,3.866,3.870,3.868,3.869,3.870,3.815
2026-08-24 17:04:59,100.5,5.8,3.865,3.870,3.868,3.868,3.868,3.868,3.867,3.868,3.868,3.864,3.870,3.870,3.901,3.868,3.865,3.870,3.872,3.867,3.865,3.868,3.866,3.870,3.868,3.869,3.870,3.815
2026-08-24 17:04:59,100.5,5.8,3.866,3.872,3.870,3.870,3.868,3.868,3.867,3.868,3.868,3.864,3.870,3.870,3.901,3.868,3.866,3.873,3.874,3.869,3.865,3.868,3.866,3.870,3.868,3.869,3.870,3.815
2026-08-24 17:04:59,100.5,5.8,3.866,3.872,3.870,3.870,3.869,3.870,3.868,3.869,3.868,3.864,3.870,3.870,3.901,3.868,3.866,3.873,3.874,3.869,3.865,3.868,3.866,3.870,3.868,3.869,3.870,3.815
2026-08-24 17:04:59,100.5,5.8,3.866,3.872,3.870,3.870,3.869,3.870,3.868,3.869,3.870,3.866,3.870,3.870,3.901,3.868,3.866,3.873,3.874,3.869,3.865,3.868,3.866,3.870,3.868,3.869,3.870,3.815
2026-08-24 17:04:59,100.5,5.8,3.866,3.872,3.870,3.870,3.869,3.870,3.868,3.869,3.870,3.866,3.870,3.870,3.901,3.868,3.866,3.873,3.874,3.869,3.865,3.868,3.866,3.870,3.868,3.869,3.870,3.815
2026-08-24 17:04:59,100.5,5.8,3.866,3.872,3.870,3.870,3.869,3.870,3.868,3.869,3.870,3.866,3.872,3.871,3.903,3.870,3.866,3.873,3.874,3.869,3.865,3.868,3.866,3.870,3.868,3.869,3.870,3.815
2026-08-24 17:04:59,100.5,4.7,3.866,3.872,3.870,3.870,3.869,3.870,3.868,3.869,3.870,3.866,3.872,3.871,3.903,3.870,3.866,3.873,3.874,3.869,3.868,3.870,3.869,3.870,3.869,3.870,3.872,3.817
2026-08-24 17:04:59,100.5,4.7,3.866,3.872,3.870,3.870,3.869,3.870,3.868,3.869,3.870,3.866,3.872,3.871,3.903,3.870,3.866,3.873,3.874,3.869,3.868,3.870,3.869,3.870,3.869,3.870,3.872,3.817
2026-08-24 17:04:59,100.5,4.7,3.866,3.872,3.870,3.870,3.869,3.870,3.868,3.869,3.870,3.866,3.872,3.871,3.903,3.870,3.866,3.873,3.874,3.869,3.868,3.870,3.869,3.870,3.869,3.870,3.872,3.817
2026-08-24 17:04:59,100.5,4.7,3.866,3.872,3.870,3.870,3.869,3.870,3.868,3.869,3.870,3.866,3.872,3.871,3.903,3.870,3.866,3.873,3.874,3.869,3.868,3.870,3.869,3.870,3.869,3.870,3.872,3.817
2026-08-24 17:04:59,100.5,4.8,3.866,3.873,3.869,3.870,3.869,3.870,3.868,3.869,3.870,3.866,3.872,3.871,3.903,3.870,3.867,3.872,3.875,3.870,3.868,3.870,3.869,3.870,3.870,3.870,3.874,3.817
2026-08-24 17:04:59,100.5,4.8,3.866,3.873,3.869,3.870,3.869,3.870,3.868,3.869,3.870,3.866,3.872,3.871,3.903,3.870,3.867,3.872,3.875,3.870,3.868,3.870,3.869,3.870,3.870,3.870,3.874,3.817
2026-08-24 17:04:59,100.5,4.8,3.866,3.873,3.869,3.870,3.869,3.870,3.868,3.869,3.870,3.866,3.872,3.871,3.903,3.870,3.867,3.872,3.875,3.870,3.868,3.870,3.869,3.870,3.870,3.870,3.874,3.817
2026-08-24 17:04:59,100.5,4.8,3.866,3.873,3.869,3.870,3.869,3.870,3.868,3.869,3.870,3.866,3.872,3.871,3.903,3.870,3.867,3.872,3.875,3.870,3.868,3.870,3.869,3.870,3.870,3.870,3.874,3.817
2026-08-24 17:04:59,100.5,4.8,3.866,3.873,3.869,3.870,3.869,3.870,3.868,3.869,3.870,3.866,3.872,3.871,3.903,3.870,3.867,3.872,3.875,3.870,3.868,3.870,3.869,3.870,3.870,3.870,3.874,3.817
2026-08-24 17:04:59,100.5,4.8,3.866,3.873,3.869,3.870,3.869,3.870,3.868,3.869,3.870,3.866,3.872,3.871,3.903,3.870,3.867,3.872,3.875,3.870,3.868,3.870,3.869,3.870,3.870,3.870,3.874,3.817
2026-08-24 17:04:59,100.5,4.8,3.866,3.873,3.869,3.870,3.869,3.870,3.868,3.869,3.870,3.866,3.872,3.871,3.903,3.870,3.867,3.872,3.875,3.870,3.868,3.870,3.869,3.870,3.870,3.870,3.874,3.817
2026-08-24 17:04:59,100.5,4.8,3.866,3.873,3.869,3.870,3.869,3.870,3.868,3.869,3.870,3.866,3.872,3.871,3.903,3.870,3.867,3.872,3.875,3.870,3.868,3.870,3.869,3.870,3.870,3.870,3.874,3.817
2026-08-24 17:04:59,100.5,4.4,3.866,3.873,3.869,3.870,3.869,3.870,3.868,3.869,3.870,3.866,3.872,3.871,3.903,3.870,3.867,3.872,3.874,3.869,3.868,3.870,3.868,3.870,3.870,3.870,3.872,3.817
2026-08-24 17:04:59,100.5,4.4,3.866,3.873,3.869,3.870,3.869,3.870,3.868,3.869,3.870,3.866,3.872,3.871,3.903,3.870,3.867,3.872,3.874,3.869,3.868,3.870,3.868,3.870,3.870,3.870,3.872,3.817
2026-08-24 17:04:59,100.5,4.4,3.866,3.873,3.869,3.870,3.869,3.870,3.868,3.869,3.870,3.866,3.872,3.871,3.903,3.870,3.867,3.872,3.874,3.869,3.868,3.870,3.868,3.870,3.870,3.870,3.872,3.817
2026-08-24 17:04:59,100.5,4.4,3.866,3.873,3.869,3.870,3.869,3.870,3.868,3.869,3.870,3.866,3.872,3.871,3.903,3.870,3.867,3.872,3.874,3.869,3.868,3.870,3.868,3.870,3.870,3.870,3.872,3.817
2026-08-24 17:05:00,100.5,4.4,3.866,3.873,3.869,3.870,3.869,3.870,3.868,3.869,3.870,3.866,3.872,3.871,3.903,3.870,3.867,3.872,3.874,3.869,3.868,3.870,3.868,3.870,3.870,3.870,3.872,3.817
2026-08-24 17:05:00,100.5,4.4,3.866,3.873,3.869,3.870,3.869,3.870,3.868,3.869,3.870,3.866,3.872,3.871,3.903,3.870,3.867,3.872,3.874,3.869,3.868,3.870,3.868,3.870,3.870,3.870,3.872,3.817
2026-08-24 17:05:00,100.5,4.4,3.866,3.873,3.869,3.870,3.869,3.870,3.868,3.869,3.870,3.866,3.872,3.871,3.903,3.870,3.867,3.872,3.874,3.869,3.868,3.870,3.868,3.870,3.870,3.870,3.872,3.817
2026-08-24 17:05:00,100.5,4.4,3.866,3.873,3.869,3.870,3.869,3.870,3.868,3.869,3.870,3.866,3.872,3.871,3.903,3.870,3.867,3.872,3.874,3.869,3.868,3.870,3.868,3.870,3.870,3.870,3.872,3.817
2026-08-24 17:05:00,100.5,0.7,3.871,3.874,3.874,3.874,3.869,3.870,3.868,3.869,3.870,3.866,3.874,3.875,3.906,3.874,3.868,3.874,3.876,3.871,3.869,3.872,3.870,3.873,3.871,3.873,3.874,3.821
2026-08-24 17:05:00,100.5,0.7,3.871,3.874,3.874,3.874,3.873,3.874,3.871,3.874,3.870,3.866,3.874,3.875,3.906,3.874,3.868,3.874,3.876,3.871,3.869,3.872,3.870,3.873,3.871,3.873,3.874,3.821
2026-08-24 17:05:00,100.5,0.7,3.871,3.874,3.874,3.874,3.873,3.874,3.871,3.874,3.874,3.868,3.874,3.875,3.906,3.874,3.868,3.874,3.876,3.871,3.869,3.872,3.870,3.873,3.871,3.873,3.874,3.821
2026-08-24 17:05:00,100.5,0.7,3.871,3.874,3.874,3.874,3.873,3.874,3.871,3.874,3.874,3.868,3.874,3.875,3.906,3.874,3.868,3.874,3.876,3.871,3.869,3.872,3.870,3.873,3.871,3.873,3.874,3.821
2026-08-24 17:05:00,100.5,0.7,3.871,3.874,3.874,3.874,3.873,3.874,3.871,3.874,3.874,3.868,3.874,3.875,3.906,3.874,3.870,3.876,3.878,3.872,3.869,3.872,3.870,3.873,3.871,3.873,3.874,3.821
2026-08-24 17:05:00,100.5,0.7,3.871,3.874,3.874,3.874,3.873,3.874,3.871,3.874,3.874,3.868,3.874,3.875,3.906,3.874,3.870,3.876,3.878,3.872,3.869,3.872,3.870,3.873,3.871,3.873,3.874,3.821
2026-08-24 17:05:00,100.6,0.7,3.871,3.874,3.874,3.874,3.873,3.874,3.871,3.874,3.874,3.868,3.874,3.875,3.906,3.874,3.870,3.876,3.878,3.872,3.870,3.873,3.871,3.875,3.873,3.876,3.876,3.824
2026-08-24 17:05:00,100.6,0.7,3.871,3.874,3.874,3.874,3.873,3.874,3.871,3.874,3.874,3.868,3.874,3.875,3.906,3.874,3.870,3.876,3.878,3.872,3.870,3.873,3.871,3.875,3.873,3.876,3.876,3.824
2026-08-24 17:05:00,100.6,0.7,3.871,3.874,3.874,3.874,3.873,3.874,3.871,3.874,3.874,3.868,3.874,3.875,3.906,3.874,3.870,3.876,3.878,3.872,3.870,3.873,3.871,3.875,3.873,3.876,3.876,3.824
2026-08-24 17:05:00,100.6,0.7,3.871,3.874,3.874,3.874,3.873,3.874,3.871,3.874,3.874,3.868,3.874,3.875,3.906,3.874,3.870,3.876,3.878,3.872,3.870,3.873,3.871,3.875,3.873,3.876,3.876,3.824
2026-08-24 17:05:00,100.6,0.7,3.871,3.874,3.874,3.874,3.873,3.874,3.871,3.874,3.874,3.868,3.874,3.875,3.907,3.874,3.870,3.876,3.878,3.872,3.870,3.873,3.871,3.875,3.873,3.876,3.876,3.824
2026-08-24 17:05:00,100.6,0.7,3.871,3.874,3.874,3.874,3.874,3.874,3.871,3.873,3.874,3.868,3.874,3.875,3.907,3.874,3.870,3.876,3.878,3.872,3.870,3.873,3.871,3.875,3.873,3.876,3.876,3.824
2026-08-24 17:05:00,100.6,0.7,3.871,3.874,3.874,3.874,3.874,3.874,3.871,3.873,3.874,3.869,3.874,3.875,3.907,3.874,3.870,3.876,3.878,3.872,3.870,3.873,3.871,3.875,3.873,3.876,3.876,3.824
2026-08-24 17:05:00,100.6,0.7,3.871,3.874,3.874,3.874,3.874,3.874,3.871,3.873,3.874,3.869,3.874,3.875,3.907,3.874,3.870,3.876,3.878,3.872,3.870,3.873,3.871,3.875,3.873,3.876,3.876,3.824
2026-08-24 17:05:00,100.6,0.7,3.871,3.874,3.874,3.874,3.874,3.874,3.871,3.873,3.874,3.869,3.874,3.875,3.907,3.874,3.870,3.876,3.878,3.872,3.870,3.874,3.872,3.874,3.873,3.876,3.876,3.824
2026-08-24 17:05:00,100.6,0.7,3.871,3.874,3.874,3.874,3.874,3.874,3.871,3.873,3.874,3.869,3.874,3.875,3.907,3.874,3.870,3.876,3.878,3.872,3.870,3.874,3.872,3.874,3.873,3.876,3.876,3.824
2026-08-24 17:05:00,100.6,0.7,3.871,3.874,3.874,3.874,3.874,3.874,3.871,3.873,3.874,3.869,3.874,3.875,3.907,3.874,3.870,3.876,3.878,3.872,3.870,3.874,3.872,3.874,3.873,3.876,3.876,3.824
2026-08-24 17:05:00,100.6,0.7,3.871,3.874,3.874,3.874,3.874,3.874,3.871,3.873,3.874,3.869,3.874,3.875,3.907,3.874,3.870,3.876,3.878,3.872,3.870,3.874,3.872,3.874,3.873,3.876,3.876,3.824
2026-08-24 17:05:00,100.6,0.7,3.871,3.874,3.873,3.874,3.874,3.874,3.871,3.873,3.874,3.869,3.874,3.875,3.907,3.874,3.870,3.876,3.878,3.872,3.870,3.874,3.872,3.874,3.873,3.876,3.876,3.824
2026-08-24 17:05:00,100.6,0.7,3.871,3.874,3.873,3.874,3.873,3.874,3.872,3.874,3.874,3.869,3.874,3.875,3.907,3.874,3.870,3.876,3.878,3.872,3.870,3.874,3.872,3.874,3.873,3.876,3.876,3.824
2026-08-24 17:05:00,100.6,0.7,3.871,3.874,3.873,3.874,3.873,3.874,3.872,3.874,3.874,3.869,3.874,3.875,3.907,3.874,3.870,3.876,3.878,3.872,3.870,3.874,3.872,3.874,3.873,3.876,3.876,3.824
2026-08-24 17:05:00,100.6,0.7,3.871,3.874,3.873,3.874,3.873,3.874,3.872,3.874,3.874,3.869,3.874,3.875,3.907,3.874,3.870,3.876,3.878,3.872,3.870,3.874,3.872,3.874,3.873,3.876,3.876,3.824
2026-08-24 17:05:00,100.6,0.7,3.871,3.874,3.873,3.874,3.873,3.874,3.872,3.874,3.874,3.869,3.874,3.875,3.907,3.874,3.870,3.876,3.878,3.872,3.871,3.873,3.871,3.874,3.873,3.876,3.876,3.824
2026-08-24 17:05:00,100.6,0.7,3.871,3.874,3.873,3.874,3.873,3.874,3.872,3.874,3.874,3.869,3.874,3.875,3.907,3.874,3.870,3.876,3.878,3.872,3.871,3.873,3.871,3.874,3.873,3.876,3.876,3.824
2026-08-24 17:05:01,100.6,0.7,3.871,3.874,3.873,3.874,3.873,3.874,3.872,3.874,3.874,3.869,3.874,3.875,3.907,3.874,3.870,3.876,3.878,3.872,3.871,3.873,3.871,3.874,3.873,3.876,3.876,3.824
2026-08-24 17:05:01,100.6,0.7,3.871,3.874,3.873,3.874,3.873,3.874,3.872,3.874,3.874,3.869,3.874,3.875,3.907,3.874,3.870,3.876,3.878,3.872,3.871,3.873,3.871,3.874,3.873,3.876,3.876,3.824
2026-08-24 17:05:01,100.6,0.7,3.871,3.874,3.873,3.874,3.873,3.874,3.872,3.874,3.874,3.869,3.874,3.876,3.907,3.874,3.870,3.876,3.878,3.872,3.871,3.873,3.871,3.874,3.873,3.876,3.876,3.824
2026-08-24 17:05:01,100.6,0.7,3.871,3.874,3.873,3.874,3.873,3.874,3.872,3.874,3.874,3.869,3.874,3.876,3.907,3.874,3.870,3.876,3.878,3.872,3.870,3.874,3.871,3.875,3.873,3.876,3.876,3.824
2026-08-24 17:05:01,100.6,0.7,3.871,3.874,3.873,3.874,3.873,3.874,3.871,3.874,3.874,3.869,3.874,3.876,3.907,3.874,3.870,3.876,3.878,3.872,3.870,3.874,3.871,3.875,3.873,3.876,3.876,3.824
2026-08-24 17:05:01,100.6,0.7,3.871,3.874,3.873,3.874,3.873,3.874,3.871,3.874,3.874,3.869,3.874,3.876,3.907,3.874,3.870,3.876,3.878,3.872,3.870,3.874,3.871,3.875,3.873,3.876,3.876,3.824
2026-08-24 17:05:01,100.6,0.7,3.871,3.874,3.873,3.874,3.873,3.874,3.871,3.874,3.874,3.869,3.874,3.876,3.907,3.874,3.870,3.876,3.878,3.872,3.870,3.874,3.871,3.875,3.873,3.876,3.876,3.824
2026-08-24 17:05:01,100.6,0.7,3.871,3.874,3.873,3.874,3.873,3.874,3.871,3.874,3.874,3.869,3.874,3.876,3.907,3.874,3.870,3.876,3.878,3.872,3.870,3.874,3.871,3.875,3.873,3.876,3.876,3.824
2026-08-24 17:05:01,100.6,0.7,3.871,3.874,3.873,3.874,3.873,3.874,3.871,3.874,3.874,3.869,3.874,3.876,3.907,3.874,3.870,3.876,3.878,3.872,3.870,3.874,3.871,3.875,3.873,3.876,3.876,3.824
2026-08-24 17:05:01,100.6,0.7,3.871,3.874,3.873,3.874,3.873,3.874,3.871,3.874,3.874,3.869,3.874,3.876,3.907,3.874,3.870,3.876,3.878,3.872,3.870,3.874,3.871,3.875,3.873,3.876,3.876,3.824
2026-08-24 17:05:01,100.6,0.7,3.871,3.874,3.873,3.874,3.873,3.874,3.871,3.874,3.874,3.869,3.874,3.876,3.907,3.874,3.870,3.876,3.878,3.872,3.870,3.874,3.871,3.875,3.873,3.876,3.876,3.824
2026-08-24 17:05:01,100.6,0.7,3.871,3.875,3.873,3.874,3.873,3.874,3.871,3.874,3.874,3.869,3.874,3.875,3.907,3.874,3.870,3.876,3.878,3.872,3.870,3.874,3.871,3.875,3.873,3.876,3.876,3.824
2026-08-24 17:05:01,100.6,0.7,3.871,3.875,3.873,3.874,3.873,3.874,3.872,3.873,3.874,3.869,3.874,3.875,3.907,3.874,3.870,3.876,3.878,3.872,3.870,3.874,3.871,3.875,3.873,3.876,3.876,3.824
2026-08-24 17:05:01,100.6,0.7,3.871,3.875,3.873,3.874,3.873,3.874,3.872,3.873,3.874,3.869,3.874,3.875,3.907,3.874,3.870,3.876,3.878,3.872,3.870,3.874,3.871,3.875,3.873,3.876,3.876,3.824
2026-08-24 17:05:01,100.6,0.7,3.871,3.875,3.873,3.874,3.873,3.874,3.872,3.873,3.874,3.869,3.874,3.875,3.907,3.874,3.870,3.876,3.878,3.872,3.870,3.874,3.871,3.875,3.873,3.876,3.876,3.824
2026-08-24 17:05:01,100.6,1.0,3.871,3.875,3.873,3.874,3.873,3.874,3.872,3.873,3.874,3.869,3.874,3.875,3.907,3.874,3.870,3.876,3.878,3.872,3.870,3.874,3.871,3.875,3.873,3.875,3.876,3.824
2026-08-24 17:05:01,100.6,1.0,3.871,3.875,3.873,3.874,3.873,3.874,3.872,3.873,3.874,3.869,3.874,3.875,3.907,3.874,3.870,3.876,3.878,3.872,3.870,3.874,3.871,3.875,3.873,3.875,3.876,3.824
2026-08-24 17:05:01,100.6,1.0,3.871,3.875,3.873,3.874,3.873,3.874,3.872,3.873,3.874,3.869,3.874,3.875,3.907,3.874,3.870,3.876,3.878,3.872,3.870,3.874,3.871,3.875,3.873,3.875,3.876,3.824
2026-08-24 17:05:01,100.6,1.0,3.871,3.875,3.873,3.874,3.873,3.874,3.872,3.873,3.874,3.869,3.874,3.875,3.907,3.874,3.870,3.876,3.878,3.872,3.870,3.874,3.871,3.875,3.873,3.875,3.876,3.824
2026-08-24 17:05:01,100.6,1.0,3.871,3.875,3.873,3.874,3.873,3.874,3.872,3.873,3.874,3.869,3.874,3.875,3.907,3.874,3.870,3.876,3.878,3.872,3.870,3.874,3.871,3.875,3.873,3.875,3.876,3.824
2026-08-24 17:05:01,100.6,1.0,3.871,3.875,3.873,3.874,3.873,3.874,3.872,3.873,3.874,3.869,3.874,3.875,3.907,3.874,3.870,3.876,3.878,3.872,3.870,3.874,3.871,3.875,3.873,3.875,3.876,3.824
2026-08-24 17:05:01,100.6,1.0,3.871,3.875,3.873,3.874,3.873,3.874,3.872,3.873,3.874,3.869,3.874,3.875,3.907,3.874,3.870,3.876,3.878,3.872,3.870,3.874,3.871,3.875,3.873,3.875,3.876,3.824
2026-08-24 17:05:01,100.6,1.0,3.871,3.875,3.873,3.874,3.873,3.874,3.872,3.873,3.874,3.869,3.874,3.875,3.907,3.874,3.870,3.876,3.878,3.872,3.870,3.874,3.871,3.875,3.873,3.875,3.876,3.824
2026-08-24 17:05:01,100.6,1.0,3.871,3.874,3.874,3.874,3.873,3.874,3.872,3.873,3.874,3.869,3.874,3.875,3.907,3.874,3.870,3.876,3.877,3.872,3.870,3.874,3.871,3.875,3.873,3.875,3.876,3.824
2026-08-24 17:05:01,100.6,1.0,3.871,3.874,3.874,3.874,3.873,3.874,3.872,3.874,3.874,3.869,3.874,3.875,3.907,3.874,3.870,3.876,3.877,3.872,3.870,3.874,3.871,3.875,3.873,3.875,3.876,3.824
2026-08-24 17:05:01,100.6,0.9,3.871,3.874,3.874,3.874,3.873,3.874,3.872,3.874,3.874,3.869,3.874,3.875,3.907,3.874,3.870,3.876,3.877,3.872,3.871,3.873,3.872,3.874,3.874,3.876,3.876,3.824
2026-08-24 17:05:01,100.6,0.9,3.871,3.874,3.874,3.874,3.873,3.874,3.872,3.874,3.874,3.869,3.874,3.875,3.907,3.874,3.870,3.876,3.877,3.872,3.871,3.873,3.872,3.874,3.874,3.876,3.876,3.824
2026-08-24 17:05:01,100.6,0.9,3.871,3.874,3.874,3.874,3.873,3.874,3.872,3.874,3.874,3.869,3.874,3.875,3.907,3.874,3.870,3.876,3.877,3.872,3.871,3.873,3.872,3.874,3.874,3.876,3.876,3.824
2026-08-24 17:05:01,100.6,0.9,3.871,3.874,3.874,3.874,3.873,3.874,3.872,3.874,3.874,3.869,3.874,3.875,3.907,3.874,3.870,3.876,3.877,3.872,3.871,3.873,3.872,3.874,3.874,3.876,3.876,3.824
2026-08-24 17:05:01,100.6,0.9,3.871,3.874,3.874,3.874,3.873,3.874,3.872,3.874,3.874,3.869,3.874,3.875,3.907,3.874,3.870,3.876,3.877,3.872,3.871,3.873,3.872,3.874,3.874,3.876,3.876,3.824
2026-08-24 17:05:01,100.6,0.9,3.871,3.874,3.874,3.874,3.873,3.874,3.872,3.874,3.874,3.869,3.874,3.875,3.907,3.874,3.870,3.876,3.877,3.872,3.871,3.873,3.872,3.874,3.874,3.876,3.876,3.824
2026-08-24 17:05:01,100.6,0.9,3.871,3.874,3.874,3.874,3.873,3.874,3.872,3.874,3.874,3.869,3.874,3.875,3.907,3.874,3.870,3.876,3.877,3.872,3.871,3.873,3.872,3.874,3.874,3.876,3.876,3.824
2026-08-24 17:05:01,100.6,0.9,3.871,3.874,3.874,3.874,3.873,3.874,3.872,3.874,3.874,3.869,3.874,3.875,3.907,3.874,3.870,3.876,3.877,3.872,3.871,3.873,3.872,3.874,3.874,3.876,3.876,3.824
2026-08-24 17:05:01,100.6,0.9,3.871,3.875,3.873,3.874,3.874,3.874,3.872,3.874,3.874,3.869,3.874,3.875,3.907,3.874,3.870,3.876,3.878,3.873,3.870,3.874,3.871,3.874,3.874,3.876,3.876,3.824
2026-08-24 17:05:02,100.6,0.9,3.871,3.875,3.873,3.874,3.874,3.874,3.872,3.874,3.874,3.869,3.874,3.875,3.907,3.874,3.870,3.876,3.878,3.873,3.870,3.874,3.871,3.874,3.874,3.876,3.876,3.824
2026-08-24 17:05:02,100.6,0.9,3.871,3.875,3.873,3.874,3.874,3.874,3.872,3.874,3.874,3.869,3.874,3.875,3.907,3.874,3.870,3.876,3.878,3.873,3.870,3.874,3.871,3.874,3.874,3.876,3.876,3.824
2026-08-24 17:05:02,100.6,0.9,3.871,3.875,3.873,3.874,3.874,3.874,3.872,3.874,3.874,3.869,3.874,3.875,3.907,3.874,3.870,3.876,3.878,3.873,3.870,3.874,3.871,3.874,3.874,3.876,3.876,3.824
2026-08-24 17:05:02,100.6,0.9,3.871,3.875,3.873,3.874,3.874,3.874,3.872,3.874,3.874,3.869,3.874,3.875,3.907,3.874,3.870,3.876,3.878,3.873,3.870,3.874,3.871,3.874,3.874,3.876,3.876,3.824
2026-08-24 17:05:02,100.6,0.9,3.871,3.875,3.873,3.874,3.874,3.874,3.872,3.874,3.874,3.869,3.874,3.875,3.907,3.874,3.870,3.876,3.878,3.873,3.870,3.874,3.871,3.874,3.874,3.876,3.876,3.824
2026-08-24 17:05:02,100.6,0.9,3.871,3.875,3.873,3.874,3.874,3.874,3.872,3.874,3.874,3.869,3.874,3.875,3.907,3.874,3.870,3.876,3.878,3.873,3.870,3.874,3.871,3.874,3.874,3.876,3.876,3.824
2026-08-24 17:05:02,100.6,0.9,3.871,3.875,3.873,3.874,3.874,3.874,3.872,3.874,3.874,3.869,3.874,3.875,3.907,3.874,3.870,3.876,3.878,3.873,3.870,3.874,3.871,3.874,3.874,3.876,3.876,3.824
2026-08-24 17:05:02,100.6,0.9,3.871,3.875,3.873,3.874,3.874,3.874,3.872,3.874,3.874,3.869,3.874,3.875,3.907,3.874,3.870,3.876,3.878,3.873,3.870,3.874,3.871,3.874,3.874,3.876,3.876,3.824
2026-08-24 17:05:02,100.6,0.7,3.872,3.875,3.873,3.874,3.874,3.874,3.872,3.874,3.874,3.869,3.875,3.876,3.907,3.875,3.870,3.876,3.878,3.873,3.870,3.874,3.871,3.874,3.874,3.876,3.876,3.824
2026-08-24 17:05:02,100.6,0.7,3.872,3.875,3.873,3.874,3.873,3.874,3.872,3.874,3.874,3.869,3.875,3.876,3.907,3.875,3.870,3.876,3.878,3.873,3.870,3.874,3.871,3.874,3.874,3.876,3.876,3.824
2026-08-24 17:05:02,100.6,0.7,3.872,3.875,3.873,3.874,3.873,3.874,3.872,3.874,3.874,3.869,3.875,3.876,3.907,3.875,3.870,3.876,3.878,3.873,3.870,3.874,3.871,3.874,3.874,3.876,3.876,3.824
2026-08-24 17:05:02,100.6,0.7,3.872,3.875,3.873,3.874,3.873,3.874,3.872,3.874,3.874,3.869,3.875,3.876,3.907,3.875,3.870,3.876,3.878,3.873,3.870,3.874,3.871,3.874,3.874,3.876,3.876,3.824
2026-08-24 17:05:02,100.6,0.7,3.872,3.875,3.873,3.874,3.873,3.874,3.872,3.874,3.874,3.869,3.875,3.876,3.907,3.875,3.870,3.876,3.878,3.872,3.870,3.874,3.871,3.874,3.874,3.876,3.876,3.824
2026-08-24 17:05:02,100.6,0.7,3.872,3.875,3.873,3.874,3.873,3.874,3.872,3.874,3.874,3.869,3.875,3.876,3.907,3.875,3.870,3.876,3.878,3.872,3.870,3.874,3.871,3.874,3.874,3.876,3.876,3.824
2026-08-24 17:05:02,100.6,0.7,3.872,3.875,3.873,3.874,3.873,3.874,3.872,3.874,3.874,3.869,3.875,3.876,3.907,3.875,3.870,3.876,3.878,3.872,3.870,3.874,3.871,3.874,3.874,3.876,3.876,3.824
2026-08-24 17:05:02,100.6,0.7,3.872,3.875,3.873,3.874,3.873,3.874,3.872,3.874,3.874,3.869,3.875,3.876,3.907,3.875,3.870,3.876,3.878,3.872,3.870,3.874,3.871,3.874,3.874,3.876,3.876,3.824
2026-08-24 17:05:02,100.6,0.7,3.872,3.875,3.873,3.874,3.873,3.874,3.872,3.874,3.874,3.869,3.875,3.876,3.907,3.875,3.870,3.876,3.878,3.873,3.872,3.874,3.872,3.876,3.874,3.876,3.876,3.824
2026-08-24 17:05:02,100.6,0.6,3.872,3.876,3.874,3.874,3.873,3.874,3.872,3.874,3.874,3.869,3.875,3.876,3.907,3.875,3.870,3.876,3.878,3.873,3.872,3.874,3.872,3.876,3.874,3.876,3.876,3.824
2026-08-24 17:05:02,100.6,0.6,3.872,3.876,3.874,3.874,3.874,3.874,3.872,3.874,3.874,3.869,3.875,3.876,3.907,3.875,3.870,3.876,3.878,3.873,3.872,3.874,3.872,3.876,3.874,3.876,3.876,3.824
2026-08-24 17:05:02,100.6,0.6,3.872,3.876,3.874,3.874,3.874,3.874,3.872,3.874,3.874,3.869,3.875,3.876,3.907,3.875,3.870,3.876,3.878,3.873,3.872,3.874,3.872,3.876,3.874,3.876,3.876,3.824
2026-08-24 17:05:02,100.6,0.6,3.872,3.876,3.874,3.874,3.874,3.874,3.872,3.874,3.874,3.869,3.875,3.876,3.907,3.875,3.870,3.876,3.878,3.873,3.872,3.874,3.872,3.876,3.874,3.876,3.876,3.824
2026-08-24 17:05:02,100.6,0.6,3.872,3.876,3.874,3.874,3.874,3.874,3.872,3.874,3.874,3.869,3.874,3.876,3.907,3.875,3.870,3.876,3.878,3.873,3.872,3.874,3.872,3.876,3.874,3.876,3.876,3.824
2026-08-24 17:05:02,100.6,0.6,3.872,3.876,3.874,3.874,3.874,3.874,3.872,3.874,3.874,3.869,3.874,3.876,3.907,3.875,3.870,3.876,3.878,3.873,3.872,3.874,3.872,3.876,3.874,3.876,3.876,3.824
2026-08-24 17:05:02,100.6,0.6,3.872,3.876,3.874,3.874,3.874,3.874,3.872,3.874,3.874,3.869,3.874,3.876,3.907,3.875,3.870,3.876,3.878,3.873,3.872,3.874,3.872,3.876,3.874,3.876,3.876,3.824
2026-08-24 17:05:02,100.6,0.6,3.872,3.876,3.874,3.874,3.874,3.874,3.872,3.874,3.874,3.869,3.874,3.876,3.907,3.875,3.870,3.876,3.878,3.873,3.872,3.874,3.872,3.876,3.874,3.876,3.876,3.824
2026-08-24 17:05:02,100.7,0.6,3.872,3.875,3.874,3.874,3.874,3.874,3.872,3.874,3.874,3.869,3.874,3.876,3.907,3.875,3.870,3.876,3.878,3.874,3.872,3.874,3.872,3.875,3.874,3.876,3.876,3.824
2026-08-24 17:05:02,100.7,0.6,3.872,3.875,3.874,3.874,3.874,3.874,3.872,3.874,3.874,3.869,3.874,3.876,3.907,3.875,3.870,3.876,3.878,3.874,3.872,3.874,3.872,3.875,3.874,3.876,3.876,3.824
2026-08-24 17:05:02,100.7,0.6,3.872,3.875,3.874,3.874,3.874,3.874,3.872,3.874,3.874,3.869,3.874,3.876,3.907,3.875,3.870,3.876,3.878,3.874,3.872,3.874,3.872,3.875,3.874,3.876,3.876,3.824
2026-08-24 17:05:02,100.7,0.6,3.872,3.875,3.874,3.874,3.874,3.874,3.872,3.874,3.874,3.869,3.874,3.876,3.907,3.875,3.870,3.876,3.878,3.874,3.872,3.874,3.872,3.875,3.874,3.876,3.876,3.824
2026-08-24 17:05:02,100.7,0.6,3.872,3.875,3.874,3.874,3.874,3.874,3.872,3.874,3.874,3.869,3.875,3.876,3.907,3.874,3.870,3.876,3.878,3.874,3.871,3.874,3.872,3.875,3.874,3.876,3.876,3.825
2026-08-24 17:05:02,100.7,0.6,3.872,3.875,3.874,3.874,3.874,3.874,3.872,3.874,3.874,3.869,3.875,3.876,3.907,3.874,3.870,3.876,3.878,3.874,3.871,3.874,3.872,3.875,3.874,3.876,3.876,3.825
2026-08-24 17:05:02,100.7,0.6,3.872,3.875,3.874,3.874,3.874,3.874,3.872,3.874,3.874,3.869,3.875,3.876,3.907,3.874,3.870,3.876,3.878,3.874,3.871,3.874,3.872,3.875,3.874,3.876,3.876,3.825
2026-08-24 17:05:03,100.7,0.6,3.872,3.875,3.874,3.874,3.874,3.874,3.872,3.874,3.874,3.869,3.875,3.876,3.907,3.874,3.870,3.876,3.878,3.874,3.871,3.874,3.872,3.875,3.874,3.876,3.876,3.825
2026-08-24 17:05:03,100.7,0.6,3.871,3.875,3.874,3.874,3.874,3.874,3.872,3.874,3.874,3.869,3.875,3.876,3.907,3.874,3.870,3.876,3.878,3.874,3.871,3.874,3.872,3.875,3.874,3.876,3.876,3.825
2026-08-24 17:05:03,100.7,0.6,3.871,3.875,3.874,3.874,3.874,3.874,3.872,3.874,3.874,3.869,3.875,3.876,3.907,3.874,3.870,3.876,3.878,3.874,3.871,3.874,3.872,3.875,3.874,3.876,3.876,3.825
2026-08-24 17:05:03,100.7,0.6,3.871,3.875,3.874,3.874,3.874,3.874,3.872,3.874,3.874,3.869,3.875,3.876,3.907,3.874,3.870,3.876,3.878,3.874,3.871,3.874,3.872,3.875,3.874,3.876,3.876,3.825
2026-08-24 17:05:03,100.7,0.6,3.871,3.875,3.874,3.874,3.874,3.874,3.872,3.874,3.874,3.869,3.875,3.876,3.907,3.874,3.870,3.876,3.878,3.874,3.871,3.874,3.872,3.875,3.874,3.876,3.876,3.825
2026-08-24 17:05:03,100.7,0.6,3.871,3.875,3.874,3.874,3.874,3.874,3.872,3.874,3.874,3.869,3.875,3.876,3.907,3.875,3.870,3.876,3.878,3.873,3.871,3.874,3.872,3.876,3.874,3.876,3.876,3.825
2026-08-24 17:05:03,100.7,0.6,3.871,3.875,3.874,3.874,3.874,3.874,3.872,3.874,3.874,3.869,3.875,3.876,3.907,3.875,3.870,3.876,3.878,3.873,3.871,3.874,3.872,3.876,3.874,3.876,3.876,3.825
2026-08-24 17:05:03,100.7,0.6,3.871,3.875,3.874,3.874,3.874,3.874,3.872,3.874,3.874,3.869,3.875,3.876,3.907,3.875,3.870,3.876,3.878,3.873,3.871,3.874,3.872,3.876,3.874,3.876,3.876,3.825
2026-08-24 17:05:03,100.7,0.6,3.871,3.875,3.874,3.874,3.874,3.874,3.872,3.874,3.874,3.869,3.875,3.876,3.907,3.875,3.870,3.876,3.878,3.873,3.871,3.874,3.872,3.876,3.874,3.876,3.876,3.825
2026-08-24 17:05:03,100.7,0.6,3.872,3.875,3.874,3.874,3.874,3.874,3.872,3.874,3.874,3.869,3.875,3.876,3.907,3.875,3.870,3.876,3.878,3.873,3.871,3.874,3.872,3.876,3.874,3.876,3.876,3.825
2026-08-24 17:05:03,100.7,0.6,3.872,3.875,3.874,3.874,3.874,3.874,3.872,3.874,3.874,3.869,3.875,3.876,3.907,3.875,3.870,3.876,3.878,3.873,3.871,3.874,3.872,3.876,3.874,3.876,3.876,3.825
2026-08-24 17:05:03,100.7,0.6,3.872,3.875,3.874,3.874,3.874,3.874,3.872,3.874,3.874,3.870,3.875,3.876,3.907,3.875,3.870,3.876,3.878,3.873,3.871,3.874,3.872,3.876,3.874,3.876,3.876,3.825
2026-08-24 17:05:03,100.7,0.6,3.872,3.875,3.874,3.874,3.874,3.874,3.872,3.874,3.874,3.870,3.875,3.876,3.907,3.875,3.870,3.876,3.878,3.873,3.871,3.874,3.872,3.876,3.874,3.876,3.876,3.825
2026-08-24 17:05:03,100.7,0.6,3.872,3.875,3.874,3.874,3.874,3.874,3.872,3.874,3.874,3.870,3.874,3.876,3.907,3.874,3.870,3.876,3.878,3.873,3.871,3.874,3.872,3.876,3.874,3.876,3.876,3.825
2026-08-24 17:05:03,100.7,0.6,3.872,3.875,3.874,3.874,3.874,3.874,3.872,3.874,3.874,3.870,3.874,3.876,3.907,3.874,3.870,3.876,3.878,3.873,3.871,3.874,3.872,3.876,3.874,3.876,3.876,3.825
2026-08-24 17:05:03,100.7,0.6,3.872,3.875,3.874,3.874,3.874,3.874,3.872,3.874,3.874,3.870,3.874,3.876,3.907,3.874,3.870,3.876,3.878,3.873,3.871,3.874,3.872,3.876,3.874,3.876,3.876,3.825
2026-08-24 17:05:03,100.7,0.6,3.872,3.875,3.874,3.874,3.874,3.874,3.872,3.874,3.874,3.870,3.874,3.876,3.907,3.874,3.870,3.876,3.878,3.873,3.871,3.874,3.872,3.876,3.874,3.876,3.876,3.825
2026-08-24 17:05:03,100.7,0.6,3.872,3.875,3.874,3.874,3.874,3.874,3.872,3.874,3.874,3.870,3.874,3.876,3.907,3.874,3.870,3.876,3.878,3.873,3.871,3.874,3.872,3.876,3.874,3.876,3.876,3.825
2026-08-24 17:05:03,100.7,0.6,3.872,3.875,3.874,3.874,3.874,3.874,3.872,3.874,3.874,3.870,3.874,3.876,3.907,3.874,3.870,3.876,3.878,3.873,3.871,3.874,3.872,3.876,3.874,3.876,3.876,3.825
2026-08-24 17:05:03,100.7,0.6,3.872,3.875,3.874,3.874,3.874,3.874,3.872,3.874,3.874,3.870,3.874,3.876,3.907,3.874,3.870,3.876,3.878,3.873,3.871,3.874,3.872,3.876,3.874,3.876,3.876,3.825
2026-08-24 17:05:03,100.7,0.6,3.872,3.875,3.874,3.874,3.874,3.874,3.872,3.874,3.874,3.870,3.874,3.876,3.907,3.874,3.870,3.876,3.878,3.873,3.871,3.874,3.872,3.876,3.874,3.876,3.876,3.825
2026-08-24 17:05:03,100.7,0.6,3.872,3.875,3.874,3.874,3.874,3.874,3.872,3.874,3.874,3.870,3.875,3.876,3.907,3.875,3.870,3.876,3.878,3.874,3.871,3.874,3.872,3.876,3.874,3.876,3.876,3.825
2026-08-24 17:05:03,100.7,0.6,3.872,3.875,3.874,3.874,3.874,3.874,3.872,3.874,3.874,3.870,3.875,3.876,3.907,3.875,3.870,3.876,3.878,3.874,3.871,3.874,3.872,3.876,3.874,3.876,3.876,3.825
2026-08-24 17:05:03,100.7,0.6,3.872,3.875,3.874,3.874,3.874,3.874,3.872,3.874,3.874,3.870,3.875,3.876,3.907,3.875,3.870,3.876,3.878,3.874,3.871,3.874,3.872,3.876,3.874,3.876,3.876,3.825
2026-08-24 17:05:03,100.7,0.6,3.872,3.875,3.874,3.874,3.874,3.874,3.872,3.874,3.874,3.870,3.875,3.876,3.907,3.875,3.870,3.876,3.878,3.874,3.871,3.874,3.872,3.876,3.874,3.876,3.876,3.825
2026-08-24 17:05:03,100.7,0.6,3.872,3.875,3.874,3.874,3.874,3.874,3.872,3.874,3.874,3.870,3.875,3.876,3.907,3.875,3.870,3.876,3.878,3.874,3.871,3.874,3.872,3.876,3.874,3.876,3.876,3.825
2026-08-24 17:05:03,100.7,0.6,3.872,3.875,3.874,3.874,3.874,3.874,3.872,3.874,3.874,3.870,3.875,3.876,3.907,3.875,3.870,3.876,3.878,3.874,3.871,3.874,3.872,3.876,3.874,3.876,3.876,3.825
2026-08-24 17:05:03,100.7,0.6,3.872,3.875,3.874,3.874,3.874,3.874,3.872,3.874,3.874,3.870,3.875,3.876,3.907,3.875,3.870,3.876,3.878,3.874,3.871,3.874,3.872,3.876,3.874,3.876,3.876,3.825
2026-08-24 17:05:03,100.7,0.6,3.872,3.875,3.874,3.874,3.874,3.874,3.872,3.874,3.874,3.870,3.875,3.876,3.907,3.875,3.870,3.876,3.878,3.874,3.871,3.874,3.872,3.876,3.874,3.876,3.876,3.825
2026-08-24 17:05:03,100.7,0.6,3.872,3.875,3.874,3.874,3.874,3.874,3.872,3.874,3.874,3.870,3.875,3.876,3.907,3.875,3.870,3.876,3.878,3.874,3.871,3.874,3.872,3.876,3.874,3.876,3.876,3.825
2026-08-24 17:05:03,100.7,0.6,3.872,3.875,3.874,3.874,3.874,3.874,3.872,3.874,3.874,3.870,3.875,3.876,3.907,3.875,3.870,3.876,3.878,3.874,3.871,3.874,3.872,3.876,3.874,3.876,3.876,3.825
2026-08-24 17:05:03,100.7,0.5,3.872,3.876,3.874,3.874,3.874,3.874,3.872,3.874,3.874,3.870,3.875,3.876,3.907,3.875,3.871,3.876,3.878,3.873,3.872,3.874,3.872,3.876,3.874,3.876,3.876,3.825
2026-08-24 17:05:04,100.7,0.5,3.872,3.876,3.874,3.874,3.874,3.874,3.872,3.874,3.874,3.870,3.875,3.876,3.907,3.875,3.871,3.876,3.878,3.873,3.872,3.874,3.872,3.876,3.874,3.876,3.876,3.825
2026-08-24 17:05:04,100.7,0.5,3.872,3.876,3.874,3.874,3.874,3.874,3.872,3.874,3.874,3.870,3.875,3.876,3.907,3.875,3.871,3.876,3.878,3.873,3.872,3.874,3.872,3.876,3.874,3.876,3.876,3.825
2026-08-24 17:05:04,100.7,0.5,3.872,3.876,3.874,3.874,3.874,3.874,3.872,3.874,3.874,3.870,3.875,3.876,3.907,3.875,3.871,3.876,3.878,3.873,3.872,3.874,3.872,3.876,3.874,3.876,3.876,3.825
2026-08-24 17:11:57,100.8,1.0,3.875,3.880,3.878,3.878,3.878,3.880,3.876,3.878,3.880,3.874,3.880,3.880,3.913,3.879,3.874,3.882,3.883,3.878,3.876,3.878,3.876,3.880,3.878,3.881,3.882,3.828
2026-08-24 17:11:57,100.8,1.0,3.875,3.880,3.878,3.878,3.877,3.878,3.875,3.877,3.880,3.874,3.880,3.880,3.913,3.879,3.874,3.882,3.883,3.878,3.876,3.878,3.876,3.880,3.878,3.881,3.882,3.828
2026-08-24 17:11:57,100.8,1.0,3.875,3.880,3.878,3.878,3.877,3.878,3.875,3.877,3.879,3.874,3.880,3.880,3.913,3.879,3.874,3.882,3.883,3.878,3.876,3.878,3.876,3.880,3.878,3.881,3.882,3.828
2026-08-24 17:11:57,100.8,1.0,3.875,3.880,3.878,3.878,3.877,3.878,3.875,3.877,3.879,3.874,3.880,3.880,3.913,3.879,3.874,3.882,3.883,3.878,3.876,3.878,3.876,3.880,3.878,3.881,3.882,3.828
2026-08-24 17:11:57,100.8,1.0,3.875,3.880,3.878,3.878,3.877,3.878,3.875,3.877,3.879,3.874,3.879,3.879,3.912,3.878,3.874,3.882,3.882,3.877,3.876,3.878,3.876,3.880,3.878,3.881,3.882,3.828
2026-08-24 17:11:57,100.8,1.0,3.875,3.880,3.878,3.878,3.877,3.878,3.875,3.877,3.879,3.874,3.879,3.879,3.912,3.878,3.874,3.882,3.882,3.877,3.876,3.878,3.876,3.880,3.878,3.881,3.882,3.828
2026-08-24 17:11:57,100.8,1.0,3.875,3.880,3.878,3.878,3.877,3.878,3.875,3.877,3.879,3.874,3.879,3.879,3.912,3.878,3.874,3.882,3.882,3.877,3.876,3.878,3.876,3.880,3.878,3.881,3.882,3.828
2026-08-24 17:11:57,100.8,1.0,3.875,3.880,3.878,3.878,3.877,3.878,3.875,3.877,3.879,3.874,3.879,3.879,3.912,3.878,3.874,3.882,3.882,3.877,3.876,3.878,3.876,3.880,3.878,3.881,3.882,3.828
2026-08-24 17:11:57,100.8,1.0,3.875,3.880,3.878,3.878,3.877,3.878,3.875,3.877,3.879,3.874,3.879,3.879,3.912,3.878,3.874,3.882,3.882,3.877,3.876,3.878,3.876,3.880,3.878,3.881,3.882,3.828
2026-08-24 17:11:57,100.8,7.0,3.875,3.880,3.878,3.878,3.877,3.878,3.875,3.877,3.879,3.874,3.879,3.879,3.912,3.878,3.874,3.882,3.882,3.877,3.876,3.878,3.876,3.880,3.878,3.881,3.882,3.828
2026-08-24 17:11:58,100.8,7.0,3.875,3.880,3.878,3.878,3.877,3.878,3.875,3.877,3.879,3.874,3.879,3.879,3.912,3.878,3.874,3.882,3.882,3.877,3.876,3.878,3.876,3.880,3.878,3.881,3.882,3.828
2026-08-24 17:11:58,100.8,7.0,3.875,3.880,3.878,3.878,3.877,3.878,3.875,3.877,3.879,3.874,3.879,3.879,3.912,3.878,3.874,3.882,3.882,3.877,3.876,3.878,3.876,3.880,3.878,3.881,3.882,3.828
2026-08-24 17:11:58,100.8,7.0,3.868,3.875,3.872,3.873,3.877,3.878,3.875,3.877,3.879,3.874,3.875,3.873,3.906,3.873,3.872,3.878,3.879,3.874,3.873,3.875,3.873,3.876,3.878,3.881,3.882,3.828
2026-08-24 17:11:58,100.8,7.0,3.868,3.875,3.872,3.873,3.873,3.873,3.871,3.872,3.879,3.874,3.875,3.873,3.906,3.873,3.872,3.878,3.879,3.874,3.873,3.875,3.873,3.876,3.878,3.881,3.882,3.828
2026-08-24 17:11:58,100.8,7.0,3.868,3.875,3.872,3.873,3.873,3.873,3.871,3.872,3.873,3.869,3.875,3.873,3.906,3.873,3.872,3.878,3.879,3.874,3.873,3.875,3.873,3.876,3.878,3.881,3.882,3.828
2026-08-24 17:11:58,100.8,7.0,3.868,3.875,3.872,3.873,3.873,3.873,3.871,3.872,3.873,3.869,3.875,3.873,3.906,3.873,3.872,3.878,3.879,3.874,3.873,3.875,3.873,3.876,3.878,3.881,3.882,3.828
2026-08-24 17:11:58,100.8,7.0,3.868,3.875,3.872,3.873,3.873,3.873,3.871,3.872,3.873,3.869,3.875,3.873,3.906,3.873,3.872,3.878,3.879,3.874,3.873,3.875,3.873,3.876,3.874,3.876,3.879,3.821
2026-08-24 17:11:58,100.8,7.0,3.868,3.875,3.872,3.873,3.873,3.873,3.871,3.872,3.873,3.869,3.875,3.873,3.906,3.873,3.872,3.878,3.879,3.874,3.873,3.875,3.873,3.876,3.874,3.876,3.879,3.821
2026-08-24 17:11:58,100.8,7.0,3.868,3.875,3.872,3.873,3.873,3.873,3.871,3.872,3.873,3.869,3.875,3.873,3.906,3.873,3.872,3.878,3.879,3.874,3.873,3.875,3.873,3.876,3.874,3.876,3.879,3.821
2026-08-24 17:11:58,100.8,7.0,3.868,3.875,3.872,3.873,3.873,3.873,3.871,3.872,3.873,3.869,3.875,3.873,3.906,3.873,3.872,3.878,3.879,3.874,3.873,3.875,3.873,3.876,3.874,3.876,3.879,3.821
2026-08-24 17:11:58,100.8,7.0,3.868,3.875,3.872,3.873,3.873,3.873,3.871,3.872,3.873,3.869,3.875,3.873,3.906,3.873,3.867,3.874,3.876,3.870,3.873,3.875,3.873,3.876,3.874,3.876,3.879,3.821
2026-08-24 17:11:58,100.8,7.0,3.868,3.875,3.872,3.873,3.873,3.873,3.871,3.872,3.873,3.869,3.875,3.873,3.906,3.873,3.867,3.874,3.876,3.870,3.873,3.875,3.873,3.876,3.874,3.876,3.879,3.821
2026-08-24 17:11:58,100.8,7.0,3.868,3.875,3.872,3.873,3.873,3.873,3.871,3.872,3.873,3.869,3.875,3.873,3.906,3.873,3.867,3.874,3.876,3.870,3.873,3.875,3.873,3.876,3.874,3.876,3.879,3.821
2026-08-24 17:11:58,100.8,7.0,3.868,3.875,3.872,3.873,3.873,3.873,3.871,3.872,3.873,3.869,3.875,3.873,3.906,3.873,3.867,3.874,3.876,3.870,3.873,3.875,3.873,3.876,3.874,3.876,3.879,3.821
2026-08-24 17:11:58,100.8,7.0,3.868,3.875,3.872,3.873,3.873,3.873,3.871,3.872,3.873,3.869,3.874,3.874,3.906,3.873,3.867,3.874,3.876,3.870,3.873,3.875,3.873,3.876,3.874,3.876,3.879,3.821
2026-08-24 17:11:58,100.8,7.0,3.868,3.875,3.872,3.873,3.872,3.873,3.871,3.872,3.873,3.869,3.874,3.874,3.906,3.873,3.867,3.874,3.876,3.870,3.873,3.875,3.873,3.876,3.874,3.876,3.879,3.821
2026-08-24 17:11:58,100.8,7.0,3.868,3.875,3.872,3.873,3.872,3.873,3.871,3.872,3.873,3.869,3.874,3.874,3.906,3.873,3.867,3.874,3.876,3.870,3.873,3.875,3.873,3.876,3.874,3.876,3.879,3.821
2026-08-24 17:11:58,100.8,7.0,3.868,3.875,3.872,3.873,3.872,3.873,3.871,3.872,3.873,3.869,3.874,3.874,3.906,3.873,3.867,3.874,3.876,3.870,3.873,3.875,3.873,3.876,3.874,3.876,3.879,3.821
2026-08-24 17:11:58,100.8,7.0,3.868,3.875,3.872,3.873,3.872,3.873,3.871,3.872,3.873,3.869,3.874,3.874,3.906,3.873,3.872,3.879,3.881,3.875,3.874,3.876,3.874,3.878,3.876,3.878,3.880,3.825
2026-08-24 17:11:58,100.8,7.0,3.868,3.875,3.872,3.873,3.872,3.873,3.871,3.872,3.873,3.869,3.874,3.874,3.906,3.873,3.872,3.879,3.881,3.875,3.874,3.876,3.874,3.878,3.876,3.878,3.880,3.825
2026-08-24 17:11:58,100.8,7.0,3.868,3.875,3.872,3.873,3.872,3.873,3.871,3.872,3.873,3.869,3.874,3.874,3.906,3.873,3.872,3.879,3.881,3.875,3.874,3.876,3.874,3.878,3.876,3.878,3.880,3.825
2026-08-24 17:11:58,100.8,7.0,3.868,3.875,3.872,3.873,3.872,3.873,3.871,3.872,3.873,3.869,3.874,3.874,3.906,3.873,3.872,3.879,3.881,3.875,3.874,3.876,3.874,3.878,3.876,3.878,3.880,3.825
2026-08-24 17:11:58,100.7,1.0,3.868,3.875,3.872,3.873,3.872,3.873,3.871,3.872,3.873,3.869,3.874,3.874,3.906,3.873,3.872,3.879,3.881,3.875,3.874,3.876,3.874,3.878,3.876,3.878,3.880,3.825
2026-08-24 17:11:58,100.7,1.0,3.875,3.880,3.878,3.879,3.872,3.873,3.871,3.872,3.873,3.869,3.874,3.874,3.906,3.873,3.872,3.879,3.881,3.875,3.874,3.876,3.874,3.878,3.876,3.878,3.880,3.825
